Order_ID,Date,Month,Quarter,Product_Name,Category,Brand,Unit_Price,Discount_Percent,Selling_Price,Quantity,Revenue,Cost,Profit,Profit_Margin_Pct,City,Region,Sales_Channel,Payment_Method,Return_Flag,Customer_Segment,Festival_Season
ORD-10000,2024-11-23,November,Q4,Laptops,Computing,Dell,95400.0,5,90630.0,5,453150.0,283644.3,169505.7,37.41,Delhi,North,Retail Store,EMI,No,Student,True
ORD-10001,2024-01-17,January,Q1,Smartphones,Mobile,Samsung,23700.0,20,18960.0,1,18960.0,15888.57,3071.43,16.2,Jaipur,North,Online,Debit Card,No,Small Business,False
ORD-10002,2024-08-17,August,Q3,Gaming Consoles,Gaming,Microsoft,48300.0,0,48300.0,3,144900.0,101685.24,43214.76,29.82,Bangalore,South,Retail Store,Credit Card,No,Enterprise,False
ORD-10003,2024-02-22,February,Q1,Laptops,Computing,Asus,34200.0,30,23940.0,3,71820.0,63487.979999999996,8332.02,11.6,Hyderabad,South,Distributor,Debit Card,No,Student,False
ORD-10004,2024-02-10,February,Q1,Routers,Networking,Asus,12600.0,20,10080.0,1,10080.0,9161.34,918.66,9.11,Pune,West,Retail Store,Debit Card,No,Small Business,False
ORD-10005,2024-05-28,May,Q2,Laptops,Computing,HP,107300.0,15,91205.0,1,91205.0,64980.31,26224.69,28.75,Pune,West,Online,Credit Card,No,Individual,False
ORD-10006,2024-11-07,November,Q4,Tablets,Mobile,Apple,18200.0,15,15470.0,1,15470.0,10992.61,4477.39,28.94,Jaipur,North,Online,Credit Card,No,Individual,True
ORD-10007,2024-04-27,April,Q2,Smartphones,Mobile,OnePlus,36900.0,0,36900.0,1,36900.0,21852.05,15047.95,40.78,Lucknow,North,Distributor,Credit Card,No,Student,False
ORD-10008,2024-11-25,November,Q4,Air Purifiers,Home Tech,Philips,14300.0,5,13585.0,2,27170.0,19991.34,7178.66,26.42,Jaipur,North,Online,Debit Card,No,Student,True
ORD-10009,2024-07-04,July,Q3,Smart TVs,Entertainment,LG,109300.0,0,109300.0,2,218600.0,153272.8,65327.2,29.88,Delhi,North,Online,UPI,No,Individual,False
ORD-10010,2024-07-16,July,Q3,Cameras,Imaging,Fujifilm,83100.0,20,66480.0,1,66480.0,60011.16,6468.84,9.73,Mumbai,West,Retail Store,UPI,No,Enterprise,False
ORD-10011,2024-11-24,November,Q4,Smartwatches,Wearables,Apple,14300.0,5,13585.0,1,13585.0,9162.65,4422.35,32.55,Hyderabad,South,Corporate,EMI,No,Individual,True
ORD-10012,2024-11-16,November,Q4,Headphones,Audio,Apple,15400.0,5,14630.0,5,73150.0,48108.25,25041.75,34.23,Bangalore,South,Retail Store,EMI,No,Individual,True
ORD-10013,2024-11-02,November,Q4,Smartwatches,Wearables,Noise,2300.0,10,2070.0,2,4140.0,3338.42,801.58,19.36,Hyderabad,South,Online,UPI,No,Individual,True
ORD-10014,2024-02-13,February,Q1,Air Purifiers,Home Tech,Dyson,39200.0,20,31360.0,1,31360.0,27564.14,3795.86,12.1,Bangalore,South,Retail Store,Cash,No,Student,False
ORD-10015,2024-04-18,April,Q2,Routers,Networking,Netgear,11000.0,15,9350.0,3,28050.0,24717.989999999998,3332.01,11.88,Pune,West,Retail Store,Credit Card,No,Small Business,False
ORD-10016,2024-02-02,February,Q1,Smartwatches,Wearables,Apple,27100.0,5,25745.0,2,51490.0,36188.7,15301.3,29.72,Mumbai,West,Online,Debit Card,No,Individual,False
ORD-10017,2024-06-18,June,Q2,Laptops,Computing,Apple,47600.0,25,35700.0,5,178500.0,154005.75,24494.25,13.72,Jaipur,North,Online,Cash,No,Student,False
ORD-10018,2024-05-04,May,Q2,Air Purifiers,Home Tech,Sharp,11700.0,0,11700.0,1,11700.0,7977.02,3722.98,31.82,Pune,West,Retail Store,Credit Card,No,Individual,False
ORD-10019,2024-02-01,February,Q1,Cameras,Imaging,Sony,121700.0,0,121700.0,1,121700.0,72987.3,48712.7,40.03,Chennai,South,Retail Store,UPI,No,Student,False
ORD-10020,2024-05-07,May,Q2,Laptops,Computing,Asus,101800.0,30,71260.0,1,71260.0,67194.62,4065.38,5.7,Mumbai,West,Retail Store,Credit Card,No,Individual,False
ORD-10021,2024-05-01,May,Q2,Tablets,Mobile,Huawei,34300.0,5,32585.0,1,32585.0,24796.5,7788.5,23.9,Mumbai,West,Online,UPI,No,Student,False
ORD-10022,2024-05-26,May,Q2,Cameras,Imaging,Fujifilm,30000.0,10,27000.0,1,27000.0,17806.21,9193.79,34.05,Mumbai,West,Retail Store,Credit Card,No,Individual,False
ORD-10023,2024-01-26,January,Q1,Gaming Consoles,Gaming,Microsoft,37600.0,30,26320.0,3,78960.0,74022.20999999999,4937.79,6.25,Mumbai,West,Corporate,UPI,No,Individual,False
ORD-10024,2024-12-11,December,Q4,Smart TVs,Entertainment,OnePlus,37200.0,20,29760.0,5,148800.0,111459.2,37340.8,25.09,Lucknow,North,Online,UPI,No,Enterprise,True
ORD-10025,2024-05-13,May,Q2,Smart TVs,Entertainment,Samsung,59200.0,15,50320.0,1,50320.0,34109.6,16210.4,32.21,Hyderabad,South,Retail Store,Cash,Yes,Individual,False
ORD-10026,2024-08-22,August,Q3,Gaming Consoles,Gaming,Nintendo,54900.0,0,54900.0,3,164700.0,108294.69,56405.31,34.25,Jaipur,North,Online,Cash,No,Small Business,False
ORD-10027,2024-07-08,July,Q3,Headphones,Audio,Boat,11200.0,20,8960.0,1,8960.0,7735.93,1224.07,13.66,Lucknow,North,Corporate,EMI,No,Enterprise,False
ORD-10028,2024-12-05,December,Q4,Laptops,Computing,HP,50100.0,0,50100.0,5,250500.0,174970.09999999998,75529.9,30.15,Bangalore,South,Online,Debit Card,No,Small Business,True
ORD-10029,2024-12-17,December,Q4,Headphones,Audio,Apple,12500.0,30,8750.0,5,43750.0,35010.0,8740.0,19.98,Kolkata,East,Distributor,UPI,No,Small Business,True
ORD-10030,2024-11-22,November,Q4,Headphones,Audio,Boat,18700.0,20,14960.0,2,29920.0,25848.4,4071.6,13.61,Jaipur,North,Online,UPI,No,Small Business,True
ORD-10031,2024-10-06,October,Q4,Smartphones,Mobile,OnePlus,49900.0,5,47405.0,1,47405.0,31734.27,15670.73,33.06,Mumbai,West,Online,EMI,No,Individual,True
ORD-10032,2024-07-02,July,Q3,Smart TVs,Entertainment,LG,138400.0,10,124560.0,1,124560.0,97713.62,26846.38,21.55,Kolkata,East,Corporate,Debit Card,Yes,Small Business,False
ORD-10033,2024-03-24,March,Q1,Tablets,Mobile,Huawei,11200.0,25,8400.0,2,16800.0,16461.7,338.3,2.01,Kolkata,East,Distributor,EMI,No,Enterprise,False
ORD-10034,2024-03-22,March,Q1,Laptops,Computing,Asus,107900.0,30,75530.0,2,151060.0,139004.98,12055.02,7.98,Chennai,South,Distributor,Credit Card,No,Small Business,False
ORD-10035,2024-04-24,April,Q2,Smartphones,Mobile,Apple,36700.0,10,33030.0,2,66060.0,53058.7,13001.3,19.68,Hyderabad,South,Online,Credit Card,No,Enterprise,False
ORD-10036,2024-01-15,January,Q1,Laptops,Computing,Lenovo,42000.0,10,37800.0,1,37800.0,23421.36,14378.64,38.04,Lucknow,North,Retail Store,Debit Card,No,Individual,False
ORD-10037,2024-07-16,July,Q3,Gaming Consoles,Gaming,Sony,28900.0,25,21675.0,5,108375.0,92077.05,16297.95,15.04,Jaipur,North,Corporate,Credit Card,No,Small Business,False
ORD-10038,2024-07-05,July,Q3,Cameras,Imaging,Canon,142700.0,10,128430.0,4,513720.0,385079.44,128640.56,25.04,Delhi,North,Retail Store,Credit Card,No,Student,False
ORD-10039,2024-06-16,June,Q2,Cameras,Imaging,Sony,86700.0,5,82365.0,1,82365.0,54975.54,27389.46,33.25,Kolkata,East,Retail Store,Cash,No,Enterprise,False
ORD-10040,2024-07-26,July,Q3,Routers,Networking,TP-Link,5300.0,5,5035.0,1,5035.0,3370.68,1664.32,33.06,Lucknow,North,Retail Store,Credit Card,No,Small Business,False
ORD-10041,2024-09-18,September,Q3,Air Purifiers,Home Tech,Philips,28100.0,10,25290.0,2,50580.0,36703.68,13876.32,27.43,Lucknow,North,Online,EMI,No,Enterprise,False
ORD-10042,2024-04-25,April,Q2,Smart TVs,Entertainment,LG,19500.0,5,18525.0,2,37050.0,29124.7,7925.3,21.39,Lucknow,North,Distributor,UPI,No,Small Business,False
ORD-10043,2024-12-22,December,Q4,Cameras,Imaging,Fujifilm,64800.0,5,61560.0,1,61560.0,44142.51,17417.49,28.29,Mumbai,West,Distributor,EMI,No,Student,True
ORD-10044,2024-04-22,April,Q2,Tablets,Mobile,Huawei,12500.0,5,11875.0,2,23750.0,18337.36,5412.64,22.79,Delhi,North,Retail Store,EMI,No,Enterprise,False
ORD-10045,2024-08-14,August,Q3,Gaming Consoles,Gaming,Nintendo,51200.0,15,43520.0,2,87040.0,73330.06,13709.94,15.75,Jaipur,North,Retail Store,UPI,No,Student,False
ORD-10046,2024-05-12,May,Q2,Smart TVs,Entertainment,Samsung,156700.0,20,125360.0,2,250720.0,202744.54,47975.46,19.14,Chennai,South,Online,UPI,No,Enterprise,False
ORD-10047,2024-06-20,June,Q2,Smartwatches,Wearables,Boat,5000.0,5,4750.0,1,4750.0,2981.26,1768.74,37.24,Bangalore,South,Retail Store,UPI,No,Student,False
ORD-10048,2024-07-31,July,Q3,Smartphones,Mobile,Apple,68000.0,15,57800.0,1,57800.0,49705.8,8094.2,14.0,Lucknow,North,Corporate,UPI,No,Student,False
ORD-10049,2024-09-01,September,Q3,Smartphones,Mobile,OnePlus,29500.0,15,25075.0,2,50150.0,42520.68,7629.32,15.21,Kolkata,East,Retail Store,Debit Card,No,Small Business,False
ORD-10050,2024-09-06,September,Q3,Smart TVs,Entertainment,Samsung,95600.0,0,95600.0,2,191200.0,120029.9,71170.1,37.22,Kolkata,East,Retail Store,EMI,No,Individual,False
ORD-10051,2024-07-20,July,Q3,Gaming Consoles,Gaming,Nintendo,43200.0,0,43200.0,1,43200.0,29313.36,13886.64,32.15,Bangalore,South,Distributor,UPI,No,Enterprise,False
ORD-10052,2024-04-18,April,Q2,Air Purifiers,Home Tech,Xiaomi,16800.0,15,14280.0,3,42840.0,30524.82,12315.18,28.75,Kolkata,East,Online,UPI,No,Individual,False
ORD-10053,2024-06-28,June,Q2,Smart TVs,Entertainment,Sony,159500.0,25,119625.0,1,119625.0,89009.23,30615.77,25.59,Mumbai,West,Corporate,UPI,No,Small Business,False
ORD-10054,2024-05-02,May,Q2,Tablets,Mobile,Huawei,43500.0,20,34800.0,2,69600.0,64340.98,5259.02,7.56,Ahmedabad,West,Retail Store,EMI,No,Individual,False
ORD-10055,2024-03-24,March,Q1,Headphones,Audio,Sony,14700.0,10,13230.0,2,26460.0,19555.68,6904.32,26.09,Kolkata,East,Online,Debit Card,No,Small Business,False
ORD-10056,2024-02-22,February,Q1,Headphones,Audio,Apple,20200.0,30,14140.0,1,14140.0,15084.73,-944.73,-6.68,Mumbai,West,Online,Credit Card,No,Enterprise,False
ORD-10057,2024-01-07,January,Q1,Cameras,Imaging,Fujifilm,23000.0,10,20700.0,2,41400.0,31147.38,10252.62,24.76,Ahmedabad,West,Retail Store,Credit Card,No,Enterprise,False
ORD-10058,2024-11-11,November,Q4,Routers,Networking,D-Link,7500.0,30,5250.0,1,5250.0,5221.54,28.46,0.54,Hyderabad,South,Online,UPI,Yes,Enterprise,True
ORD-10059,2024-08-18,August,Q3,Smart TVs,Entertainment,OnePlus,120400.0,25,90300.0,1,90300.0,75346.06,14953.94,16.56,Mumbai,West,Retail Store,Credit Card,No,Enterprise,False
ORD-10060,2024-05-12,May,Q2,Smartwatches,Wearables,Garmin,39800.0,25,29850.0,2,59700.0,57791.3,1908.7,3.2,Jaipur,North,Online,Cash,No,Student,False
ORD-10061,2024-09-07,September,Q3,Routers,Networking,Netgear,10700.0,25,8025.0,1,8025.0,7408.34,616.66,7.68,Ahmedabad,West,Distributor,UPI,No,Small Business,False
ORD-10062,2024-06-05,June,Q2,Gaming Consoles,Gaming,Microsoft,36600.0,20,29280.0,3,87840.0,67938.9,19901.1,22.66,Jaipur,North,Online,Debit Card,No,Enterprise,False
ORD-10063,2024-04-28,April,Q2,Laptops,Computing,HP,55000.0,25,41250.0,2,82500.0,72289.0,10211.0,12.38,Bangalore,South,Online,Debit Card,No,Enterprise,False
ORD-10064,2024-02-21,February,Q1,Smart TVs,Entertainment,Samsung,57100.0,5,54245.0,1,54245.0,34856.9,19388.1,35.74,Jaipur,North,Online,UPI,No,Enterprise,False
ORD-10065,2024-12-23,December,Q4,Tablets,Mobile,Huawei,15100.0,0,15100.0,5,75500.0,50193.35,25306.65,33.52,Ahmedabad,West,Retail Store,Credit Card,Yes,Enterprise,True
ORD-10066,2024-09-01,September,Q3,Laptops,Computing,Dell,63100.0,0,63100.0,5,315500.0,209935.05000000002,105564.95,33.46,Mumbai,West,Online,EMI,Yes,Individual,False
ORD-10067,2024-05-07,May,Q2,Laptops,Computing,Apple,97600.0,20,78080.0,1,78080.0,65316.4,12763.6,16.35,Lucknow,North,Online,Credit Card,No,Student,False
ORD-10068,2024-06-01,June,Q2,Gaming Consoles,Gaming,Microsoft,30700.0,20,24560.0,1,24560.0,17254.81,7305.19,29.74,Delhi,North,Corporate,UPI,No,Individual,False
ORD-10069,2024-03-21,March,Q1,Smart TVs,Entertainment,LG,117100.0,5,111245.0,1,111245.0,64467.67,46777.33,42.05,Ahmedabad,West,Retail Store,Credit Card,No,Enterprise,False
ORD-10070,2024-12-27,December,Q4,Headphones,Audio,Sennheiser,2200.0,5,2090.0,1,2090.0,1616.52,473.48,22.65,Lucknow,North,Retail Store,Cash,No,Small Business,True
ORD-10071,2024-11-27,November,Q4,Tablets,Mobile,Lenovo,51300.0,0,51300.0,1,51300.0,28826.89,22473.11,43.81,Hyderabad,South,Retail Store,EMI,Yes,Student,True
ORD-10072,2024-03-04,March,Q1,Air Purifiers,Home Tech,Xiaomi,29500.0,10,26550.0,2,53100.0,38355.58,14744.42,27.77,Ahmedabad,West,Retail Store,Debit Card,No,Enterprise,False
ORD-10073,2024-11-05,November,Q4,Headphones,Audio,Sony,2700.0,25,2025.0,2,4050.0,3872.84,177.16,4.37,Lucknow,North,Retail Store,UPI,No,Enterprise,True
ORD-10074,2024-10-22,October,Q4,Smartphones,Mobile,Apple,41900.0,25,31425.0,6,188550.0,160505.28,28044.72,14.87,Hyderabad,South,Online,Debit Card,No,Student,True
ORD-10075,2024-02-16,February,Q1,Air Purifiers,Home Tech,Xiaomi,19300.0,10,17370.0,1,17370.0,13201.72,4168.28,24.0,Bangalore,South,Online,Debit Card,No,Student,False
ORD-10076,2024-10-08,October,Q4,Smartphones,Mobile,Xiaomi,14300.0,10,12870.0,2,25740.0,17579.12,8160.88,31.71,Kolkata,East,Distributor,EMI,No,Student,True
ORD-10077,2024-07-30,July,Q3,Smartphones,Mobile,Apple,45300.0,20,36240.0,4,144960.0,127073.48,17886.52,12.34,Ahmedabad,West,Distributor,UPI,No,Enterprise,False
ORD-10078,2024-08-12,August,Q3,Air Purifiers,Home Tech,Dyson,6000.0,25,4500.0,1,4500.0,4030.65,469.35,10.43,Chennai,South,Retail Store,Credit Card,No,Student,False
ORD-10079,2024-02-17,February,Q1,Smart TVs,Entertainment,Sony,100400.0,0,100400.0,2,200800.0,136452.02,64347.98,32.05,Bangalore,South,Retail Store,Debit Card,No,Enterprise,False
ORD-10080,2024-07-31,July,Q3,Air Purifiers,Home Tech,Sharp,13500.0,20,10800.0,1,10800.0,7815.53,2984.47,27.63,Chennai,South,Corporate,Credit Card,No,Individual,False
ORD-10081,2024-05-21,May,Q2,Cameras,Imaging,Sony,140700.0,20,112560.0,3,337680.0,254709.72000000003,82970.28,24.57,Mumbai,West,Online,UPI,No,Student,False
ORD-10082,2024-03-17,March,Q1,Air Purifiers,Home Tech,Sharp,17100.0,20,13680.0,5,68400.0,60070.100000000006,8329.9,12.18,Kolkata,East,Retail Store,Credit Card,No,Small Business,False
ORD-10083,2024-10-19,October,Q4,Cameras,Imaging,Nikon,129600.0,15,110160.0,2,220320.0,144822.68,75497.32,34.27,Ahmedabad,West,Retail Store,EMI,No,Small Business,True
ORD-10084,2024-09-10,September,Q3,Smartphones,Mobile,Apple,44200.0,20,35360.0,1,35360.0,27244.83,8115.17,22.95,Delhi,North,Distributor,Credit Card,No,Student,False
ORD-10085,2024-01-08,January,Q1,Tablets,Mobile,Huawei,53500.0,5,50825.0,3,152475.0,90676.98,61798.02,40.53,Hyderabad,South,Online,Debit Card,No,Enterprise,False
ORD-10086,2024-12-11,December,Q4,Routers,Networking,D-Link,14400.0,25,10800.0,2,21600.0,19979.82,1620.18,7.5,Ahmedabad,West,Distributor,UPI,No,Enterprise,True
ORD-10087,2024-04-26,April,Q2,Laptops,Computing,Asus,117900.0,30,82530.0,5,412650.0,398943.85000000003,13706.15,3.32,Delhi,North,Retail Store,Debit Card,No,Individual,False
ORD-10088,2024-06-15,June,Q2,Smartphones,Mobile,OnePlus,33800.0,15,28730.0,4,114920.0,78296.2,36623.8,31.87,Jaipur,North,Retail Store,Debit Card,No,Small Business,False
ORD-10089,2024-02-10,February,Q1,Gaming Consoles,Gaming,Microsoft,41700.0,5,39615.0,5,198075.0,135427.7,62647.3,31.63,Lucknow,North,Online,Credit Card,No,Enterprise,False
ORD-10090,2024-12-07,December,Q4,Smartphones,Mobile,Xiaomi,72900.0,25,54675.0,1,54675.0,48064.4,6610.6,12.09,Delhi,North,Retail Store,Credit Card,No,Student,True
ORD-10091,2024-12-19,December,Q4,Headphones,Audio,Sennheiser,21200.0,5,20140.0,1,20140.0,15897.34,4242.66,21.07,Ahmedabad,West,Online,Credit Card,No,Enterprise,True
ORD-10092,2024-12-24,December,Q4,Headphones,Audio,Sony,24500.0,25,18375.0,1,18375.0,15414.45,2960.55,16.11,Mumbai,West,Retail Store,Debit Card,No,Individual,True
ORD-10093,2024-11-06,November,Q4,Air Purifiers,Home Tech,Xiaomi,32200.0,5,30590.0,2,61180.0,43239.0,17941.0,29.32,Pune,West,Online,UPI,No,Small Business,True
ORD-10094,2024-11-17,November,Q4,Laptops,Computing,Dell,54300.0,15,46155.0,1,46155.0,30227.34,15927.66,34.51,Pune,West,Retail Store,UPI,No,Student,True
ORD-10095,2024-03-30,March,Q1,Smart TVs,Entertainment,LG,160500.0,10,144450.0,1,144450.0,105315.36,39134.64,27.09,Hyderabad,South,Distributor,UPI,No,Student,False
ORD-10096,2024-05-31,May,Q2,Smartwatches,Wearables,Apple,21900.0,0,21900.0,1,21900.0,12661.52,9238.48,42.18,Chennai,South,Distributor,Debit Card,Yes,Enterprise,False
ORD-10097,2024-02-16,February,Q1,Cameras,Imaging,Canon,45600.0,0,45600.0,2,91200.0,58455.3,32744.7,35.9,Hyderabad,South,Retail Store,EMI,Yes,Individual,False
ORD-10098,2024-12-11,December,Q4,Smart TVs,Entertainment,OnePlus,19600.0,20,15680.0,1,15680.0,12065.78,3614.22,23.05,Lucknow,North,Online,UPI,No,Enterprise,True
ORD-10099,2024-11-28,November,Q4,Cameras,Imaging,Canon,27800.0,0,27800.0,1,27800.0,16982.27,10817.73,38.91,Ahmedabad,West,Online,UPI,No,Student,True
ORD-10100,2024-08-20,August,Q3,Smartwatches,Wearables,Boat,19700.0,25,14775.0,3,44325.0,41093.399999999994,3231.6,7.29,Kolkata,East,Retail Store,EMI,No,Enterprise,False
ORD-10101,2024-01-17,January,Q1,Smartwatches,Wearables,Samsung,20800.0,5,19760.0,3,59280.0,44996.01,14283.99,24.1,Delhi,North,Corporate,Credit Card,No,Enterprise,False
ORD-10102,2024-02-01,February,Q1,Cameras,Imaging,Sony,35000.0,0,35000.0,1,35000.0,25893.08,9106.92,26.02,Ahmedabad,West,Online,UPI,No,Individual,False
ORD-10103,2024-01-26,January,Q1,Smartwatches,Wearables,Samsung,44500.0,30,31150.0,1,31150.0,29499.74,1650.26,5.3,Delhi,North,Distributor,Debit Card,No,Small Business,False
ORD-10104,2024-06-17,June,Q2,Tablets,Mobile,Samsung,23900.0,5,22705.0,1,22705.0,17865.38,4839.62,21.32,Jaipur,North,Online,UPI,No,Individual,False
ORD-10105,2024-03-08,March,Q1,Smartphones,Mobile,OnePlus,64900.0,5,61655.0,4,246620.0,173353.24,73266.76,29.71,Mumbai,West,Online,UPI,No,Individual,False
ORD-10106,2024-02-02,February,Q1,Air Purifiers,Home Tech,Sharp,32200.0,20,25760.0,1,25760.0,21533.21,4226.79,16.41,Ahmedabad,West,Retail Store,Cash,No,Enterprise,False
ORD-10107,2024-08-22,August,Q3,Smartphones,Mobile,Samsung,79900.0,30,55930.0,3,167790.0,151088.52,16701.48,9.95,Delhi,North,Retail Store,Cash,No,Individual,False
ORD-10108,2024-06-13,June,Q2,Gaming Consoles,Gaming,Sony,22300.0,10,20070.0,3,60210.0,45148.38,15061.62,25.02,Lucknow,North,Retail Store,Credit Card,Yes,Enterprise,False
ORD-10109,2024-08-20,August,Q3,Routers,Networking,D-Link,2400.0,25,1800.0,1,1800.0,1374.92,425.08,23.62,Jaipur,North,Retail Store,UPI,No,Small Business,False
ORD-10110,2024-07-30,July,Q3,Smartwatches,Wearables,Noise,18800.0,25,14100.0,1,14100.0,10697.52,3402.48,24.13,Kolkata,East,Online,UPI,Yes,Student,False
ORD-10111,2024-02-04,February,Q1,Laptops,Computing,Dell,33900.0,0,33900.0,1,33900.0,23693.31,10206.69,30.11,Pune,West,Distributor,Debit Card,No,Enterprise,False
ORD-10112,2024-12-09,December,Q4,Laptops,Computing,Asus,58600.0,25,43950.0,1,43950.0,43260.04,689.96,1.57,Kolkata,East,Distributor,Debit Card,Yes,Enterprise,True
ORD-10113,2024-06-29,June,Q2,Laptops,Computing,Apple,73200.0,5,69540.0,1,69540.0,49874.62,19665.38,28.28,Chennai,South,Distributor,Credit Card,No,Individual,False
ORD-10114,2024-05-22,May,Q2,Gaming Consoles,Gaming,Sony,48300.0,30,33810.0,2,67620.0,63967.86,3652.14,5.4,Lucknow,North,Retail Store,Debit Card,No,Enterprise,False
ORD-10115,2024-01-15,January,Q1,Tablets,Mobile,Lenovo,45100.0,10,40590.0,2,81180.0,66234.54,14945.46,18.41,Pune,West,Online,EMI,No,Student,False
ORD-10116,2024-02-05,February,Q1,Tablets,Mobile,Samsung,14600.0,20,11680.0,2,23360.0,17316.38,6043.62,25.87,Kolkata,East,Retail Store,UPI,No,Enterprise,False
ORD-10117,2024-10-17,October,Q4,Gaming Consoles,Gaming,Sony,50900.0,5,48355.0,1,48355.0,29597.43,18757.57,38.79,Lucknow,North,Online,UPI,No,Student,True
ORD-10118,2024-09-05,September,Q3,Gaming Consoles,Gaming,Microsoft,34500.0,5,32775.0,2,65550.0,48368.22,17181.78,26.21,Delhi,North,Online,UPI,No,Student,False
ORD-10119,2024-09-26,September,Q3,Headphones,Audio,Sony,5900.0,20,4720.0,2,9440.0,6619.28,2820.72,29.88,Chennai,South,Online,UPI,No,Enterprise,False
ORD-10120,2024-05-28,May,Q2,Smartwatches,Wearables,Apple,1800.0,25,1350.0,1,1350.0,1145.04,204.96,15.18,Bangalore,South,Online,Debit Card,No,Enterprise,False
ORD-10121,2024-02-06,February,Q1,Cameras,Imaging,Canon,69900.0,15,59415.0,1,59415.0,51322.85,8092.15,13.62,Pune,West,Retail Store,Debit Card,No,Student,False
ORD-10122,2024-05-28,May,Q2,Laptops,Computing,Asus,27000.0,10,24300.0,2,48600.0,31556.24,17043.76,35.07,Lucknow,North,Retail Store,Debit Card,No,Student,False
ORD-10123,2024-02-24,February,Q1,Smart TVs,Entertainment,OnePlus,123900.0,20,99120.0,4,396480.0,280375.48,116104.52,29.28,Hyderabad,South,Retail Store,UPI,No,Individual,False
ORD-10124,2024-09-18,September,Q3,Laptops,Computing,Apple,73400.0,30,51380.0,3,154140.0,136496.49,17643.51,11.45,Bangalore,South,Online,UPI,No,Small Business,False
ORD-10125,2024-12-01,December,Q4,Laptops,Computing,HP,115400.0,25,86550.0,1,86550.0,74874.22,11675.78,13.49,Lucknow,North,Distributor,Credit Card,Yes,Enterprise,True
ORD-10126,2024-11-17,November,Q4,Smartwatches,Wearables,Samsung,20600.0,15,17510.0,1,17510.0,13151.9,4358.1,24.89,Hyderabad,South,Distributor,Debit Card,No,Individual,True
ORD-10127,2024-06-07,June,Q2,Air Purifiers,Home Tech,Sharp,6300.0,10,5670.0,1,5670.0,4512.94,1157.06,20.41,Delhi,North,Retail Store,Net Banking,No,Student,False
ORD-10128,2024-08-24,August,Q3,Gaming Consoles,Gaming,Nintendo,53400.0,25,40050.0,1,40050.0,38937.96,1112.04,2.78,Ahmedabad,West,Corporate,Debit Card,No,Student,False
ORD-10129,2024-09-13,September,Q3,Tablets,Mobile,Samsung,32500.0,30,22750.0,2,45500.0,47438.64,-1938.64,-4.26,Pune,West,Corporate,UPI,No,Individual,False
ORD-10130,2024-05-06,May,Q2,Air Purifiers,Home Tech,Sharp,23300.0,20,18640.0,1,18640.0,13554.76,5085.24,27.28,Pune,West,Corporate,Credit Card,No,Individual,False
ORD-10131,2024-11-19,November,Q4,Smartwatches,Wearables,Apple,15800.0,20,12640.0,6,75840.0,65002.08,10837.92,14.29,Hyderabad,South,Online,EMI,Yes,Small Business,True
ORD-10132,2024-06-19,June,Q2,Laptops,Computing,Apple,88000.0,10,79200.0,1,79200.0,53860.08,25339.92,31.99,Kolkata,East,Online,Debit Card,No,Student,False
ORD-10133,2024-11-25,November,Q4,Smartwatches,Wearables,Samsung,30700.0,30,21490.0,3,64470.0,68100.75,-3630.75,-5.63,Jaipur,North,Online,Debit Card,No,Individual,True
ORD-10134,2024-07-04,July,Q3,Headphones,Audio,Boat,23800.0,10,21420.0,4,85680.0,70403.6,15276.4,17.83,Ahmedabad,West,Online,Net Banking,No,Enterprise,False
ORD-10135,2024-02-21,February,Q1,Routers,Networking,TP-Link,10300.0,30,7210.0,2,14420.0,13876.28,543.72,3.77,Lucknow,North,Online,UPI,No,Small Business,False
ORD-10136,2024-08-12,August,Q3,Smartphones,Mobile,Xiaomi,34200.0,25,25650.0,3,76950.0,61304.13,15645.87,20.33,Ahmedabad,West,Retail Store,EMI,No,Small Business,False
ORD-10137,2024-09-30,September,Q3,Smart TVs,Entertainment,Samsung,193600.0,30,135520.0,2,271040.0,249280.56,21759.44,8.03,Chennai,South,Online,Cash,Yes,Student,False
ORD-10138,2024-05-24,May,Q2,Cameras,Imaging,Fujifilm,145200.0,30,101640.0,1,101640.0,85659.22,15980.78,15.72,Lucknow,North,Online,UPI,No,Enterprise,False
ORD-10139,2024-10-10,October,Q4,Laptops,Computing,Apple,105900.0,10,95310.0,5,476550.0,300107.4,176442.6,37.02,Bangalore,South,Online,Cash,No,Student,True
ORD-10140,2024-02-16,February,Q1,Smart TVs,Entertainment,OnePlus,178700.0,0,178700.0,1,178700.0,113113.42,65586.58,36.7,Kolkata,East,Retail Store,UPI,Yes,Enterprise,False
ORD-10141,2024-04-24,April,Q2,Smartphones,Mobile,OnePlus,75000.0,30,52500.0,3,157500.0,155911.68,1588.32,1.01,Pune,West,Distributor,UPI,No,Student,False
ORD-10142,2024-12-22,December,Q4,Tablets,Mobile,Huawei,32400.0,0,32400.0,1,32400.0,23689.96,8710.04,26.88,Mumbai,West,Online,EMI,No,Student,True
ORD-10143,2024-02-26,February,Q1,Headphones,Audio,Boat,7900.0,0,7900.0,1,7900.0,4721.73,3178.27,40.23,Lucknow,North,Retail Store,UPI,No,Individual,False
ORD-10144,2024-11-19,November,Q4,Routers,Networking,Netgear,11100.0,10,9990.0,3,29970.0,21173.73,8796.27,29.35,Lucknow,North,Online,Debit Card,No,Individual,True
ORD-10145,2024-09-25,September,Q3,Smartwatches,Wearables,Apple,43000.0,20,34400.0,1,34400.0,28013.02,6386.98,18.57,Jaipur,North,Retail Store,Credit Card,No,Student,False
ORD-10146,2024-07-10,July,Q3,Headphones,Audio,Sony,9200.0,0,9200.0,1,9200.0,5694.44,3505.56,38.1,Delhi,North,Distributor,Debit Card,No,Individual,False
ORD-10147,2024-06-29,June,Q2,Routers,Networking,Asus,12400.0,5,11780.0,1,11780.0,8879.35,2900.65,24.62,Ahmedabad,West,Corporate,Credit Card,No,Small Business,False
ORD-10148,2024-02-02,February,Q1,Air Purifiers,Home Tech,Dyson,15300.0,0,15300.0,1,15300.0,10835.79,4464.21,29.18,Mumbai,West,Online,Credit Card,No,Student,False
ORD-10149,2024-05-09,May,Q2,Smartphones,Mobile,Apple,28600.0,30,20020.0,1,20020.0,20196.41,-176.41,-0.88,Pune,West,Online,EMI,No,Student,False
ORD-10150,2024-08-13,August,Q3,Cameras,Imaging,Sony,146300.0,15,124355.0,2,248710.0,201429.84,47280.16,19.01,Pune,West,Corporate,Credit Card,No,Student,False
ORD-10151,2024-02-10,February,Q1,Cameras,Imaging,Nikon,85500.0,10,76950.0,1,76950.0,48779.42,28170.58,36.61,Pune,West,Retail Store,Credit Card,No,Student,False
ORD-10152,2024-03-26,March,Q1,Air Purifiers,Home Tech,Xiaomi,20600.0,25,15450.0,3,46350.0,44743.649999999994,1606.35,3.47,Pune,West,Retail Store,Credit Card,No,Individual,False
ORD-10153,2024-02-08,February,Q1,Cameras,Imaging,Sony,80900.0,25,60675.0,4,242700.0,221951.44,20748.56,8.55,Mumbai,West,Online,Debit Card,No,Individual,False
ORD-10154,2024-03-05,March,Q1,Laptops,Computing,HP,99000.0,10,89100.0,4,356400.0,246482.32,109917.68,30.84,Lucknow,North,Online,UPI,No,Enterprise,False
ORD-10155,2024-07-09,July,Q3,Air Purifiers,Home Tech,Dyson,25100.0,20,20080.0,1,20080.0,15647.09,4432.91,22.08,Pune,West,Retail Store,UPI,No,Small Business,False
ORD-10156,2024-09-12,September,Q3,Routers,Networking,D-Link,13800.0,0,13800.0,1,13800.0,8312.5,5487.5,39.76,Hyderabad,South,Retail Store,UPI,No,Student,False
ORD-10157,2024-04-12,April,Q2,Laptops,Computing,HP,106000.0,15,90100.0,1,90100.0,61960.31,28139.69,31.23,Ahmedabad,West,Corporate,EMI,Yes,Enterprise,False
ORD-10158,2024-12-07,December,Q4,Smartwatches,Wearables,Apple,25400.0,10,22860.0,1,22860.0,18497.96,4362.04,19.08,Bangalore,South,Retail Store,Cash,No,Enterprise,True
ORD-10159,2024-09-17,September,Q3,Smart TVs,Entertainment,Sony,197200.0,30,138040.0,4,552160.0,455749.2,96410.8,17.46,Ahmedabad,West,Online,Debit Card,No,Small Business,False
ORD-10160,2024-11-09,November,Q4,Laptops,Computing,Dell,54400.0,25,40800.0,2,81600.0,75482.6,6117.4,7.5,Jaipur,North,Retail Store,Credit Card,No,Small Business,True
ORD-10161,2024-06-11,June,Q2,Laptops,Computing,Asus,69300.0,20,55440.0,1,55440.0,42889.97,12550.03,22.64,Jaipur,North,Retail Store,UPI,Yes,Student,False
ORD-10162,2024-09-14,September,Q3,Smartphones,Mobile,Samsung,45300.0,10,40770.0,1,40770.0,26406.79,14363.21,35.23,Pune,West,Corporate,UPI,Yes,Enterprise,False
ORD-10163,2024-02-10,February,Q1,Headphones,Audio,Boat,16100.0,20,12880.0,3,38640.0,29216.19,9423.81,24.39,Hyderabad,South,Retail Store,UPI,No,Small Business,False
ORD-10164,2024-03-28,March,Q1,Gaming Consoles,Gaming,Nintendo,51600.0,10,46440.0,4,185760.0,148299.64,37460.36,20.17,Lucknow,North,Online,EMI,No,Enterprise,False
ORD-10165,2024-11-29,November,Q4,Smart TVs,Entertainment,Mi,92100.0,25,69075.0,5,345375.0,256064.35,89310.65,25.86,Jaipur,North,Online,Net Banking,No,Student,True
ORD-10166,2024-06-01,June,Q2,Air Purifiers,Home Tech,Dyson,29100.0,5,27645.0,2,55290.0,37127.0,18163.0,32.85,Ahmedabad,West,Retail Store,Credit Card,No,Enterprise,False
ORD-10167,2024-06-25,June,Q2,Cameras,Imaging,Nikon,116000.0,20,92800.0,1,92800.0,76830.31,15969.69,17.21,Pune,West,Online,UPI,No,Small Business,False
ORD-10168,2024-02-19,February,Q1,Smartphones,Mobile,OnePlus,76100.0,30,53270.0,2,106540.0,102442.08,4097.92,3.85,Chennai,South,Corporate,Cash,No,Enterprise,False
ORD-10169,2024-04-07,April,Q2,Tablets,Mobile,Huawei,59800.0,15,50830.0,1,50830.0,38855.17,11974.83,23.56,Hyderabad,South,Retail Store,UPI,No,Student,False
ORD-10170,2024-05-03,May,Q2,Smart TVs,Entertainment,Mi,80300.0,0,80300.0,3,240900.0,146050.74,94849.26,39.37,Lucknow,North,Distributor,Debit Card,No,Individual,False
ORD-10171,2024-02-25,February,Q1,Cameras,Imaging,Nikon,133300.0,25,99975.0,2,199950.0,166133.26,33816.74,16.91,Kolkata,East,Online,Credit Card,No,Small Business,False
ORD-10172,2024-07-04,July,Q3,Routers,Networking,Asus,2000.0,20,1600.0,5,8000.0,6400.700000000001,1599.3,19.99,Jaipur,North,Online,Net Banking,No,Individual,False
ORD-10173,2024-03-06,March,Q1,Laptops,Computing,Asus,60500.0,10,54450.0,2,108900.0,80049.54,28850.46,26.49,Pune,West,Distributor,UPI,No,Individual,False
ORD-10174,2024-01-24,January,Q1,Smartphones,Mobile,Apple,59400.0,30,41580.0,1,41580.0,38298.08,3281.92,7.89,Ahmedabad,West,Online,EMI,No,Enterprise,False
ORD-10175,2024-03-24,March,Q1,Cameras,Imaging,Sony,92300.0,20,73840.0,3,221520.0,198165.66,23354.34,10.54,Jaipur,North,Retail Store,Debit Card,No,Individual,False
ORD-10176,2024-07-07,July,Q3,Smartwatches,Wearables,Apple,44100.0,20,35280.0,5,176400.0,134843.6,41556.4,23.56,Mumbai,West,Retail Store,UPI,No,Small Business,False
ORD-10177,2024-01-27,January,Q1,Gaming Consoles,Gaming,Microsoft,26000.0,25,19500.0,1,19500.0,18050.15,1449.85,7.44,Kolkata,East,Online,Debit Card,No,Individual,False
ORD-10178,2024-04-07,April,Q2,Smartphones,Mobile,Xiaomi,30600.0,5,29070.0,1,29070.0,19357.32,9712.68,33.41,Chennai,South,Retail Store,EMI,Yes,Individual,False
ORD-10179,2024-12-27,December,Q4,Tablets,Mobile,Apple,38000.0,25,28500.0,10,285000.0,245356.19999999998,39643.8,13.91,Kolkata,East,Online,UPI,No,Enterprise,True
ORD-10180,2024-10-06,October,Q4,Smartwatches,Wearables,Garmin,28000.0,5,26600.0,1,26600.0,20761.09,5838.91,21.95,Hyderabad,South,Retail Store,UPI,Yes,Enterprise,True
ORD-10181,2024-05-27,May,Q2,Smart TVs,Entertainment,OnePlus,73700.0,10,66330.0,1,66330.0,48796.59,17533.41,26.43,Hyderabad,South,Online,Debit Card,No,Student,False
ORD-10182,2024-06-25,June,Q2,Tablets,Mobile,Lenovo,12100.0,25,9075.0,2,18150.0,13692.5,4457.5,24.56,Ahmedabad,West,Retail Store,Debit Card,No,Enterprise,False
ORD-10183,2024-10-14,October,Q4,Headphones,Audio,Boat,3200.0,25,2400.0,5,12000.0,10677.85,1322.15,11.02,Chennai,South,Online,Cash,No,Small Business,True
ORD-10184,2024-01-27,January,Q1,Laptops,Computing,Asus,56400.0,15,47940.0,3,143820.0,96462.45000000001,47357.55,32.93,Bangalore,South,Online,Debit Card,Yes,Student,False
ORD-10185,2024-11-30,November,Q4,Air Purifiers,Home Tech,Sharp,27800.0,30,19460.0,1,19460.0,20649.36,-1189.36,-6.11,Pune,West,Online,UPI,No,Small Business,True
ORD-10186,2024-09-30,September,Q3,Smartphones,Mobile,Apple,38100.0,30,26670.0,1,26670.0,22294.51,4375.49,16.41,Mumbai,West,Corporate,Credit Card,No,Enterprise,False
ORD-10187,2024-01-20,January,Q1,Smartphones,Mobile,OnePlus,48900.0,0,48900.0,3,146700.0,107925.87,38774.13,26.43,Pune,West,Online,Net Banking,No,Student,False
ORD-10188,2024-03-09,March,Q1,Routers,Networking,D-Link,4800.0,30,3360.0,1,3360.0,2748.14,611.86,18.21,Bangalore,South,Retail Store,Debit Card,No,Individual,False
ORD-10189,2024-06-21,June,Q2,Headphones,Audio,Apple,17000.0,5,16150.0,1,16150.0,9946.68,6203.32,38.41,Kolkata,East,Distributor,Credit Card,No,Individual,False
ORD-10190,2024-04-04,April,Q2,Tablets,Mobile,Huawei,26200.0,5,24890.0,3,74670.0,43337.37,31332.63,41.96,Kolkata,East,Online,EMI,Yes,Enterprise,False
ORD-10191,2024-10-25,October,Q4,Gaming Consoles,Gaming,Sony,29200.0,10,26280.0,6,157680.0,120634.62,37045.38,23.49,Mumbai,West,Retail Store,Credit Card,No,Enterprise,True
ORD-10192,2024-12-19,December,Q4,Laptops,Computing,Lenovo,59900.0,5,56905.0,2,113810.0,71140.32,42669.68,37.49,Bangalore,South,Retail Store,Credit Card,Yes,Enterprise,True
ORD-10193,2024-07-31,July,Q3,Routers,Networking,D-Link,11600.0,30,8120.0,3,24360.0,23762.1,597.9,2.45,Chennai,South,Distributor,Debit Card,No,Individual,False
ORD-10194,2024-09-26,September,Q3,Air Purifiers,Home Tech,Xiaomi,7700.0,20,6160.0,2,12320.0,8815.6,3504.4,28.44,Jaipur,North,Corporate,UPI,No,Small Business,False
ORD-10195,2024-06-16,June,Q2,Routers,Networking,D-Link,2600.0,5,2470.0,1,2470.0,1802.8,667.2,27.01,Ahmedabad,West,Online,Credit Card,No,Student,False
ORD-10196,2024-03-08,March,Q1,Routers,Networking,D-Link,7400.0,0,7400.0,1,7400.0,4897.02,2502.98,33.82,Hyderabad,South,Retail Store,Credit Card,No,Small Business,False
ORD-10197,2024-10-23,October,Q4,Laptops,Computing,Dell,65300.0,25,48975.0,1,48975.0,36747.7,12227.3,24.97,Mumbai,West,Corporate,UPI,Yes,Individual,True
ORD-10198,2024-05-26,May,Q2,Cameras,Imaging,Nikon,117200.0,30,82040.0,1,82040.0,79497.35,2542.65,3.1,Kolkata,East,Online,EMI,No,Student,False
ORD-10199,2024-07-11,July,Q3,Laptops,Computing,Apple,37600.0,30,26320.0,3,78960.0,69885.69,9074.31,11.49,Bangalore,South,Corporate,Credit Card,No,Small Business,False
ORD-10200,2024-01-02,January,Q1,Smartphones,Mobile,OnePlus,41300.0,25,30975.0,1,30975.0,27212.12,3762.88,12.15,Jaipur,North,Online,UPI,No,Small Business,False
ORD-10201,2024-05-21,May,Q2,Smart TVs,Entertainment,Sony,21000.0,25,15750.0,1,15750.0,13310.81,2439.19,15.49,Mumbai,West,Online,UPI,No,Student,False
ORD-10202,2024-11-02,November,Q4,Smartphones,Mobile,Apple,61300.0,15,52105.0,1,52105.0,39096.68,13008.32,24.97,Jaipur,North,Online,EMI,No,Enterprise,True
ORD-10203,2024-04-29,April,Q2,Gaming Consoles,Gaming,Microsoft,40200.0,30,28140.0,1,28140.0,27517.16,622.84,2.21,Pune,West,Online,EMI,Yes,Small Business,False
ORD-10204,2024-07-30,July,Q3,Headphones,Audio,JBL,2000.0,20,1600.0,1,1600.0,1451.89,148.11,9.26,Bangalore,South,Retail Store,Credit Card,No,Enterprise,False
ORD-10205,2024-11-25,November,Q4,Cameras,Imaging,Sony,106900.0,15,90865.0,1,90865.0,61985.27,28879.73,31.78,Kolkata,East,Online,Credit Card,No,Small Business,True
ORD-10206,2024-06-02,June,Q2,Tablets,Mobile,Huawei,55700.0,20,44560.0,1,44560.0,35232.23,9327.77,20.93,Kolkata,East,Retail Store,UPI,No,Small Business,False
ORD-10207,2024-06-18,June,Q2,Laptops,Computing,Asus,105500.0,0,105500.0,1,105500.0,69326.91,36173.09,34.29,Chennai,South,Online,Credit Card,No,Individual,False
ORD-10208,2024-02-07,February,Q1,Smart TVs,Entertainment,Mi,149000.0,20,119200.0,2,238400.0,176834.18,61565.82,25.82,Chennai,South,Distributor,Credit Card,Yes,Individual,False
ORD-10209,2024-04-18,April,Q2,Smart TVs,Entertainment,Sony,153200.0,30,107240.0,2,214480.0,197868.28,16611.72,7.75,Chennai,South,Retail Store,Debit Card,No,Small Business,False
ORD-10210,2024-10-09,October,Q4,Smartwatches,Wearables,Garmin,18100.0,20,14480.0,3,43440.0,36910.11,6529.89,15.03,Hyderabad,South,Online,Credit Card,No,Individual,True
ORD-10211,2024-08-28,August,Q3,Smartwatches,Wearables,Samsung,17600.0,15,14960.0,1,14960.0,9840.92,5119.08,34.22,Chennai,South,Retail Store,UPI,No,Student,False
ORD-10212,2024-05-31,May,Q2,Tablets,Mobile,Apple,26500.0,15,22525.0,1,22525.0,17594.88,4930.12,21.89,Chennai,South,Retail Store,Debit Card,No,Enterprise,False
ORD-10213,2024-09-07,September,Q3,Air Purifiers,Home Tech,Sharp,10900.0,30,7630.0,2,15260.0,13525.48,1734.52,11.37,Bangalore,South,Retail Store,Credit Card,No,Individual,False
ORD-10214,2024-09-25,September,Q3,Smartphones,Mobile,Samsung,76100.0,25,57075.0,3,171225.0,127780.17,43444.83,25.37,Mumbai,West,Retail Store,EMI,No,Small Business,False
ORD-10215,2024-01-05,January,Q1,Smart TVs,Entertainment,Mi,99400.0,0,99400.0,1,99400.0,66952.56,32447.44,32.64,Lucknow,North,Corporate,Debit Card,No,Student,False
ORD-10216,2024-01-07,January,Q1,Smartphones,Mobile,Vivo,60000.0,20,48000.0,2,96000.0,89459.5,6540.5,6.81,Mumbai,West,Retail Store,Debit Card,No,Small Business,False
ORD-10217,2024-02-24,February,Q1,Laptops,Computing,Apple,39100.0,5,37145.0,1,37145.0,26351.69,10793.31,29.06,Hyderabad,South,Distributor,UPI,No,Enterprise,False
ORD-10218,2024-07-26,July,Q3,Air Purifiers,Home Tech,Philips,39700.0,5,37715.0,1,37715.0,24216.8,13498.2,35.79,Delhi,North,Retail Store,EMI,No,Individual,False
ORD-10219,2024-07-26,July,Q3,Cameras,Imaging,Fujifilm,86500.0,0,86500.0,1,86500.0,58590.74,27909.26,32.27,Bangalore,South,Online,EMI,No,Enterprise,False
ORD-10220,2024-10-16,October,Q4,Laptops,Computing,Apple,112300.0,5,106685.0,1,106685.0,66513.43,40171.57,37.65,Lucknow,North,Retail Store,UPI,No,Enterprise,True
ORD-10221,2024-10-05,October,Q4,Gaming Consoles,Gaming,Nintendo,21200.0,30,14840.0,6,89040.0,77960.52,11079.48,12.44,Chennai,South,Retail Store,EMI,No,Student,True
ORD-10222,2024-02-09,February,Q1,Headphones,Audio,Boat,14300.0,20,11440.0,3,34320.0,30756.300000000003,3563.7,10.38,Kolkata,East,Retail Store,Credit Card,No,Small Business,False
ORD-10223,2024-12-18,December,Q4,Laptops,Computing,Apple,95800.0,10,86220.0,1,86220.0,53718.82,32501.18,37.7,Kolkata,East,Online,UPI,No,Student,True
ORD-10224,2024-06-16,June,Q2,Smartphones,Mobile,OnePlus,64400.0,15,54740.0,1,54740.0,41738.97,13001.03,23.75,Pune,West,Retail Store,Credit Card,No,Student,False
ORD-10225,2024-02-13,February,Q1,Gaming Consoles,Gaming,Microsoft,47900.0,25,35925.0,2,71850.0,54098.38,17751.62,24.71,Hyderabad,South,Online,Debit Card,No,Student,False
ORD-10226,2024-06-11,June,Q2,Smartwatches,Wearables,Apple,5500.0,10,4950.0,2,9900.0,7028.42,2871.58,29.01,Hyderabad,South,Online,UPI,No,Student,False
ORD-10227,2024-02-22,February,Q1,Smartphones,Mobile,Samsung,33500.0,0,33500.0,1,33500.0,22424.39,11075.61,33.06,Pune,West,Distributor,UPI,No,Individual,False
ORD-10228,2024-10-13,October,Q4,Smart TVs,Entertainment,Mi,111400.0,25,83550.0,1,83550.0,69752.71,13797.29,16.51,Bangalore,South,Online,UPI,No,Small Business,True
ORD-10229,2024-08-10,August,Q3,Headphones,Audio,Sennheiser,7800.0,30,5460.0,1,5460.0,4410.0,1050.0,19.23,Hyderabad,South,Corporate,Debit Card,No,Small Business,False
ORD-10230,2024-08-22,August,Q3,Laptops,Computing,HP,53900.0,15,45815.0,1,45815.0,33226.3,12588.7,27.48,Lucknow,North,Online,EMI,No,Student,False
ORD-10231,2024-11-29,November,Q4,Gaming Consoles,Gaming,Sony,30500.0,20,24400.0,3,73200.0,67660.20000000001,5539.8,7.57,Chennai,South,Retail Store,UPI,No,Enterprise,True
ORD-10232,2024-05-29,May,Q2,Air Purifiers,Home Tech,Philips,16400.0,10,14760.0,3,44280.0,35094.3,9185.7,20.74,Kolkata,East,Online,Cash,No,Small Business,False
ORD-10233,2024-12-15,December,Q4,Routers,Networking,TP-Link,14300.0,15,12155.0,1,12155.0,10561.91,1593.09,13.11,Chennai,South,Retail Store,UPI,No,Student,True
ORD-10234,2024-12-10,December,Q4,Air Purifiers,Home Tech,Philips,27200.0,5,25840.0,3,77520.0,49003.770000000004,28516.23,36.79,Bangalore,South,Retail Store,EMI,No,Student,True
ORD-10235,2024-10-25,October,Q4,Cameras,Imaging,Fujifilm,85200.0,30,59640.0,2,119280.0,126724.02,-7444.02,-6.24,Jaipur,North,Retail Store,Cash,No,Small Business,True
ORD-10236,2024-12-02,December,Q4,Smartwatches,Wearables,Samsung,29600.0,0,29600.0,2,59200.0,39228.52,19971.48,33.74,Kolkata,East,Corporate,Credit Card,No,Individual,True
ORD-10237,2024-01-06,January,Q1,Laptops,Computing,Lenovo,46100.0,25,34575.0,1,34575.0,30138.32,4436.68,12.83,Lucknow,North,Retail Store,UPI,No,Student,False
ORD-10238,2024-12-13,December,Q4,Gaming Consoles,Gaming,Nintendo,37500.0,10,33750.0,2,67500.0,56215.54,11284.46,16.72,Ahmedabad,West,Online,Credit Card,Yes,Individual,True
ORD-10239,2024-03-13,March,Q1,Smartwatches,Wearables,Garmin,16400.0,30,11480.0,1,11480.0,9698.52,1781.48,15.52,Ahmedabad,West,Online,UPI,No,Student,False
ORD-10240,2024-06-12,June,Q2,Laptops,Computing,Lenovo,29200.0,25,21900.0,1,21900.0,16732.1,5167.9,23.6,Pune,West,Retail Store,Debit Card,No,Small Business,False
ORD-10241,2024-09-21,September,Q3,Tablets,Mobile,Apple,26500.0,15,22525.0,1,22525.0,19654.85,2870.15,12.74,Chennai,South,Distributor,Debit Card,No,Student,False
ORD-10242,2024-07-21,July,Q3,Smartphones,Mobile,Vivo,71600.0,15,60860.0,1,60860.0,47860.35,12999.65,21.36,Kolkata,East,Online,UPI,No,Individual,False
ORD-10243,2024-10-22,October,Q4,Laptops,Computing,Apple,42800.0,10,38520.0,3,115560.0,75680.88,39879.12,34.51,Delhi,North,Online,EMI,No,Enterprise,True
ORD-10244,2024-11-01,November,Q4,Cameras,Imaging,Fujifilm,91400.0,10,82260.0,5,411300.0,283521.4,127778.6,31.07,Ahmedabad,West,Retail Store,EMI,No,Enterprise,True
ORD-10245,2024-11-10,November,Q4,Gaming Consoles,Gaming,Sony,43500.0,10,39150.0,5,195750.0,124752.0,70998.0,36.27,Hyderabad,South,Online,Credit Card,No,Student,True
ORD-10246,2024-08-02,August,Q3,Gaming Consoles,Gaming,Sony,40100.0,15,34085.0,2,68170.0,47089.48,21080.52,30.92,Jaipur,North,Retail Store,Debit Card,Yes,Small Business,False
ORD-10247,2024-09-07,September,Q3,Headphones,Audio,Boat,5100.0,30,3570.0,1,3570.0,3265.02,304.98,8.54,Mumbai,West,Distributor,Net Banking,No,Small Business,False
ORD-10248,2024-07-15,July,Q3,Routers,Networking,D-Link,6700.0,15,5695.0,3,17085.0,12725.82,4359.18,25.51,Ahmedabad,West,Retail Store,UPI,No,Small Business,False
ORD-10249,2024-05-29,May,Q2,Smartphones,Mobile,OnePlus,24200.0,10,21780.0,1,21780.0,14124.13,7655.87,35.15,Ahmedabad,West,Retail Store,EMI,No,Individual,False
ORD-10250,2024-10-20,October,Q4,Laptops,Computing,Lenovo,98600.0,30,69020.0,1,69020.0,73770.42,-4750.42,-6.88,Jaipur,North,Distributor,UPI,No,Small Business,True
ORD-10251,2024-08-05,August,Q3,Laptops,Computing,HP,53300.0,0,53300.0,2,106600.0,68218.3,38381.7,36.01,Pune,West,Distributor,UPI,No,Individual,False
ORD-10252,2024-05-01,May,Q2,Smart TVs,Entertainment,Mi,142500.0,30,99750.0,2,199500.0,197262.98,2237.02,1.12,Kolkata,East,Online,UPI,No,Small Business,False
ORD-10253,2024-01-31,January,Q1,Gaming Consoles,Gaming,Microsoft,38600.0,20,30880.0,2,61760.0,50778.58,10981.42,17.78,Pune,West,Corporate,UPI,No,Individual,False
ORD-10254,2024-03-10,March,Q1,Cameras,Imaging,Canon,148900.0,30,104230.0,2,208460.0,202855.18,5604.82,2.69,Bangalore,South,Online,Debit Card,No,Student,False
ORD-10255,2024-09-07,September,Q3,Tablets,Mobile,Lenovo,41400.0,15,35190.0,4,140760.0,106049.96,34710.04,24.66,Delhi,North,Retail Store,Debit Card,No,Enterprise,False
ORD-10256,2024-08-20,August,Q3,Air Purifiers,Home Tech,Xiaomi,25400.0,30,17780.0,1,17780.0,17902.61,-122.61,-0.69,Delhi,North,Retail Store,Credit Card,No,Enterprise,False
ORD-10257,2024-02-02,February,Q1,Routers,Networking,D-Link,4000.0,15,3400.0,3,10200.0,8579.64,1620.36,15.89,Ahmedabad,West,Online,EMI,No,Small Business,False
ORD-10258,2024-10-16,October,Q4,Air Purifiers,Home Tech,Xiaomi,36300.0,30,25410.0,6,152460.0,121898.70000000001,30561.3,20.05,Delhi,North,Retail Store,EMI,No,Small Business,True
ORD-10259,2024-08-13,August,Q3,Air Purifiers,Home Tech,Dyson,39700.0,15,33745.0,1,33745.0,23441.41,10303.59,30.53,Bangalore,South,Distributor,Credit Card,No,Enterprise,False
ORD-10260,2024-02-17,February,Q1,Smartwatches,Wearables,Garmin,5100.0,25,3825.0,1,3825.0,3726.88,98.12,2.57,Bangalore,South,Online,Debit Card,No,Small Business,False
ORD-10261,2024-08-07,August,Q3,Laptops,Computing,Dell,25100.0,15,21335.0,3,64005.0,42588.75,21416.25,33.46,Lucknow,North,Online,Debit Card,No,Enterprise,False
ORD-10262,2024-03-02,March,Q1,Cameras,Imaging,Nikon,75800.0,5,72010.0,1,72010.0,47497.34,24512.66,34.04,Delhi,North,Online,Credit Card,No,Student,False
ORD-10263,2024-03-09,March,Q1,Tablets,Mobile,Samsung,36500.0,0,36500.0,1,36500.0,24530.33,11969.67,32.79,Bangalore,South,Retail Store,Debit Card,No,Small Business,False
ORD-10264,2024-07-29,July,Q3,Gaming Consoles,Gaming,Nintendo,35500.0,5,33725.0,2,67450.0,40280.98,27169.02,40.28,Delhi,North,Online,UPI,No,Enterprise,False
ORD-10265,2024-08-07,August,Q3,Smartwatches,Wearables,Samsung,12300.0,25,9225.0,2,18450.0,13944.5,4505.5,24.42,Jaipur,North,Retail Store,Debit Card,No,Individual,False
ORD-10266,2024-12-03,December,Q4,Headphones,Audio,Boat,13200.0,20,10560.0,3,31680.0,23274.09,8405.91,26.53,Kolkata,East,Online,UPI,No,Small Business,True
ORD-10267,2024-09-10,September,Q3,Cameras,Imaging,Canon,42200.0,25,31650.0,1,31650.0,28222.77,3427.23,10.83,Jaipur,North,Distributor,UPI,No,Enterprise,False
ORD-10268,2024-03-08,March,Q1,Cameras,Imaging,Fujifilm,59900.0,25,44925.0,3,134775.0,105044.37,29730.63,22.06,Ahmedabad,West,Corporate,EMI,No,Individual,False
ORD-10269,2024-01-08,January,Q1,Headphones,Audio,Boat,1500.0,0,1500.0,2,3000.0,2219.2,780.8,26.03,Kolkata,East,Retail Store,Debit Card,No,Student,False
ORD-10270,2024-08-04,August,Q3,Cameras,Imaging,Canon,99000.0,20,79200.0,2,158400.0,133295.46,25104.54,15.85,Hyderabad,South,Online,UPI,Yes,Small Business,False
ORD-10271,2024-10-01,October,Q4,Smartwatches,Wearables,Noise,27000.0,30,18900.0,7,132300.0,135495.08,-3195.08,-2.42,Delhi,North,Online,Credit Card,Yes,Small Business,True
ORD-10272,2024-01-30,January,Q1,Smart TVs,Entertainment,Sony,186100.0,0,186100.0,3,558300.0,357688.5,200611.5,35.93,Lucknow,North,Online,Debit Card,No,Small Business,False
ORD-10273,2024-03-02,March,Q1,Smartphones,Mobile,Apple,58500.0,5,55575.0,3,166725.0,113949.09,52775.91,31.65,Pune,West,Retail Store,EMI,No,Small Business,False
ORD-10274,2024-07-09,July,Q3,Tablets,Mobile,Lenovo,46600.0,0,46600.0,2,93200.0,65639.46,27560.54,29.57,Mumbai,West,Online,Credit Card,No,Enterprise,False
ORD-10275,2024-12-30,December,Q4,Gaming Consoles,Gaming,Nintendo,22700.0,15,19295.0,5,96475.0,74019.75,22455.25,23.28,Mumbai,West,Retail Store,Debit Card,No,Enterprise,True
ORD-10276,2024-02-22,February,Q1,Gaming Consoles,Gaming,Nintendo,45300.0,5,43035.0,1,43035.0,31626.47,11408.53,26.51,Mumbai,West,Online,EMI,No,Student,False
ORD-10277,2024-07-05,July,Q3,Cameras,Imaging,Nikon,33400.0,30,23380.0,2,46760.0,37212.46,9547.54,20.42,Kolkata,East,Online,UPI,No,Enterprise,False
ORD-10278,2024-05-18,May,Q2,Laptops,Computing,Apple,60400.0,20,48320.0,1,48320.0,41353.77,6966.23,14.42,Mumbai,West,Online,EMI,Yes,Student,False
ORD-10279,2024-02-05,February,Q1,Air Purifiers,Home Tech,Xiaomi,32100.0,10,28890.0,3,86670.0,59268.81,27401.19,31.62,Jaipur,North,Retail Store,Credit Card,No,Enterprise,False
ORD-10280,2024-11-14,November,Q4,Smart TVs,Entertainment,OnePlus,83100.0,15,70635.0,2,141270.0,124576.44,16693.56,11.82,Chennai,South,Retail Store,Credit Card,No,Small Business,True
ORD-10281,2024-01-04,January,Q1,Cameras,Imaging,Canon,41100.0,10,36990.0,1,36990.0,27832.44,9157.56,24.76,Mumbai,West,Corporate,UPI,No,Enterprise,False
ORD-10282,2024-02-23,February,Q1,Smart TVs,Entertainment,Mi,196900.0,15,167365.0,1,167365.0,127671.1,39693.9,23.72,Mumbai,West,Corporate,UPI,No,Individual,False
ORD-10283,2024-04-28,April,Q2,Routers,Networking,D-Link,10800.0,10,9720.0,3,29160.0,20790.81,8369.19,28.7,Delhi,North,Retail Store,Credit Card,No,Student,False
ORD-10284,2024-02-08,February,Q1,Gaming Consoles,Gaming,Nintendo,22200.0,25,16650.0,1,16650.0,16491.13,158.87,0.95,Chennai,South,Online,EMI,Yes,Student,False
ORD-10285,2024-12-24,December,Q4,Smartwatches,Wearables,Garmin,21200.0,5,20140.0,1,20140.0,11976.67,8163.33,40.53,Chennai,South,Online,EMI,No,Individual,True
ORD-10286,2024-03-25,March,Q1,Air Purifiers,Home Tech,Sharp,16000.0,0,16000.0,2,32000.0,21029.92,10970.08,34.28,Chennai,South,Retail Store,Credit Card,No,Individual,False
ORD-10287,2024-03-21,March,Q1,Headphones,Audio,Apple,1500.0,30,1050.0,1,1050.0,1081.97,-31.97,-3.04,Bangalore,South,Online,UPI,No,Individual,False
ORD-10288,2024-12-12,December,Q4,Headphones,Audio,JBL,20600.0,5,19570.0,3,58710.0,34374.18,24335.82,41.45,Kolkata,East,Distributor,Debit Card,No,Individual,True
ORD-10289,2024-08-24,August,Q3,Laptops,Computing,HP,36500.0,0,36500.0,3,109500.0,78410.16,31089.84,28.39,Chennai,South,Online,EMI,No,Individual,False
ORD-10290,2024-10-25,October,Q4,Gaming Consoles,Gaming,Microsoft,52100.0,0,52100.0,1,52100.0,28882.16,23217.84,44.56,Delhi,North,Online,Debit Card,No,Individual,True
ORD-10291,2024-06-18,June,Q2,Laptops,Computing,Dell,114500.0,0,114500.0,1,114500.0,66821.95,47678.05,41.64,Lucknow,North,Retail Store,Debit Card,No,Student,False
ORD-10292,2024-12-15,December,Q4,Cameras,Imaging,Nikon,58300.0,5,55385.0,3,166155.0,105813.87,60341.13,36.32,Ahmedabad,West,Distributor,UPI,No,Small Business,True
ORD-10293,2024-11-27,November,Q4,Headphones,Audio,Sennheiser,10600.0,20,8480.0,2,16960.0,13691.1,3268.9,19.27,Delhi,North,Online,UPI,No,Small Business,True
ORD-10294,2024-11-18,November,Q4,Routers,Networking,TP-Link,14900.0,30,10430.0,3,31290.0,30962.52,327.48,1.05,Ahmedabad,West,Retail Store,Credit Card,No,Enterprise,True
ORD-10295,2024-07-17,July,Q3,Headphones,Audio,Boat,1100.0,20,880.0,2,1760.0,1306.36,453.64,25.77,Hyderabad,South,Online,Net Banking,No,Small Business,False
ORD-10296,2024-03-22,March,Q1,Laptops,Computing,HP,87400.0,10,78660.0,1,78660.0,57398.89,21261.11,27.03,Mumbai,West,Distributor,Cash,No,Student,False
ORD-10297,2024-06-30,June,Q2,Tablets,Mobile,Apple,21800.0,10,19620.0,1,19620.0,15505.08,4114.92,20.97,Pune,West,Corporate,UPI,No,Small Business,False
ORD-10298,2024-10-15,October,Q4,Smart TVs,Entertainment,OnePlus,115300.0,5,109535.0,1,109535.0,74724.46,34810.54,31.78,Delhi,North,Online,Debit Card,No,Student,True
ORD-10299,2024-01-01,January,Q1,Smartwatches,Wearables,Boat,10300.0,5,9785.0,1,9785.0,6366.96,3418.04,34.93,Bangalore,South,Corporate,EMI,No,Individual,False
ORD-10300,2024-03-16,March,Q1,Gaming Consoles,Gaming,Nintendo,52100.0,30,36470.0,1,36470.0,29810.79,6659.21,18.26,Jaipur,North,Distributor,Net Banking,No,Student,False
ORD-10301,2024-10-27,October,Q4,Laptops,Computing,Lenovo,53700.0,5,51015.0,1,51015.0,40015.74,10999.26,21.56,Kolkata,East,Distributor,Net Banking,No,Small Business,True
ORD-10302,2024-12-28,December,Q4,Routers,Networking,Asus,4100.0,20,3280.0,2,6560.0,5845.7,714.3,10.89,Kolkata,East,Online,Debit Card,No,Individual,True
ORD-10303,2024-12-25,December,Q4,Gaming Consoles,Gaming,Microsoft,49800.0,30,34860.0,1,34860.0,37003.23,-2143.23,-6.15,Mumbai,West,Online,Credit Card,No,Small Business,True
ORD-10304,2024-11-23,November,Q4,Gaming Consoles,Gaming,Sony,52800.0,5,50160.0,3,150480.0,97611.42,52868.58,35.13,Delhi,North,Online,Net Banking,No,Individual,True
ORD-10305,2024-12-28,December,Q4,Smartwatches,Wearables,Noise,2000.0,5,1900.0,2,3800.0,2399.64,1400.36,36.85,Delhi,North,Online,EMI,No,Individual,True
ORD-10306,2024-07-16,July,Q3,Air Purifiers,Home Tech,Sharp,38900.0,15,33065.0,2,66130.0,50462.36,15667.64,23.69,Kolkata,East,Online,Credit Card,No,Small Business,False
ORD-10307,2024-03-24,March,Q1,Air Purifiers,Home Tech,Dyson,33000.0,0,33000.0,1,33000.0,20096.4,12903.6,39.1,Pune,West,Online,UPI,No,Student,False
ORD-10308,2024-03-23,March,Q1,Laptops,Computing,Apple,114500.0,0,114500.0,1,114500.0,70714.07,43785.93,38.24,Lucknow,North,Distributor,Debit Card,No,Small Business,False
ORD-10309,2024-11-06,November,Q4,Cameras,Imaging,Nikon,15600.0,10,14040.0,1,14040.0,9221.32,4818.68,34.32,Chennai,South,Retail Store,Debit Card,Yes,Enterprise,True
ORD-10310,2024-12-04,December,Q4,Headphones,Audio,JBL,6300.0,0,6300.0,3,18900.0,11880.18,7019.82,37.14,Jaipur,North,Distributor,UPI,No,Student,True
ORD-10311,2024-02-14,February,Q1,Headphones,Audio,Apple,12300.0,0,12300.0,1,12300.0,6828.31,5471.69,44.49,Bangalore,South,Retail Store,Net Banking,No,Individual,False
ORD-10312,2024-06-06,June,Q2,Cameras,Imaging,Fujifilm,77500.0,25,58125.0,1,58125.0,46732.57,11392.43,19.6,Jaipur,North,Online,Credit Card,No,Small Business,False
ORD-10313,2024-08-16,August,Q3,Smartphones,Mobile,OnePlus,39700.0,10,35730.0,2,71460.0,47262.72,24197.28,33.86,Hyderabad,South,Retail Store,UPI,No,Individual,False
ORD-10314,2024-02-13,February,Q1,Smartwatches,Wearables,Boat,19500.0,30,13650.0,3,40950.0,39074.79,1875.21,4.58,Jaipur,North,Online,Credit Card,No,Student,False
ORD-10315,2024-10-20,October,Q4,Smart TVs,Entertainment,OnePlus,70300.0,15,59755.0,5,298775.0,256790.25,41984.75,14.05,Mumbai,West,Retail Store,Cash,No,Small Business,True
ORD-10316,2024-03-02,March,Q1,Air Purifiers,Home Tech,Philips,38200.0,5,36290.0,1,36290.0,28437.34,7852.66,21.64,Chennai,South,Online,Credit Card,Yes,Student,False
ORD-10317,2024-04-13,April,Q2,Tablets,Mobile,Lenovo,26000.0,25,19500.0,2,39000.0,38107.4,892.6,2.29,Delhi,North,Online,Debit Card,No,Enterprise,False
ORD-10318,2024-09-23,September,Q3,Air Purifiers,Home Tech,Dyson,32500.0,20,26000.0,1,26000.0,21694.24,4305.76,16.56,Kolkata,East,Online,UPI,No,Individual,False
ORD-10319,2024-02-24,February,Q1,Gaming Consoles,Gaming,Sony,47500.0,30,33250.0,3,99750.0,93640.56,6109.44,6.12,Pune,West,Distributor,UPI,No,Student,False
ORD-10320,2024-01-20,January,Q1,Tablets,Mobile,Lenovo,30100.0,20,24080.0,1,24080.0,20219.1,3860.9,16.03,Kolkata,East,Online,EMI,No,Small Business,False
ORD-10321,2024-01-26,January,Q1,Air Purifiers,Home Tech,Xiaomi,36400.0,0,36400.0,1,36400.0,22479.67,13920.33,38.24,Hyderabad,South,Online,EMI,No,Individual,False
ORD-10322,2024-04-26,April,Q2,Tablets,Mobile,Lenovo,58700.0,15,49895.0,2,99790.0,82744.24,17045.76,17.08,Pune,West,Online,Credit Card,No,Small Business,False
ORD-10323,2024-08-14,August,Q3,Smart TVs,Entertainment,OnePlus,152100.0,30,106470.0,2,212940.0,198733.94,14206.06,6.67,Pune,West,Distributor,Credit Card,No,Enterprise,False
ORD-10324,2024-12-29,December,Q4,Routers,Networking,D-Link,2900.0,30,2030.0,1,2030.0,1899.09,130.91,6.45,Lucknow,North,Online,UPI,No,Individual,True
ORD-10325,2024-05-07,May,Q2,Smartphones,Mobile,Xiaomi,11600.0,10,10440.0,1,10440.0,8014.75,2425.25,23.23,Hyderabad,South,Online,Credit Card,No,Individual,False
ORD-10326,2024-12-14,December,Q4,Smartphones,Mobile,Apple,34800.0,20,27840.0,5,139200.0,111224.40000000001,27975.6,20.1,Ahmedabad,West,Retail Store,Credit Card,No,Enterprise,True
ORD-10327,2024-12-18,December,Q4,Laptops,Computing,Lenovo,27600.0,0,27600.0,3,82800.0,48237.75,34562.25,41.74,Lucknow,North,Distributor,UPI,No,Small Business,True
ORD-10328,2024-12-12,December,Q4,Smart TVs,Entertainment,Samsung,135500.0,20,108400.0,1,108400.0,75068.42,33331.58,30.75,Mumbai,West,Retail Store,UPI,No,Individual,True
ORD-10329,2024-04-24,April,Q2,Headphones,Audio,Apple,20200.0,10,18180.0,1,18180.0,13989.47,4190.53,23.05,Hyderabad,South,Retail Store,Credit Card,No,Enterprise,False
ORD-10330,2024-04-21,April,Q2,Air Purifiers,Home Tech,Xiaomi,28700.0,30,20090.0,1,20090.0,19364.5,725.5,3.61,Lucknow,North,Online,Credit Card,No,Enterprise,False
ORD-10331,2024-10-14,October,Q4,Gaming Consoles,Gaming,Nintendo,29900.0,25,22425.0,2,44850.0,34182.94,10667.06,23.78,Delhi,North,Online,UPI,No,Enterprise,True
ORD-10332,2024-05-13,May,Q2,Headphones,Audio,Boat,4200.0,30,2940.0,1,2940.0,2511.85,428.15,14.56,Mumbai,West,Distributor,EMI,No,Enterprise,False
ORD-10333,2024-12-14,December,Q4,Tablets,Mobile,Samsung,42800.0,10,38520.0,2,77040.0,51521.38,25518.62,33.12,Kolkata,East,Retail Store,Debit Card,No,Small Business,True
ORD-10334,2024-06-24,June,Q2,Smart TVs,Entertainment,Mi,133100.0,15,113135.0,3,339405.0,292010.22000000003,47394.78,13.96,Pune,West,Retail Store,EMI,No,Small Business,False
ORD-10335,2024-05-30,May,Q2,Laptops,Computing,Asus,37200.0,10,33480.0,1,33480.0,25855.39,7624.61,22.77,Jaipur,North,Distributor,UPI,No,Enterprise,False
ORD-10336,2024-12-01,December,Q4,Laptops,Computing,HP,58800.0,25,44100.0,2,88200.0,85176.08,3023.92,3.43,Kolkata,East,Distributor,Credit Card,No,Enterprise,True
ORD-10337,2024-08-25,August,Q3,Laptops,Computing,Asus,30100.0,25,22575.0,2,45150.0,40136.24,5013.76,11.1,Lucknow,North,Online,EMI,No,Student,False
ORD-10338,2024-09-28,September,Q3,Headphones,Audio,Sennheiser,1800.0,30,1260.0,1,1260.0,1044.28,215.72,17.12,Chennai,South,Online,Net Banking,No,Student,False
ORD-10339,2024-03-14,March,Q1,Smartwatches,Wearables,Samsung,35400.0,15,30090.0,1,30090.0,21825.02,8264.98,27.47,Bangalore,South,Online,UPI,No,Small Business,False
ORD-10340,2024-03-27,March,Q1,Gaming Consoles,Gaming,Sony,37100.0,30,25970.0,3,77910.0,78572.28,-662.28,-0.85,Bangalore,South,Retail Store,Debit Card,No,Student,False
ORD-10341,2024-07-15,July,Q3,Smartphones,Mobile,Samsung,46400.0,25,34800.0,3,104400.0,86947.14,17452.86,16.72,Mumbai,West,Distributor,EMI,No,Individual,False
ORD-10342,2024-12-12,December,Q4,Smartphones,Mobile,Apple,24300.0,10,21870.0,2,43740.0,29763.54,13976.46,31.95,Delhi,North,Online,Debit Card,No,Individual,True
ORD-10343,2024-06-01,June,Q2,Headphones,Audio,Sennheiser,18300.0,20,14640.0,1,14640.0,11983.27,2656.73,18.15,Kolkata,East,Distributor,Net Banking,No,Student,False
ORD-10344,2024-07-02,July,Q3,Smart TVs,Entertainment,LG,190400.0,30,133280.0,1,133280.0,120081.15,13198.85,9.9,Chennai,South,Online,Net Banking,No,Individual,False
ORD-10345,2024-10-28,October,Q4,Routers,Networking,Netgear,2700.0,25,2025.0,2,4050.0,3672.58,377.42,9.32,Mumbai,West,Online,Debit Card,No,Individual,True
ORD-10346,2024-10-31,October,Q4,Smartphones,Mobile,Samsung,55100.0,0,55100.0,6,330600.0,185019.3,145580.7,44.04,Delhi,North,Retail Store,Credit Card,No,Student,True
ORD-10347,2024-12-25,December,Q4,Tablets,Mobile,Apple,44800.0,25,33600.0,2,67200.0,49446.74,17753.26,26.42,Kolkata,East,Retail Store,Debit Card,No,Small Business,True
ORD-10348,2024-08-02,August,Q3,Laptops,Computing,Apple,93300.0,0,93300.0,3,279900.0,169770.93,110129.07,39.35,Delhi,North,Retail Store,Debit Card,No,Small Business,False
ORD-10349,2024-07-02,July,Q3,Cameras,Imaging,Sony,30800.0,20,24640.0,2,49280.0,39995.1,9284.9,18.84,Chennai,South,Retail Store,Credit Card,No,Individual,False
ORD-10350,2024-12-09,December,Q4,Laptops,Computing,Dell,104300.0,25,78225.0,2,156450.0,135344.02,21105.98,13.49,Delhi,North,Distributor,UPI,No,Enterprise,True
ORD-10351,2024-11-25,November,Q4,Smart TVs,Entertainment,OnePlus,197900.0,10,178110.0,6,1068660.0,715794.42,352865.58,33.02,Mumbai,West,Online,UPI,No,Enterprise,True
ORD-10352,2024-07-03,July,Q3,Smartwatches,Wearables,Noise,33600.0,0,33600.0,4,134400.0,96801.48,37598.52,27.98,Mumbai,West,Online,UPI,No,Enterprise,False
ORD-10353,2024-07-02,July,Q3,Air Purifiers,Home Tech,Xiaomi,35700.0,0,35700.0,2,71400.0,44591.04,26808.96,37.55,Pune,West,Online,Credit Card,Yes,Enterprise,False
ORD-10354,2024-07-16,July,Q3,Air Purifiers,Home Tech,Sharp,27700.0,30,19390.0,1,19390.0,16158.95,3231.05,16.66,Bangalore,South,Retail Store,UPI,Yes,Small Business,False
ORD-10355,2024-02-23,February,Q1,Cameras,Imaging,Fujifilm,121900.0,25,91425.0,3,274275.0,233182.23,41092.77,14.98,Lucknow,North,Online,Credit Card,No,Small Business,False
ORD-10356,2024-09-04,September,Q3,Air Purifiers,Home Tech,Dyson,36100.0,15,30685.0,2,61370.0,40373.84,20996.16,34.21,Hyderabad,South,Retail Store,UPI,No,Small Business,False
ORD-10357,2024-12-08,December,Q4,Smartwatches,Wearables,Boat,24300.0,25,18225.0,3,54675.0,49108.92,5566.08,10.18,Kolkata,East,Retail Store,UPI,No,Student,True
ORD-10358,2024-03-17,March,Q1,Routers,Networking,TP-Link,1200.0,5,1140.0,1,1140.0,781.34,358.66,31.46,Ahmedabad,West,Distributor,EMI,No,Student,False
ORD-10359,2024-06-13,June,Q2,Smart TVs,Entertainment,Samsung,194500.0,0,194500.0,1,194500.0,126694.55,67805.45,34.86,Jaipur,North,Retail Store,Credit Card,No,Student,False
ORD-10360,2024-08-15,August,Q3,Gaming Consoles,Gaming,Microsoft,23100.0,15,19635.0,5,98175.0,73852.25,24322.75,24.77,Delhi,North,Corporate,Debit Card,No,Student,False
ORD-10361,2024-07-30,July,Q3,Smartphones,Mobile,Vivo,47500.0,30,33250.0,3,99750.0,80965.53,18784.47,18.83,Lucknow,North,Corporate,Debit Card,No,Small Business,False
ORD-10362,2024-12-01,December,Q4,Air Purifiers,Home Tech,Xiaomi,17700.0,0,17700.0,5,88500.0,63128.6,25371.4,28.67,Ahmedabad,West,Online,EMI,No,Enterprise,True
ORD-10363,2024-08-19,August,Q3,Laptops,Computing,Dell,97100.0,5,92245.0,2,184490.0,106895.32,77594.68,42.06,Pune,West,Distributor,Net Banking,No,Enterprise,False
ORD-10364,2024-12-25,December,Q4,Laptops,Computing,Dell,110200.0,15,93670.0,1,93670.0,63705.5,29964.5,31.99,Kolkata,East,Online,Debit Card,No,Student,True
ORD-10365,2024-04-20,April,Q2,Air Purifiers,Home Tech,Philips,30100.0,0,30100.0,1,30100.0,21113.04,8986.96,29.86,Mumbai,West,Corporate,EMI,No,Student,False
ORD-10366,2024-08-22,August,Q3,Gaming Consoles,Gaming,Nintendo,24700.0,15,20995.0,1,20995.0,13606.43,7388.57,35.19,Mumbai,West,Retail Store,Credit Card,No,Small Business,False
ORD-10367,2024-12-20,December,Q4,Gaming Consoles,Gaming,Sony,45600.0,5,43320.0,1,43320.0,26024.41,17295.59,39.93,Lucknow,North,Retail Store,Credit Card,No,Student,True
ORD-10368,2024-11-07,November,Q4,Smart TVs,Entertainment,Samsung,88600.0,10,79740.0,3,239220.0,197781.33000000002,41438.67,17.32,Ahmedabad,West,Distributor,UPI,No,Enterprise,True
ORD-10369,2024-12-25,December,Q4,Routers,Networking,Asus,11000.0,20,8800.0,3,26400.0,22325.04,4074.96,15.44,Chennai,South,Online,Debit Card,No,Small Business,True
ORD-10370,2024-12-29,December,Q4,Tablets,Mobile,Lenovo,45500.0,30,31850.0,5,159250.0,141151.8,18098.2,11.36,Ahmedabad,West,Retail Store,Cash,No,Enterprise,True
ORD-10371,2024-08-04,August,Q3,Smartphones,Mobile,Vivo,15700.0,15,13345.0,2,26690.0,18182.66,8507.34,31.87,Mumbai,West,Online,EMI,No,Enterprise,False
ORD-10372,2024-12-15,December,Q4,Headphones,Audio,Boat,21100.0,25,15825.0,5,79125.0,74574.95,4550.05,5.75,Chennai,South,Distributor,UPI,No,Individual,True
ORD-10373,2024-11-11,November,Q4,Routers,Networking,Netgear,11400.0,20,9120.0,1,9120.0,7156.66,1963.34,21.53,Jaipur,North,Distributor,EMI,No,Individual,True
ORD-10374,2024-07-14,July,Q3,Cameras,Imaging,Fujifilm,143900.0,25,107925.0,2,215850.0,176286.36,39563.64,18.33,Jaipur,North,Online,Debit Card,No,Student,False
ORD-10375,2024-04-25,April,Q2,Smartwatches,Wearables,Boat,25300.0,20,20240.0,1,20240.0,14909.13,5330.87,26.34,Chennai,South,Online,UPI,No,Small Business,False
ORD-10376,2024-03-29,March,Q1,Routers,Networking,TP-Link,6300.0,15,5355.0,5,26775.0,19083.399999999998,7691.6,28.73,Hyderabad,South,Online,Debit Card,No,Enterprise,False
ORD-10377,2024-08-26,August,Q3,Tablets,Mobile,Samsung,17700.0,10,15930.0,2,31860.0,23695.92,8164.08,25.62,Lucknow,North,Distributor,Credit Card,No,Enterprise,False
ORD-10378,2024-02-07,February,Q1,Smartwatches,Wearables,Boat,11100.0,5,10545.0,2,21090.0,14521.5,6568.5,31.15,Jaipur,North,Online,Credit Card,No,Enterprise,False
ORD-10379,2024-04-23,April,Q2,Smart TVs,Entertainment,Samsung,76200.0,10,68580.0,3,205740.0,135717.33000000002,70022.67,34.03,Lucknow,North,Retail Store,Net Banking,No,Individual,False
ORD-10380,2024-02-28,February,Q1,Smartwatches,Wearables,Noise,12000.0,25,9000.0,2,18000.0,16145.76,1854.24,10.3,Lucknow,North,Online,UPI,No,Student,False
ORD-10381,2024-02-28,February,Q1,Cameras,Imaging,Sony,84700.0,10,76230.0,6,457380.0,282021.12,175358.88,38.34,Jaipur,North,Distributor,Credit Card,No,Student,False
ORD-10382,2024-09-06,September,Q3,Smartphones,Mobile,OnePlus,72700.0,5,69065.0,2,138130.0,89284.7,48845.3,35.36,Delhi,North,Corporate,UPI,Yes,Individual,False
ORD-10383,2024-11-16,November,Q4,Laptops,Computing,HP,88700.0,30,62090.0,2,124180.0,105133.46,19046.54,15.34,Kolkata,East,Distributor,UPI,No,Student,True
ORD-10384,2024-11-27,November,Q4,Laptops,Computing,HP,27300.0,25,20475.0,2,40950.0,33652.34,7297.66,17.82,Delhi,North,Online,UPI,No,Individual,True
ORD-10385,2024-10-21,October,Q4,Smart TVs,Entertainment,Samsung,90400.0,15,76840.0,3,230520.0,183342.99,47177.01,20.47,Kolkata,East,Online,Credit Card,No,Individual,True
ORD-10386,2024-11-24,November,Q4,Gaming Consoles,Gaming,Sony,46500.0,20,37200.0,3,111600.0,77994.93000000001,33605.07,30.11,Delhi,North,Online,Credit Card,No,Enterprise,True
ORD-10387,2024-11-06,November,Q4,Laptops,Computing,Lenovo,97700.0,15,83045.0,3,249135.0,183563.46,65571.54,26.32,Mumbai,West,Retail Store,Credit Card,No,Student,True
ORD-10388,2024-10-06,October,Q4,Headphones,Audio,Boat,7800.0,30,5460.0,7,38220.0,39499.18,-1279.18,-3.35,Pune,West,Corporate,UPI,No,Small Business,True
ORD-10389,2024-03-04,March,Q1,Smartphones,Mobile,Samsung,49200.0,15,41820.0,1,41820.0,32345.58,9474.42,22.66,Delhi,North,Online,Debit Card,No,Enterprise,False
ORD-10390,2024-04-18,April,Q2,Cameras,Imaging,Nikon,30900.0,5,29355.0,2,58710.0,41614.7,17095.3,29.12,Hyderabad,South,Online,UPI,No,Individual,False
ORD-10391,2024-10-08,October,Q4,Air Purifiers,Home Tech,Dyson,15200.0,0,15200.0,1,15200.0,9122.09,6077.91,39.99,Chennai,South,Retail Store,Credit Card,No,Small Business,True
ORD-10392,2024-12-09,December,Q4,Smart TVs,Entertainment,Sony,67800.0,0,67800.0,2,135600.0,98991.22,36608.78,27.0,Pune,West,Retail Store,Credit Card,No,Small Business,True
ORD-10393,2024-10-16,October,Q4,Gaming Consoles,Gaming,Microsoft,48300.0,15,41055.0,3,123165.0,84582.18000000001,38582.82,31.33,Pune,West,Online,UPI,No,Student,True
ORD-10394,2024-05-21,May,Q2,Smartwatches,Wearables,Samsung,31100.0,10,27990.0,2,55980.0,45130.9,10849.1,19.38,Ahmedabad,West,Retail Store,EMI,No,Individual,False
ORD-10395,2024-03-30,March,Q1,Gaming Consoles,Gaming,Sony,49500.0,30,34650.0,2,69300.0,70813.58,-1513.58,-2.18,Jaipur,North,Online,Debit Card,No,Individual,False
ORD-10396,2024-01-10,January,Q1,Routers,Networking,TP-Link,12400.0,20,9920.0,1,9920.0,7824.73,2095.27,21.12,Lucknow,North,Online,UPI,No,Student,False
ORD-10397,2024-11-30,November,Q4,Tablets,Mobile,Lenovo,29600.0,30,20720.0,5,103600.0,98852.2,4747.8,4.58,Hyderabad,South,Online,Credit Card,No,Enterprise,True
ORD-10398,2024-09-14,September,Q3,Smartphones,Mobile,Apple,69100.0,30,48370.0,1,48370.0,51574.21,-3204.21,-6.62,Bangalore,South,Distributor,UPI,No,Small Business,False
ORD-10399,2024-09-04,September,Q3,Smartwatches,Wearables,Apple,11000.0,15,9350.0,2,18700.0,13119.7,5580.3,29.84,Hyderabad,South,Online,UPI,No,Enterprise,False
ORD-10400,2024-07-17,July,Q3,Air Purifiers,Home Tech,Sharp,35900.0,0,35900.0,2,71800.0,53571.26,18228.74,25.39,Pune,West,Online,Net Banking,No,Enterprise,False
ORD-10401,2024-05-14,May,Q2,Gaming Consoles,Gaming,Nintendo,40000.0,15,34000.0,1,34000.0,27229.4,6770.6,19.91,Pune,West,Retail Store,EMI,No,Enterprise,False
ORD-10402,2024-07-11,July,Q3,Smart TVs,Entertainment,Mi,90100.0,30,63070.0,1,63070.0,65191.3,-2121.3,-3.36,Ahmedabad,West,Distributor,EMI,No,Small Business,False
ORD-10403,2024-08-13,August,Q3,Tablets,Mobile,Apple,13900.0,25,10425.0,4,41700.0,33702.6,7997.4,19.18,Bangalore,South,Online,Credit Card,No,Individual,False
ORD-10404,2024-12-04,December,Q4,Smart TVs,Entertainment,OnePlus,165100.0,25,123825.0,1,123825.0,94547.44,29277.56,23.64,Ahmedabad,West,Retail Store,Debit Card,No,Student,True
ORD-10405,2024-01-12,January,Q1,Smart TVs,Entertainment,Sony,38700.0,20,30960.0,1,30960.0,22532.14,8427.86,27.22,Jaipur,North,Online,Debit Card,No,Enterprise,False
ORD-10406,2024-04-02,April,Q2,Routers,Networking,D-Link,9400.0,20,7520.0,2,15040.0,12737.46,2302.54,15.31,Hyderabad,South,Corporate,UPI,No,Student,False
ORD-10407,2024-09-03,September,Q3,Tablets,Mobile,Apple,51500.0,20,41200.0,2,82400.0,59589.88,22810.12,27.68,Lucknow,North,Distributor,UPI,No,Enterprise,False
ORD-10408,2024-03-26,March,Q1,Smartwatches,Wearables,Noise,27400.0,0,27400.0,3,82200.0,48988.14,33211.86,40.4,Kolkata,East,Online,UPI,No,Student,False
ORD-10409,2024-03-17,March,Q1,Gaming Consoles,Gaming,Sony,26200.0,20,20960.0,2,41920.0,35106.04,6813.96,16.25,Jaipur,North,Retail Store,UPI,No,Small Business,False
ORD-10410,2024-11-04,November,Q4,Routers,Networking,TP-Link,13600.0,30,9520.0,1,9520.0,9325.68,194.32,2.04,Kolkata,East,Retail Store,Credit Card,No,Student,True
ORD-10411,2024-04-27,April,Q2,Air Purifiers,Home Tech,Sharp,17300.0,30,12110.0,2,24220.0,24160.44,59.56,0.25,Lucknow,North,Online,UPI,No,Small Business,False
ORD-10412,2024-02-12,February,Q1,Headphones,Audio,Apple,22000.0,15,18700.0,2,37400.0,26468.68,10931.32,29.23,Mumbai,West,Retail Store,EMI,No,Individual,False
ORD-10413,2024-09-23,September,Q3,Smartphones,Mobile,Xiaomi,55100.0,25,41325.0,3,123975.0,117504.72,6470.28,5.22,Kolkata,East,Online,UPI,No,Enterprise,False
ORD-10414,2024-05-13,May,Q2,Routers,Networking,D-Link,8900.0,20,7120.0,1,7120.0,5385.5,1734.5,24.36,Kolkata,East,Distributor,Credit Card,No,Student,False
ORD-10415,2024-04-01,April,Q2,Smartwatches,Wearables,Boat,25600.0,10,23040.0,2,46080.0,38282.32,7797.68,16.92,Lucknow,North,Online,Debit Card,No,Individual,False
ORD-10416,2024-04-27,April,Q2,Air Purifiers,Home Tech,Philips,8500.0,20,6800.0,1,6800.0,5355.95,1444.05,21.24,Pune,West,Distributor,Debit Card,No,Individual,False
ORD-10417,2024-03-23,March,Q1,Cameras,Imaging,Canon,122200.0,30,85540.0,3,256620.0,212285.49,44334.51,17.28,Lucknow,North,Retail Store,UPI,No,Individual,False
ORD-10418,2024-11-07,November,Q4,Smartphones,Mobile,Xiaomi,75000.0,15,63750.0,3,191250.0,151378.44,39871.56,20.85,Jaipur,North,Online,Net Banking,No,Small Business,True
ORD-10419,2024-11-23,November,Q4,Air Purifiers,Home Tech,Sharp,5400.0,30,3780.0,5,18900.0,18397.149999999998,502.85,2.66,Jaipur,North,Online,UPI,No,Small Business,True
ORD-10420,2024-11-10,November,Q4,Tablets,Mobile,Samsung,28000.0,25,21000.0,1,21000.0,15401.61,5598.39,26.66,Bangalore,South,Online,UPI,No,Student,True
ORD-10421,2024-07-26,July,Q3,Gaming Consoles,Gaming,Sony,38100.0,25,28575.0,4,114300.0,105266.4,9033.6,7.9,Delhi,North,Retail Store,Debit Card,No,Enterprise,False
ORD-10422,2024-06-26,June,Q2,Headphones,Audio,Boat,15400.0,5,14630.0,1,14630.0,9870.66,4759.34,32.53,Kolkata,East,Retail Store,UPI,No,Individual,False
ORD-10423,2024-10-13,October,Q4,Laptops,Computing,Apple,53000.0,0,53000.0,2,106000.0,75322.38,30677.62,28.94,Hyderabad,South,Distributor,EMI,No,Student,True
ORD-10424,2024-07-12,July,Q3,Gaming Consoles,Gaming,Microsoft,46900.0,30,32830.0,1,32830.0,28981.02,3848.98,11.72,Ahmedabad,West,Retail Store,EMI,No,Student,False
ORD-10425,2024-02-29,February,Q1,Headphones,Audio,Sony,9900.0,30,6930.0,2,13860.0,14827.02,-967.02,-6.98,Chennai,South,Distributor,Credit Card,No,Individual,False
ORD-10426,2024-12-24,December,Q4,Headphones,Audio,Boat,7500.0,15,6375.0,2,12750.0,10271.1,2478.9,19.44,Pune,West,Online,Cash,No,Enterprise,True
ORD-10427,2024-04-21,April,Q2,Gaming Consoles,Gaming,Microsoft,26400.0,25,19800.0,1,19800.0,18126.81,1673.19,8.45,Chennai,South,Retail Store,UPI,No,Enterprise,False
ORD-10428,2024-04-15,April,Q2,Smart TVs,Entertainment,LG,169500.0,30,118650.0,2,237300.0,228390.86,8909.14,3.75,Bangalore,South,Distributor,UPI,No,Student,False
ORD-10429,2024-11-10,November,Q4,Smartphones,Mobile,Vivo,77000.0,30,53900.0,5,269500.0,248886.5,20613.5,7.65,Lucknow,North,Online,EMI,No,Enterprise,True
ORD-10430,2024-09-08,September,Q3,Tablets,Mobile,Lenovo,29900.0,30,20930.0,1,20930.0,19893.46,1036.54,4.95,Mumbai,West,Retail Store,Credit Card,Yes,Individual,False
ORD-10431,2024-09-14,September,Q3,Smartwatches,Wearables,Noise,38900.0,30,27230.0,2,54460.0,45509.9,8950.1,16.43,Delhi,North,Retail Store,Credit Card,No,Individual,False
ORD-10432,2024-12-11,December,Q4,Smart TVs,Entertainment,OnePlus,122500.0,10,110250.0,3,330750.0,228702.77999999997,102047.22,30.85,Hyderabad,South,Online,UPI,No,Enterprise,True
ORD-10433,2024-07-06,July,Q3,Tablets,Mobile,Huawei,31200.0,15,26520.0,1,26520.0,21532.45,4987.55,18.81,Pune,West,Online,Credit Card,No,Small Business,False
ORD-10434,2024-10-21,October,Q4,Smart TVs,Entertainment,Sony,148400.0,30,103880.0,2,207760.0,177237.4,30522.6,14.69,Kolkata,East,Distributor,UPI,No,Small Business,True
ORD-10435,2024-08-30,August,Q3,Smartphones,Mobile,Apple,38300.0,5,36385.0,1,36385.0,28691.0,7694.0,21.15,Jaipur,North,Retail Store,Credit Card,No,Enterprise,False
ORD-10436,2024-10-14,October,Q4,Gaming Consoles,Gaming,Sony,33900.0,25,25425.0,1,25425.0,19752.46,5672.54,22.31,Chennai,South,Distributor,Credit Card,No,Student,True
ORD-10437,2024-06-20,June,Q2,Headphones,Audio,JBL,9300.0,20,7440.0,1,7440.0,6848.23,591.77,7.95,Hyderabad,South,Online,Credit Card,No,Small Business,False
ORD-10438,2024-10-22,October,Q4,Gaming Consoles,Gaming,Nintendo,42700.0,5,40565.0,3,121695.0,95546.54999999999,26148.45,21.49,Hyderabad,South,Online,Debit Card,No,Student,True
ORD-10439,2024-02-10,February,Q1,Cameras,Imaging,Sony,73900.0,5,70205.0,1,70205.0,53477.85,16727.15,23.83,Pune,West,Retail Store,Debit Card,No,Individual,False
ORD-10440,2024-02-10,February,Q1,Tablets,Mobile,Lenovo,21400.0,10,19260.0,2,38520.0,29129.8,9390.2,24.38,Hyderabad,South,Retail Store,Credit Card,No,Enterprise,False
ORD-10441,2024-10-27,October,Q4,Routers,Networking,D-Link,6800.0,5,6460.0,1,6460.0,4901.73,1558.27,24.12,Bangalore,South,Retail Store,Debit Card,Yes,Individual,True
ORD-10442,2024-04-17,April,Q2,Tablets,Mobile,Huawei,15200.0,0,15200.0,5,76000.0,56039.25,19960.75,26.26,Ahmedabad,West,Retail Store,UPI,No,Individual,False
ORD-10443,2024-02-23,February,Q1,Headphones,Audio,Apple,4300.0,25,3225.0,1,3225.0,3166.17,58.83,1.82,Kolkata,East,Online,UPI,No,Small Business,False
ORD-10444,2024-03-08,March,Q1,Routers,Networking,Netgear,1400.0,25,1050.0,4,4200.0,3479.68,720.32,17.15,Pune,West,Distributor,Credit Card,No,Enterprise,False
ORD-10445,2024-10-07,October,Q4,Air Purifiers,Home Tech,Philips,38900.0,25,29175.0,2,58350.0,51181.32,7168.68,12.29,Lucknow,North,Retail Store,Debit Card,No,Student,True
ORD-10446,2024-09-25,September,Q3,Routers,Networking,Asus,13700.0,15,11645.0,1,11645.0,9013.69,2631.31,22.6,Delhi,North,Retail Store,Credit Card,No,Enterprise,False
ORD-10447,2024-01-06,January,Q1,Smartphones,Mobile,Vivo,66700.0,30,46690.0,1,46690.0,38503.25,8186.75,17.53,Hyderabad,South,Retail Store,UPI,Yes,Student,False
ORD-10448,2024-06-02,June,Q2,Smartphones,Mobile,Xiaomi,65500.0,20,52400.0,2,104800.0,78107.84,26692.16,25.47,Mumbai,West,Retail Store,UPI,No,Student,False
ORD-10449,2024-07-21,July,Q3,Smart TVs,Entertainment,LG,147300.0,25,110475.0,2,220950.0,184992.5,35957.5,16.27,Kolkata,East,Online,UPI,No,Enterprise,False
ORD-10450,2024-05-25,May,Q2,Routers,Networking,Asus,6800.0,30,4760.0,2,9520.0,7666.22,1853.78,19.47,Bangalore,South,Online,Debit Card,No,Enterprise,False
ORD-10451,2024-12-24,December,Q4,Gaming Consoles,Gaming,Microsoft,26600.0,0,26600.0,3,79800.0,46318.29,33481.71,41.96,Jaipur,North,Online,Net Banking,No,Small Business,True
ORD-10452,2024-08-12,August,Q3,Smartphones,Mobile,Apple,14500.0,0,14500.0,1,14500.0,9406.38,5093.62,35.13,Pune,West,Retail Store,EMI,No,Enterprise,False
ORD-10453,2024-08-25,August,Q3,Smartphones,Mobile,OnePlus,13800.0,30,9660.0,1,9660.0,10216.54,-556.54,-5.76,Mumbai,West,Online,Credit Card,No,Small Business,False
ORD-10454,2024-04-08,April,Q2,Headphones,Audio,Sennheiser,20800.0,0,20800.0,1,20800.0,15494.33,5305.67,25.51,Chennai,South,Online,Net Banking,No,Individual,False
ORD-10455,2024-04-11,April,Q2,Air Purifiers,Home Tech,Dyson,23200.0,5,22040.0,4,88160.0,59815.64,28344.36,32.15,Hyderabad,South,Corporate,UPI,No,Individual,False
ORD-10456,2024-05-09,May,Q2,Air Purifiers,Home Tech,Xiaomi,12000.0,0,12000.0,1,12000.0,8672.78,3327.22,27.73,Chennai,South,Corporate,UPI,No,Individual,False
ORD-10457,2024-03-26,March,Q1,Headphones,Audio,Apple,3400.0,30,2380.0,4,9520.0,8141.2,1378.8,14.48,Mumbai,West,Retail Store,Debit Card,No,Small Business,False
ORD-10458,2024-07-09,July,Q3,Laptops,Computing,HP,40000.0,0,40000.0,3,120000.0,82462.68000000001,37537.32,31.28,Pune,West,Corporate,Net Banking,No,Individual,False
ORD-10459,2024-07-01,July,Q3,Tablets,Mobile,Samsung,16300.0,5,15485.0,2,30970.0,19995.14,10974.86,35.44,Jaipur,North,Distributor,EMI,No,Student,False
ORD-10460,2024-04-08,April,Q2,Smartphones,Mobile,Xiaomi,33800.0,5,32110.0,3,96330.0,60854.13,35475.87,36.83,Mumbai,West,Retail Store,Credit Card,No,Student,False
ORD-10461,2024-04-07,April,Q2,Gaming Consoles,Gaming,Sony,39000.0,10,35100.0,2,70200.0,54325.48,15874.52,22.61,Hyderabad,South,Distributor,Debit Card,No,Small Business,False
ORD-10462,2024-02-05,February,Q1,Routers,Networking,Netgear,7300.0,30,5110.0,2,10220.0,8798.98,1421.02,13.9,Pune,West,Retail Store,EMI,No,Small Business,False
ORD-10463,2024-01-10,January,Q1,Gaming Consoles,Gaming,Microsoft,47200.0,5,44840.0,2,89680.0,57974.7,31705.3,35.35,Delhi,North,Retail Store,Credit Card,No,Student,False
ORD-10464,2024-10-09,October,Q4,Tablets,Mobile,Lenovo,26100.0,25,19575.0,3,58725.0,48107.909999999996,10617.09,18.08,Delhi,North,Retail Store,UPI,No,Small Business,True
ORD-10465,2024-04-01,April,Q2,Smartphones,Mobile,Apple,15700.0,5,14915.0,1,14915.0,8945.09,5969.91,40.03,Lucknow,North,Retail Store,Credit Card,No,Enterprise,False
ORD-10466,2024-01-26,January,Q1,Smartwatches,Wearables,Samsung,27900.0,0,27900.0,2,55800.0,30836.04,24963.96,44.74,Chennai,South,Retail Store,Cash,No,Student,False
ORD-10467,2024-11-23,November,Q4,Smartphones,Mobile,OnePlus,48200.0,15,40970.0,3,122910.0,103303.01999999999,19606.98,15.95,Mumbai,West,Distributor,UPI,No,Individual,True
ORD-10468,2024-06-04,June,Q2,Laptops,Computing,HP,116300.0,0,116300.0,1,116300.0,66319.5,49980.5,42.98,Chennai,South,Retail Store,UPI,No,Small Business,False
ORD-10469,2024-10-18,October,Q4,Tablets,Mobile,Huawei,47300.0,30,33110.0,1,33110.0,32056.39,1053.61,3.18,Pune,West,Retail Store,Debit Card,No,Individual,True
ORD-10470,2024-03-26,March,Q1,Tablets,Mobile,Huawei,35200.0,25,26400.0,1,26400.0,20473.56,5926.44,22.45,Lucknow,North,Retail Store,Credit Card,No,Enterprise,False
ORD-10471,2024-07-09,July,Q3,Cameras,Imaging,Fujifilm,125300.0,10,112770.0,2,225540.0,168323.68,57216.32,25.37,Lucknow,North,Retail Store,Credit Card,No,Enterprise,False
ORD-10472,2024-07-03,July,Q3,Air Purifiers,Home Tech,Sharp,38600.0,0,38600.0,2,77200.0,53674.28,23525.72,30.47,Hyderabad,South,Retail Store,Credit Card,Yes,Enterprise,False
ORD-10473,2024-01-04,January,Q1,Headphones,Audio,Boat,5800.0,10,5220.0,1,5220.0,3215.17,2004.83,38.41,Hyderabad,South,Corporate,Credit Card,No,Small Business,False
ORD-10474,2024-02-18,February,Q1,Smartphones,Mobile,Xiaomi,33600.0,5,31920.0,1,31920.0,20260.72,11659.28,36.53,Lucknow,North,Online,UPI,No,Student,False
ORD-10475,2024-10-18,October,Q4,Smart TVs,Entertainment,Sony,148900.0,30,104230.0,6,625380.0,577589.04,47790.96,7.64,Ahmedabad,West,Distributor,Debit Card,No,Individual,True
ORD-10476,2024-10-31,October,Q4,Headphones,Audio,Sony,18400.0,20,14720.0,2,29440.0,23048.18,6391.82,21.71,Mumbai,West,Corporate,Credit Card,No,Student,True
ORD-10477,2024-08-01,August,Q3,Laptops,Computing,HP,96000.0,30,67200.0,1,67200.0,64364.19,2835.81,4.22,Mumbai,West,Retail Store,Debit Card,No,Individual,False
ORD-10478,2024-06-12,June,Q2,Routers,Networking,Netgear,5600.0,25,4200.0,1,4200.0,3327.29,872.71,20.78,Mumbai,West,Retail Store,Net Banking,Yes,Individual,False
ORD-10479,2024-04-23,April,Q2,Cameras,Imaging,Sony,119700.0,5,113715.0,1,113715.0,68999.61,44715.39,39.32,Delhi,North,Retail Store,Debit Card,No,Enterprise,False
ORD-10480,2024-02-13,February,Q1,Cameras,Imaging,Fujifilm,117900.0,5,112005.0,2,224010.0,165627.48,58382.52,26.06,Ahmedabad,West,Retail Store,Credit Card,No,Small Business,False
ORD-10481,2024-10-14,October,Q4,Gaming Consoles,Gaming,Nintendo,38300.0,5,36385.0,1,36385.0,21613.79,14771.21,40.6,Kolkata,East,Online,Cash,No,Student,True
ORD-10482,2024-08-04,August,Q3,Smartwatches,Wearables,Garmin,9800.0,10,8820.0,3,26460.0,19662.0,6798.0,25.69,Mumbai,West,Distributor,UPI,No,Student,False
ORD-10483,2024-11-15,November,Q4,Tablets,Mobile,Huawei,12200.0,30,8540.0,5,42700.0,36398.55,6301.45,14.76,Pune,West,Online,Debit Card,No,Individual,True
ORD-10484,2024-05-04,May,Q2,Gaming Consoles,Gaming,Sony,50400.0,30,35280.0,1,35280.0,30619.87,4660.13,13.21,Pune,West,Retail Store,UPI,No,Individual,False
ORD-10485,2024-06-18,June,Q2,Smart TVs,Entertainment,Mi,54200.0,20,43360.0,1,43360.0,35482.2,7877.8,18.17,Hyderabad,South,Retail Store,Debit Card,Yes,Individual,False
ORD-10486,2024-07-11,July,Q3,Gaming Consoles,Gaming,Nintendo,38400.0,10,34560.0,2,69120.0,44856.1,24263.9,35.1,Hyderabad,South,Online,Debit Card,No,Student,False
ORD-10487,2024-12-01,December,Q4,Smartphones,Mobile,Samsung,36000.0,10,32400.0,2,64800.0,49146.94,15653.06,24.16,Pune,West,Distributor,UPI,No,Student,True
ORD-10488,2024-04-28,April,Q2,Cameras,Imaging,Canon,136300.0,15,115855.0,3,347565.0,295779.69,51785.31,14.9,Jaipur,North,Online,UPI,Yes,Individual,False
ORD-10489,2024-01-21,January,Q1,Smart TVs,Entertainment,Mi,71400.0,15,60690.0,5,303450.0,224438.75,79011.25,26.04,Bangalore,South,Online,Debit Card,No,Enterprise,False
ORD-10490,2024-04-30,April,Q2,Routers,Networking,Asus,12400.0,25,9300.0,2,18600.0,14918.08,3681.92,19.8,Kolkata,East,Distributor,EMI,No,Enterprise,False
ORD-10491,2024-04-25,April,Q2,Tablets,Mobile,Lenovo,54900.0,25,41175.0,3,123525.0,95106.36,28418.64,23.01,Kolkata,East,Retail Store,Debit Card,No,Small Business,False
ORD-10492,2024-08-01,August,Q3,Smart TVs,Entertainment,Mi,43300.0,10,38970.0,3,116910.0,95079.93000000001,21830.07,18.67,Pune,West,Retail Store,UPI,No,Small Business,False
ORD-10493,2024-03-11,March,Q1,Headphones,Audio,Apple,22800.0,15,19380.0,2,38760.0,34160.66,4599.34,11.87,Bangalore,South,Retail Store,Debit Card,No,Individual,False
ORD-10494,2024-10-12,October,Q4,Routers,Networking,TP-Link,3600.0,30,2520.0,6,15120.0,15680.04,-560.04,-3.7,Mumbai,West,Distributor,EMI,No,Student,True
ORD-10495,2024-06-04,June,Q2,Air Purifiers,Home Tech,Xiaomi,10300.0,5,9785.0,1,9785.0,5884.95,3900.05,39.86,Bangalore,South,Online,Net Banking,No,Small Business,False
ORD-10496,2024-11-01,November,Q4,Smart TVs,Entertainment,LG,142200.0,10,127980.0,6,767880.0,482821.68,285058.32,37.12,Ahmedabad,West,Online,EMI,No,Enterprise,True
ORD-10497,2024-04-04,April,Q2,Cameras,Imaging,Fujifilm,75300.0,5,71535.0,1,71535.0,44325.49,27209.51,38.04,Mumbai,West,Retail Store,Net Banking,Yes,Student,False
ORD-10498,2024-04-23,April,Q2,Smart TVs,Entertainment,LG,27200.0,15,23120.0,1,23120.0,19677.18,3442.82,14.89,Ahmedabad,West,Retail Store,EMI,No,Student,False
ORD-10499,2024-07-26,July,Q3,Smartphones,Mobile,Vivo,60900.0,15,51765.0,1,51765.0,42267.05,9497.95,18.35,Kolkata,East,Retail Store,Debit Card,No,Individual,False
ORD-10500,2024-09-23,September,Q3,Laptops,Computing,Asus,68400.0,0,68400.0,2,136800.0,99256.06,37543.94,27.44,Chennai,South,Retail Store,Credit Card,No,Student,False
ORD-10501,2024-09-21,September,Q3,Smartphones,Mobile,Apple,29000.0,15,24650.0,1,24650.0,21079.51,3570.49,14.48,Hyderabad,South,Retail Store,Credit Card,No,Individual,False
ORD-10502,2024-12-19,December,Q4,Routers,Networking,Netgear,7500.0,25,5625.0,1,5625.0,4802.55,822.45,14.62,Jaipur,North,Online,EMI,Yes,Small Business,True
ORD-10503,2024-07-20,July,Q3,Cameras,Imaging,Sony,72000.0,5,68400.0,1,68400.0,46133.0,22267.0,32.55,Chennai,South,Distributor,UPI,No,Small Business,False
ORD-10504,2024-03-04,March,Q1,Laptops,Computing,Dell,92100.0,25,69075.0,3,207225.0,172021.26,35203.74,16.99,Jaipur,North,Retail Store,Debit Card,Yes,Small Business,False
ORD-10505,2024-07-12,July,Q3,Routers,Networking,D-Link,1600.0,5,1520.0,3,4560.0,3515.76,1044.24,22.9,Lucknow,North,Distributor,EMI,No,Small Business,False
ORD-10506,2024-04-01,April,Q2,Smartphones,Mobile,Xiaomi,30200.0,25,22650.0,1,22650.0,21252.53,1397.47,6.17,Ahmedabad,West,Online,UPI,No,Small Business,False
ORD-10507,2024-01-02,January,Q1,Gaming Consoles,Gaming,Microsoft,20400.0,15,17340.0,1,17340.0,14710.08,2629.92,15.17,Jaipur,North,Distributor,Debit Card,No,Small Business,False
ORD-10508,2024-10-28,October,Q4,Air Purifiers,Home Tech,Sharp,19400.0,0,19400.0,2,38800.0,26005.44,12794.56,32.98,Mumbai,West,Online,Credit Card,No,Small Business,True
ORD-10509,2024-01-26,January,Q1,Tablets,Mobile,Apple,12800.0,10,11520.0,5,57600.0,35670.05,21929.95,38.07,Mumbai,West,Retail Store,EMI,No,Individual,False
ORD-10510,2024-01-26,January,Q1,Laptops,Computing,Asus,119400.0,5,113430.0,1,113430.0,81719.52,31710.48,27.96,Lucknow,North,Retail Store,Debit Card,No,Small Business,False
ORD-10511,2024-08-21,August,Q3,Gaming Consoles,Gaming,Microsoft,52600.0,0,52600.0,3,157800.0,111044.25,46755.75,29.63,Pune,West,Online,Credit Card,No,Student,False
ORD-10512,2024-10-08,October,Q4,Laptops,Computing,Lenovo,69700.0,0,69700.0,1,69700.0,48017.99,21682.01,31.11,Hyderabad,South,Online,Credit Card,No,Small Business,True
ORD-10513,2024-11-09,November,Q4,Smartphones,Mobile,Samsung,49100.0,25,36825.0,2,73650.0,64398.52,9251.48,12.56,Delhi,North,Retail Store,Debit Card,Yes,Enterprise,True
ORD-10514,2024-08-06,August,Q3,Gaming Consoles,Gaming,Microsoft,29100.0,20,23280.0,1,23280.0,21796.04,1483.96,6.37,Pune,West,Corporate,Debit Card,No,Student,False
ORD-10515,2024-09-09,September,Q3,Tablets,Mobile,Apple,45400.0,5,43130.0,1,43130.0,24984.35,18145.65,42.07,Mumbai,West,Retail Store,EMI,No,Small Business,False
ORD-10516,2024-11-11,November,Q4,Cameras,Imaging,Fujifilm,14500.0,10,13050.0,2,26100.0,19200.4,6899.6,26.44,Chennai,South,Online,UPI,No,Individual,True
ORD-10517,2024-06-06,June,Q2,Headphones,Audio,Apple,14000.0,30,9800.0,1,9800.0,7717.17,2082.83,21.25,Pune,West,Online,Debit Card,No,Individual,False
ORD-10518,2024-03-30,March,Q1,Smart TVs,Entertainment,Samsung,169300.0,25,126975.0,1,126975.0,109337.61,17637.39,13.89,Ahmedabad,West,Distributor,Debit Card,No,Student,False
ORD-10519,2024-10-01,October,Q4,Smartwatches,Wearables,Noise,35600.0,15,30260.0,1,30260.0,26185.86,4074.14,13.46,Mumbai,West,Distributor,UPI,No,Enterprise,True
ORD-10520,2024-10-11,October,Q4,Routers,Networking,TP-Link,3900.0,25,2925.0,1,2925.0,2403.74,521.26,17.82,Pune,West,Online,UPI,No,Enterprise,True
ORD-10521,2024-07-11,July,Q3,Routers,Networking,Netgear,9000.0,15,7650.0,1,7650.0,5287.28,2362.72,30.89,Delhi,North,Distributor,EMI,No,Enterprise,False
ORD-10522,2024-12-29,December,Q4,Smartphones,Mobile,OnePlus,37800.0,15,32130.0,3,96390.0,82261.47,14128.53,14.66,Pune,West,Retail Store,Net Banking,No,Enterprise,True
ORD-10523,2024-03-30,March,Q1,Laptops,Computing,Lenovo,99600.0,30,69720.0,2,139440.0,117611.6,21828.4,15.65,Delhi,North,Retail Store,UPI,No,Small Business,False
ORD-10524,2024-04-07,April,Q2,Smartwatches,Wearables,Noise,33400.0,20,26720.0,5,133600.0,102216.0,31384.0,23.49,Pune,West,Online,EMI,No,Small Business,False
ORD-10525,2024-04-15,April,Q2,Smartphones,Mobile,Xiaomi,35900.0,30,25130.0,1,25130.0,23495.44,1634.56,6.5,Mumbai,West,Online,UPI,No,Individual,False
ORD-10526,2024-06-19,June,Q2,Air Purifiers,Home Tech,Dyson,8600.0,30,6020.0,2,12040.0,11726.9,313.1,2.6,Hyderabad,South,Online,EMI,No,Small Business,False
ORD-10527,2024-06-13,June,Q2,Smart TVs,Entertainment,LG,68000.0,20,54400.0,1,54400.0,41740.44,12659.56,23.27,Ahmedabad,West,Retail Store,UPI,No,Individual,False
ORD-10528,2024-01-08,January,Q1,Gaming Consoles,Gaming,Nintendo,38000.0,5,36100.0,3,108300.0,75069.66,33230.34,30.68,Jaipur,North,Online,UPI,No,Enterprise,False
ORD-10529,2024-10-20,October,Q4,Smart TVs,Entertainment,LG,28200.0,20,22560.0,3,67680.0,61626.75,6053.25,8.94,Jaipur,North,Retail Store,UPI,No,Individual,True
ORD-10530,2024-02-24,February,Q1,Cameras,Imaging,Canon,20200.0,15,17170.0,3,51510.0,35499.270000000004,16010.73,31.08,Lucknow,North,Distributor,Debit Card,No,Student,False
ORD-10531,2024-11-11,November,Q4,Smartwatches,Wearables,Garmin,16000.0,5,15200.0,1,15200.0,11081.28,4118.72,27.1,Jaipur,North,Online,Cash,No,Small Business,True
ORD-10532,2024-02-17,February,Q1,Air Purifiers,Home Tech,Dyson,20900.0,25,15675.0,3,47025.0,42566.01,4458.99,9.48,Ahmedabad,West,Retail Store,Cash,No,Enterprise,False
ORD-10533,2024-07-05,July,Q3,Cameras,Imaging,Nikon,107300.0,25,80475.0,2,160950.0,132207.68,28742.32,17.86,Pune,West,Retail Store,UPI,No,Enterprise,False
ORD-10534,2024-09-02,September,Q3,Air Purifiers,Home Tech,Philips,14900.0,10,13410.0,1,13410.0,9996.23,3413.77,25.46,Bangalore,South,Retail Store,Credit Card,No,Individual,False
ORD-10535,2024-06-15,June,Q2,Routers,Networking,TP-Link,12100.0,20,9680.0,1,9680.0,7770.56,1909.44,19.73,Lucknow,North,Retail Store,Debit Card,No,Student,False
ORD-10536,2024-07-15,July,Q3,Laptops,Computing,Lenovo,44800.0,25,33600.0,3,100800.0,89805.27,10994.73,10.91,Kolkata,East,Retail Store,Credit Card,No,Small Business,False
ORD-10537,2024-12-05,December,Q4,Laptops,Computing,Apple,104500.0,0,104500.0,1,104500.0,69851.21,34648.79,33.16,Ahmedabad,West,Online,UPI,No,Enterprise,True
ORD-10538,2024-07-26,July,Q3,Laptops,Computing,Apple,35300.0,30,24710.0,2,49420.0,47251.24,2168.76,4.39,Kolkata,East,Online,Debit Card,No,Small Business,False
ORD-10539,2024-03-12,March,Q1,Gaming Consoles,Gaming,Nintendo,48300.0,30,33810.0,1,33810.0,27982.37,5827.63,17.24,Bangalore,South,Retail Store,UPI,No,Student,False
ORD-10540,2024-04-10,April,Q2,Smart TVs,Entertainment,Samsung,70500.0,30,49350.0,1,49350.0,51651.18,-2301.18,-4.66,Hyderabad,South,Corporate,Cash,No,Enterprise,False
ORD-10541,2024-02-15,February,Q1,Gaming Consoles,Gaming,Sony,41400.0,20,33120.0,2,66240.0,52233.5,14006.5,21.15,Bangalore,South,Distributor,UPI,No,Individual,False
ORD-10542,2024-01-01,January,Q1,Routers,Networking,Asus,2500.0,10,2250.0,1,2250.0,1807.84,442.16,19.65,Chennai,South,Retail Store,Debit Card,No,Student,False
ORD-10543,2024-07-26,July,Q3,Cameras,Imaging,Fujifilm,85400.0,25,64050.0,1,64050.0,49931.84,14118.16,22.04,Bangalore,South,Online,Credit Card,Yes,Student,False
ORD-10544,2024-03-19,March,Q1,Headphones,Audio,Boat,3800.0,0,3800.0,1,3800.0,2582.78,1217.22,32.03,Bangalore,South,Retail Store,Credit Card,No,Small Business,False
ORD-10545,2024-02-13,February,Q1,Tablets,Mobile,Huawei,53000.0,30,37100.0,2,74200.0,73042.28,1157.72,1.56,Kolkata,East,Retail Store,Credit Card,No,Student,False
ORD-10546,2024-07-15,July,Q3,Smartwatches,Wearables,Samsung,9600.0,20,7680.0,3,23040.0,15882.810000000001,7157.19,31.06,Ahmedabad,West,Distributor,UPI,No,Student,False
ORD-10547,2024-10-06,October,Q4,Gaming Consoles,Gaming,Microsoft,21200.0,0,21200.0,5,106000.0,70344.75,35655.25,33.64,Pune,West,Online,Credit Card,No,Small Business,True
ORD-10548,2024-09-26,September,Q3,Headphones,Audio,Sennheiser,13200.0,20,10560.0,2,21120.0,19218.76,1901.24,9.0,Delhi,North,Online,Debit Card,No,Individual,False
ORD-10549,2024-12-16,December,Q4,Routers,Networking,Asus,9600.0,10,8640.0,2,17280.0,12614.52,4665.48,27.0,Mumbai,West,Retail Store,Credit Card,No,Enterprise,True
ORD-10550,2024-08-03,August,Q3,Smartwatches,Wearables,Garmin,14100.0,0,14100.0,2,28200.0,19430.08,8769.92,31.1,Lucknow,North,Retail Store,Debit Card,No,Individual,False
ORD-10551,2024-11-18,November,Q4,Air Purifiers,Home Tech,Philips,25100.0,25,18825.0,1,18825.0,18776.63,48.37,0.26,Lucknow,North,Online,Credit Card,No,Individual,True
ORD-10552,2024-05-22,May,Q2,Headphones,Audio,Boat,15600.0,10,14040.0,1,14040.0,11256.52,2783.48,19.83,Mumbai,West,Retail Store,Debit Card,No,Small Business,False
ORD-10553,2024-12-03,December,Q4,Air Purifiers,Home Tech,Xiaomi,33300.0,10,29970.0,3,89910.0,70579.89,19330.11,21.5,Chennai,South,Retail Store,EMI,No,Enterprise,True
ORD-10554,2024-02-13,February,Q1,Tablets,Mobile,Apple,51900.0,30,36330.0,1,36330.0,38858.42,-2528.42,-6.96,Kolkata,East,Online,Credit Card,No,Small Business,False
ORD-10555,2024-10-22,October,Q4,Smartwatches,Wearables,Apple,29400.0,30,20580.0,7,144060.0,146921.88,-2861.88,-1.99,Mumbai,West,Online,Credit Card,No,Small Business,True
ORD-10556,2024-07-13,July,Q3,Cameras,Imaging,Fujifilm,45300.0,20,36240.0,1,36240.0,32799.72,3440.28,9.49,Mumbai,West,Online,EMI,No,Enterprise,False
ORD-10557,2024-09-28,September,Q3,Smartphones,Mobile,Samsung,74100.0,25,55575.0,3,166725.0,137996.19,28728.81,17.23,Kolkata,East,Retail Store,Debit Card,No,Enterprise,False
ORD-10558,2024-05-16,May,Q2,Laptops,Computing,Lenovo,87200.0,15,74120.0,1,74120.0,56001.73,18118.27,24.44,Chennai,South,Retail Store,Debit Card,No,Enterprise,False
ORD-10559,2024-12-12,December,Q4,Tablets,Mobile,Lenovo,37400.0,25,28050.0,1,28050.0,20633.4,7416.6,26.44,Delhi,North,Online,UPI,No,Student,True
ORD-10560,2024-06-28,June,Q2,Smart TVs,Entertainment,Samsung,61600.0,0,61600.0,2,123200.0,68343.98,54856.02,44.53,Delhi,North,Online,Debit Card,No,Small Business,False
ORD-10561,2024-11-02,November,Q4,Laptops,Computing,Dell,33200.0,20,26560.0,3,79680.0,57367.740000000005,22312.26,28.0,Lucknow,North,Distributor,UPI,No,Small Business,True
ORD-10562,2024-05-09,May,Q2,Headphones,Audio,Sennheiser,16700.0,0,16700.0,2,33400.0,22637.06,10762.94,32.22,Hyderabad,South,Distributor,Debit Card,No,Enterprise,False
ORD-10563,2024-05-11,May,Q2,Tablets,Mobile,Samsung,23900.0,0,23900.0,1,23900.0,14974.78,8925.22,37.34,Pune,West,Corporate,UPI,No,Small Business,False
ORD-10564,2024-08-13,August,Q3,Laptops,Computing,Asus,118000.0,5,112100.0,6,672600.0,475818.72,196781.28,29.26,Bangalore,South,Retail Store,UPI,No,Student,False
ORD-10565,2024-04-21,April,Q2,Gaming Consoles,Gaming,Nintendo,23700.0,15,20145.0,1,20145.0,16426.0,3719.0,18.46,Delhi,North,Online,UPI,No,Student,False
ORD-10566,2024-01-10,January,Q1,Air Purifiers,Home Tech,Philips,27900.0,0,27900.0,1,27900.0,20550.55,7349.45,26.34,Kolkata,East,Online,Debit Card,No,Individual,False
ORD-10567,2024-09-20,September,Q3,Air Purifiers,Home Tech,Sharp,20300.0,30,14210.0,4,56840.0,56478.96,361.04,0.64,Delhi,North,Retail Store,UPI,Yes,Student,False
ORD-10568,2024-03-03,March,Q1,Gaming Consoles,Gaming,Nintendo,52700.0,10,47430.0,1,47430.0,32499.45,14930.55,31.48,Hyderabad,South,Retail Store,Debit Card,Yes,Individual,False
ORD-10569,2024-07-06,July,Q3,Routers,Networking,Asus,2100.0,15,1785.0,5,8925.0,7371.950000000001,1553.05,17.4,Hyderabad,South,Retail Store,UPI,No,Student,False
ORD-10570,2024-12-04,December,Q4,Smart TVs,Entertainment,Samsung,143700.0,0,143700.0,2,287400.0,194317.86,93082.14,32.39,Pune,West,Retail Store,EMI,No,Small Business,True
ORD-10571,2024-03-12,March,Q1,Smartphones,Mobile,Apple,9800.0,20,7840.0,1,7840.0,5857.43,1982.57,25.29,Kolkata,East,Online,Credit Card,No,Student,False
ORD-10572,2024-01-09,January,Q1,Smartphones,Mobile,OnePlus,12000.0,30,8400.0,1,8400.0,8330.43,69.57,0.83,Kolkata,East,Online,EMI,No,Student,False
ORD-10573,2024-12-13,December,Q4,Routers,Networking,Netgear,11400.0,5,10830.0,1,10830.0,8378.58,2451.42,22.64,Mumbai,West,Retail Store,Credit Card,No,Individual,True
ORD-10574,2024-05-04,May,Q2,Tablets,Mobile,Samsung,18600.0,0,18600.0,3,55800.0,40786.020000000004,15013.98,26.91,Delhi,North,Retail Store,UPI,No,Individual,False
ORD-10575,2024-02-28,February,Q1,Air Purifiers,Home Tech,Philips,7200.0,5,6840.0,2,13680.0,9147.48,4532.52,33.13,Kolkata,East,Online,Net Banking,No,Small Business,False
ORD-10576,2024-06-13,June,Q2,Smart TVs,Entertainment,Sony,124700.0,10,112230.0,1,112230.0,70161.75,42068.25,37.48,Hyderabad,South,Online,Credit Card,No,Small Business,False
ORD-10577,2024-08-12,August,Q3,Smart TVs,Entertainment,Mi,22500.0,0,22500.0,1,22500.0,15934.74,6565.26,29.18,Lucknow,North,Online,UPI,No,Individual,False
ORD-10578,2024-01-04,January,Q1,Smartphones,Mobile,Apple,74700.0,25,56025.0,1,56025.0,50822.23,5202.77,9.29,Hyderabad,South,Retail Store,EMI,No,Small Business,False
ORD-10579,2024-04-15,April,Q2,Tablets,Mobile,Lenovo,36200.0,15,30770.0,2,61540.0,43284.4,18255.6,29.66,Bangalore,South,Retail Store,UPI,No,Student,False
ORD-10580,2024-11-09,November,Q4,Laptops,Computing,Lenovo,58000.0,0,58000.0,1,58000.0,38369.44,19630.56,33.85,Chennai,South,Online,Credit Card,No,Enterprise,True
ORD-10581,2024-10-03,October,Q4,Routers,Networking,Netgear,7500.0,25,5625.0,3,16875.0,15341.97,1533.03,9.08,Hyderabad,South,Online,UPI,No,Student,True
ORD-10582,2024-09-11,September,Q3,Tablets,Mobile,Apple,43500.0,0,43500.0,1,43500.0,24395.04,19104.96,43.92,Pune,West,Online,Credit Card,No,Student,False
ORD-10583,2024-01-23,January,Q1,Laptops,Computing,Dell,112900.0,5,107255.0,1,107255.0,65663.67,41591.33,38.78,Mumbai,West,Retail Store,UPI,No,Student,False
ORD-10584,2024-10-30,October,Q4,Gaming Consoles,Gaming,Microsoft,34700.0,25,26025.0,1,26025.0,23782.36,2242.64,8.62,Pune,West,Online,UPI,No,Small Business,True
ORD-10585,2024-07-30,July,Q3,Smart TVs,Entertainment,OnePlus,179900.0,0,179900.0,4,719600.0,463564.92,256035.08,35.58,Ahmedabad,West,Online,Credit Card,No,Student,False
ORD-10586,2024-04-01,April,Q2,Cameras,Imaging,Sony,27400.0,25,20550.0,3,61650.0,48401.909999999996,13248.09,21.49,Pune,West,Corporate,UPI,No,Individual,False
ORD-10587,2024-05-23,May,Q2,Tablets,Mobile,Samsung,52600.0,15,44710.0,1,44710.0,33329.71,11380.29,25.45,Pune,West,Online,UPI,No,Small Business,False
ORD-10588,2024-10-22,October,Q4,Routers,Networking,Netgear,2200.0,30,1540.0,2,3080.0,2879.16,200.84,6.52,Chennai,South,Retail Store,EMI,No,Student,True
ORD-10589,2024-05-06,May,Q2,Smart TVs,Entertainment,Samsung,95300.0,5,90535.0,1,90535.0,69413.14,21121.86,23.33,Lucknow,North,Corporate,Cash,No,Student,False
ORD-10590,2024-01-23,January,Q1,Smartphones,Mobile,Xiaomi,60800.0,20,48640.0,2,97280.0,67697.66,29582.34,30.41,Jaipur,North,Online,EMI,No,Individual,False
ORD-10591,2024-08-19,August,Q3,Air Purifiers,Home Tech,Philips,7900.0,30,5530.0,2,11060.0,8729.26,2330.74,21.07,Kolkata,East,Corporate,UPI,No,Individual,False
ORD-10592,2024-01-09,January,Q1,Air Purifiers,Home Tech,Xiaomi,10700.0,15,9095.0,1,9095.0,7720.95,1374.05,15.11,Lucknow,North,Online,Credit Card,No,Student,False
ORD-10593,2024-04-04,April,Q2,Smartwatches,Wearables,Noise,32100.0,0,32100.0,1,32100.0,23178.66,8921.34,27.79,Delhi,North,Online,Debit Card,No,Enterprise,False
ORD-10594,2024-08-06,August,Q3,Headphones,Audio,Apple,13800.0,30,9660.0,4,38640.0,32646.88,5993.12,15.51,Delhi,North,Retail Store,Credit Card,Yes,Enterprise,False
ORD-10595,2024-01-27,January,Q1,Laptops,Computing,Asus,59700.0,20,47760.0,1,47760.0,33323.04,14436.96,30.23,Pune,West,Online,Debit Card,No,Small Business,False
ORD-10596,2024-03-11,March,Q1,Smartwatches,Wearables,Samsung,25000.0,25,18750.0,3,56250.0,48427.409999999996,7822.59,13.91,Lucknow,North,Distributor,Debit Card,No,Small Business,False
ORD-10597,2024-06-13,June,Q2,Smartwatches,Wearables,Garmin,23400.0,15,19890.0,1,19890.0,14167.04,5722.96,28.77,Delhi,North,Online,Credit Card,No,Individual,False
ORD-10598,2024-08-28,August,Q3,Routers,Networking,Asus,7300.0,10,6570.0,2,13140.0,10365.72,2774.28,21.11,Delhi,North,Online,EMI,No,Student,False
ORD-10599,2024-04-01,April,Q2,Headphones,Audio,Sony,3200.0,10,2880.0,2,5760.0,3663.4,2096.6,36.4,Bangalore,South,Retail Store,EMI,No,Individual,False
ORD-10600,2024-05-30,May,Q2,Cameras,Imaging,Nikon,75300.0,15,64005.0,4,256020.0,192398.12,63621.88,24.85,Mumbai,West,Online,UPI,No,Small Business,False
ORD-10601,2024-09-23,September,Q3,Smartwatches,Wearables,Noise,26700.0,25,20025.0,1,20025.0,18134.91,1890.09,9.44,Pune,West,Retail Store,Debit Card,No,Student,False
ORD-10602,2024-08-22,August,Q3,Headphones,Audio,Apple,3700.0,30,2590.0,1,2590.0,2261.81,328.19,12.67,Hyderabad,South,Online,Credit Card,No,Individual,False
ORD-10603,2024-03-16,March,Q1,Smartwatches,Wearables,Garmin,21300.0,5,20235.0,5,101175.0,71751.8,29423.2,29.08,Bangalore,South,Retail Store,UPI,Yes,Small Business,False
ORD-10604,2024-03-23,March,Q1,Smart TVs,Entertainment,Sony,22600.0,10,20340.0,1,20340.0,15026.85,5313.15,26.12,Ahmedabad,West,Online,UPI,No,Individual,False
ORD-10605,2024-12-06,December,Q4,Smartwatches,Wearables,Garmin,7900.0,15,6715.0,1,6715.0,5197.99,1517.01,22.59,Bangalore,South,Retail Store,UPI,No,Student,True
ORD-10606,2024-03-15,March,Q1,Air Purifiers,Home Tech,Xiaomi,10500.0,25,7875.0,3,23625.0,20765.73,2859.27,12.1,Jaipur,North,Online,Debit Card,No,Enterprise,False
ORD-10607,2024-10-20,October,Q4,Tablets,Mobile,Huawei,26900.0,0,26900.0,1,26900.0,18731.23,8168.77,30.37,Mumbai,West,Online,Debit Card,No,Student,True
ORD-10608,2024-11-12,November,Q4,Smart TVs,Entertainment,OnePlus,81100.0,10,72990.0,1,72990.0,45497.65,27492.35,37.67,Chennai,South,Retail Store,UPI,Yes,Enterprise,True
ORD-10609,2024-04-10,April,Q2,Smartphones,Mobile,Samsung,46800.0,15,39780.0,1,39780.0,32077.31,7702.69,19.36,Delhi,North,Corporate,Credit Card,No,Individual,False
ORD-10610,2024-12-07,December,Q4,Smartwatches,Wearables,Noise,7900.0,30,5530.0,1,5530.0,5020.67,509.33,9.21,Kolkata,East,Online,UPI,No,Student,True
ORD-10611,2024-10-14,October,Q4,Laptops,Computing,HP,94100.0,15,79985.0,3,239955.0,197131.65000000002,42823.35,17.85,Kolkata,East,Distributor,UPI,No,Student,True
ORD-10612,2024-07-31,July,Q3,Tablets,Mobile,Samsung,17200.0,10,15480.0,3,46440.0,33278.01,13161.99,28.34,Jaipur,North,Corporate,UPI,Yes,Student,False
ORD-10613,2024-02-15,February,Q1,Smartphones,Mobile,Xiaomi,54000.0,10,48600.0,1,48600.0,34176.75,14423.25,29.68,Jaipur,North,Retail Store,Debit Card,No,Small Business,False
ORD-10614,2024-04-05,April,Q2,Cameras,Imaging,Sony,86600.0,0,86600.0,2,173200.0,123761.76,49438.24,28.54,Hyderabad,South,Distributor,Credit Card,No,Student,False
ORD-10615,2024-04-24,April,Q2,Smartphones,Mobile,Samsung,19100.0,10,17190.0,1,17190.0,14157.02,3032.98,17.64,Ahmedabad,West,Online,Debit Card,No,Small Business,False
ORD-10616,2024-09-08,September,Q3,Smart TVs,Entertainment,Sony,37100.0,10,33390.0,1,33390.0,24063.43,9326.57,27.93,Delhi,North,Retail Store,Credit Card,No,Student,False
ORD-10617,2024-05-12,May,Q2,Air Purifiers,Home Tech,Dyson,18100.0,25,13575.0,3,40725.0,36112.350000000006,4612.65,11.33,Hyderabad,South,Online,UPI,No,Small Business,False
ORD-10618,2024-07-01,July,Q3,Tablets,Mobile,Samsung,23600.0,15,20060.0,1,20060.0,15983.09,4076.91,20.32,Pune,West,Online,UPI,No,Individual,False
ORD-10619,2024-09-20,September,Q3,Smart TVs,Entertainment,LG,156500.0,20,125200.0,4,500800.0,438529.08,62270.92,12.43,Jaipur,North,Online,Credit Card,No,Enterprise,False
ORD-10620,2024-05-18,May,Q2,Smartwatches,Wearables,Apple,24700.0,10,22230.0,3,66690.0,52956.54,13733.46,20.59,Mumbai,West,Online,UPI,No,Student,False
ORD-10621,2024-06-23,June,Q2,Tablets,Mobile,Samsung,20900.0,20,16720.0,3,50160.0,37257.75,12902.25,25.72,Chennai,South,Distributor,Debit Card,No,Individual,False
ORD-10622,2024-08-01,August,Q3,Air Purifiers,Home Tech,Dyson,9100.0,5,8645.0,2,17290.0,13371.22,3918.78,22.67,Ahmedabad,West,Online,Debit Card,No,Student,False
ORD-10623,2024-11-01,November,Q4,Routers,Networking,Asus,3400.0,10,3060.0,2,6120.0,3779.12,2340.88,38.25,Delhi,North,Online,EMI,No,Small Business,True
ORD-10624,2024-06-06,June,Q2,Tablets,Mobile,Apple,16500.0,0,16500.0,2,33000.0,20953.72,12046.28,36.5,Delhi,North,Online,EMI,No,Individual,False
ORD-10625,2024-04-10,April,Q2,Laptops,Computing,Dell,100300.0,20,80240.0,2,160480.0,134128.22,26351.78,16.42,Ahmedabad,West,Online,UPI,No,Individual,False
ORD-10626,2024-02-19,February,Q1,Laptops,Computing,Apple,44500.0,5,42275.0,5,211375.0,130597.8,80777.2,38.22,Pune,West,Online,UPI,No,Enterprise,False
ORD-10627,2024-10-23,October,Q4,Smartwatches,Wearables,Garmin,8500.0,20,6800.0,6,40800.0,36014.159999999996,4785.84,11.73,Lucknow,North,Online,Debit Card,No,Individual,True
ORD-10628,2024-09-27,September,Q3,Smart TVs,Entertainment,LG,193400.0,5,183730.0,1,183730.0,141246.22,42483.78,23.12,Jaipur,North,Online,Debit Card,Yes,Student,False
ORD-10629,2024-07-06,July,Q3,Gaming Consoles,Gaming,Sony,35400.0,0,35400.0,2,70800.0,41500.82,29299.18,41.38,Pune,West,Corporate,Credit Card,No,Student,False
ORD-10630,2024-02-27,February,Q1,Smartwatches,Wearables,Apple,21800.0,20,17440.0,1,17440.0,12582.58,4857.42,27.85,Pune,West,Retail Store,Debit Card,No,Enterprise,False
ORD-10631,2024-09-09,September,Q3,Laptops,Computing,Asus,51900.0,20,41520.0,2,83040.0,72372.98,10667.02,12.85,Ahmedabad,West,Online,Credit Card,Yes,Student,False
ORD-10632,2024-04-06,April,Q2,Laptops,Computing,Asus,114200.0,10,102780.0,4,411120.0,267620.6,143499.4,34.9,Ahmedabad,West,Retail Store,Credit Card,No,Individual,False
ORD-10633,2024-03-02,March,Q1,Tablets,Mobile,Huawei,30000.0,20,24000.0,2,48000.0,44730.86,3269.14,6.81,Bangalore,South,Online,Net Banking,No,Student,False
ORD-10634,2024-03-03,March,Q1,Smart TVs,Entertainment,OnePlus,149200.0,10,134280.0,4,537120.0,419528.56,117591.44,21.89,Lucknow,North,Retail Store,EMI,No,Student,False
ORD-10635,2024-07-01,July,Q3,Air Purifiers,Home Tech,Sharp,39600.0,20,31680.0,1,31680.0,23988.81,7691.19,24.28,Ahmedabad,West,Online,UPI,No,Small Business,False
ORD-10636,2024-01-16,January,Q1,Laptops,Computing,Dell,103900.0,15,88315.0,3,264945.0,213708.21000000002,51236.79,19.34,Bangalore,South,Online,Debit Card,No,Individual,False
ORD-10637,2024-02-09,February,Q1,Routers,Networking,D-Link,12100.0,5,11495.0,2,22990.0,14730.84,8259.16,35.93,Ahmedabad,West,Retail Store,UPI,No,Individual,False
ORD-10638,2024-01-17,January,Q1,Cameras,Imaging,Canon,62500.0,10,56250.0,3,168750.0,135107.79,33642.21,19.94,Ahmedabad,West,Retail Store,UPI,No,Enterprise,False
ORD-10639,2024-12-27,December,Q4,Tablets,Mobile,Huawei,31500.0,10,28350.0,3,85050.0,65502.18000000001,19547.82,22.98,Ahmedabad,West,Distributor,Debit Card,No,Student,True
ORD-10640,2024-08-31,August,Q3,Routers,Networking,Netgear,8100.0,15,6885.0,1,6885.0,4881.69,2003.31,29.1,Lucknow,North,Corporate,Debit Card,No,Enterprise,False
ORD-10641,2024-06-13,June,Q2,Smartphones,Mobile,Samsung,50500.0,5,47975.0,2,95950.0,72456.06,23493.94,24.49,Pune,West,Distributor,Debit Card,No,Enterprise,False
ORD-10642,2024-07-13,July,Q3,Laptops,Computing,Asus,57800.0,10,52020.0,1,52020.0,36551.91,15468.09,29.73,Mumbai,West,Retail Store,UPI,No,Individual,False
ORD-10643,2024-12-18,December,Q4,Laptops,Computing,Lenovo,35900.0,5,34105.0,3,102315.0,59659.59,42655.41,41.69,Pune,West,Online,Debit Card,No,Student,True
ORD-10644,2024-05-16,May,Q2,Smartphones,Mobile,Xiaomi,50300.0,10,45270.0,3,135810.0,94395.12,41414.88,30.49,Kolkata,East,Online,UPI,No,Small Business,False
ORD-10645,2024-06-21,June,Q2,Air Purifiers,Home Tech,Xiaomi,10800.0,10,9720.0,1,9720.0,6724.8,2995.2,30.81,Kolkata,East,Online,Debit Card,Yes,Individual,False
ORD-10646,2024-10-01,October,Q4,Smart TVs,Entertainment,Samsung,64100.0,10,57690.0,3,173070.0,144079.91999999998,28990.08,16.75,Kolkata,East,Distributor,Debit Card,Yes,Individual,True
ORD-10647,2024-10-30,October,Q4,Smartwatches,Wearables,Garmin,4400.0,30,3080.0,3,9240.0,8662.02,577.98,6.26,Kolkata,East,Online,EMI,No,Enterprise,True
ORD-10648,2024-09-15,September,Q3,Headphones,Audio,Sennheiser,16800.0,10,15120.0,3,45360.0,29736.78,15623.22,34.44,Kolkata,East,Online,Credit Card,No,Small Business,False
ORD-10649,2024-01-10,January,Q1,Routers,Networking,Netgear,9100.0,5,8645.0,3,25935.0,18623.010000000002,7311.99,28.19,Ahmedabad,West,Online,Debit Card,No,Student,False
ORD-10650,2024-10-16,October,Q4,Smartphones,Mobile,Vivo,22400.0,15,19040.0,1,19040.0,12981.89,6058.11,31.82,Bangalore,South,Retail Store,EMI,No,Student,True
ORD-10651,2024-06-12,June,Q2,Laptops,Computing,HP,105400.0,10,94860.0,1,94860.0,75333.82,19526.18,20.58,Bangalore,South,Online,Debit Card,No,Individual,False
ORD-10652,2024-03-17,March,Q1,Smart TVs,Entertainment,Sony,60400.0,30,42280.0,4,169120.0,147885.32,21234.68,12.56,Ahmedabad,West,Retail Store,Credit Card,No,Individual,False
ORD-10653,2024-04-13,April,Q2,Tablets,Mobile,Lenovo,16800.0,10,15120.0,1,15120.0,11893.29,3226.71,21.34,Hyderabad,South,Retail Store,UPI,No,Student,False
ORD-10654,2024-01-11,January,Q1,Smartphones,Mobile,Samsung,30600.0,10,27540.0,2,55080.0,44274.18,10805.82,19.62,Kolkata,East,Distributor,Debit Card,No,Student,False
ORD-10655,2024-03-12,March,Q1,Smart TVs,Entertainment,Sony,120600.0,20,96480.0,1,96480.0,88832.4,7647.6,7.93,Jaipur,North,Retail Store,Debit Card,No,Enterprise,False
ORD-10656,2024-09-11,September,Q3,Laptops,Computing,HP,82000.0,30,57400.0,5,287000.0,291648.35,-4648.35,-1.62,Pune,West,Distributor,Debit Card,No,Small Business,False
ORD-10657,2024-08-04,August,Q3,Smart TVs,Entertainment,LG,34800.0,5,33060.0,1,33060.0,25890.67,7169.33,21.69,Ahmedabad,West,Retail Store,EMI,No,Enterprise,False
ORD-10658,2024-12-24,December,Q4,Laptops,Computing,Lenovo,76800.0,15,65280.0,2,130560.0,105453.72,25106.28,19.23,Hyderabad,South,Distributor,Cash,No,Enterprise,True
ORD-10659,2024-06-06,June,Q2,Smartphones,Mobile,Vivo,10500.0,25,7875.0,1,7875.0,7165.67,709.33,9.01,Mumbai,West,Retail Store,EMI,No,Student,False
ORD-10660,2024-06-07,June,Q2,Smartwatches,Wearables,Apple,24800.0,5,23560.0,1,23560.0,17893.93,5666.07,24.05,Kolkata,East,Online,Net Banking,Yes,Enterprise,False
ORD-10661,2024-06-03,June,Q2,Laptops,Computing,HP,53300.0,30,37310.0,1,37310.0,38805.03,-1495.03,-4.01,Ahmedabad,West,Retail Store,EMI,No,Student,False
ORD-10662,2024-01-18,January,Q1,Headphones,Audio,Sony,20700.0,15,17595.0,1,17595.0,13335.32,4259.68,24.21,Kolkata,East,Corporate,Credit Card,No,Individual,False
ORD-10663,2024-03-23,March,Q1,Headphones,Audio,Apple,2100.0,15,1785.0,2,3570.0,2815.78,754.22,21.13,Jaipur,North,Retail Store,Credit Card,No,Individual,False
ORD-10664,2024-11-24,November,Q4,Tablets,Mobile,Huawei,49600.0,5,47120.0,2,94240.0,54621.02,39618.98,42.04,Chennai,South,Retail Store,Credit Card,No,Small Business,True
ORD-10665,2024-05-07,May,Q2,Routers,Networking,Netgear,12900.0,25,9675.0,2,19350.0,16307.24,3042.76,15.72,Pune,West,Retail Store,EMI,No,Small Business,False
ORD-10666,2024-12-17,December,Q4,Gaming Consoles,Gaming,Microsoft,48000.0,5,45600.0,3,136800.0,81630.69,55169.31,40.33,Pune,West,Online,EMI,Yes,Small Business,True
ORD-10667,2024-01-11,January,Q1,Smartphones,Mobile,Vivo,54600.0,25,40950.0,1,40950.0,32527.48,8422.52,20.57,Delhi,North,Corporate,UPI,No,Small Business,False
ORD-10668,2024-01-26,January,Q1,Cameras,Imaging,Fujifilm,93300.0,5,88635.0,3,265905.0,158930.63999999998,106974.36,40.23,Pune,West,Online,Debit Card,No,Student,False
ORD-10669,2024-08-20,August,Q3,Air Purifiers,Home Tech,Dyson,12900.0,5,12255.0,1,12255.0,7586.6,4668.4,38.09,Hyderabad,South,Online,Credit Card,No,Small Business,False
ORD-10670,2024-11-03,November,Q4,Smart TVs,Entertainment,Samsung,149400.0,5,141930.0,1,141930.0,94669.73,47260.27,33.3,Kolkata,East,Distributor,UPI,Yes,Small Business,True
ORD-10671,2024-11-12,November,Q4,Air Purifiers,Home Tech,Philips,17900.0,25,13425.0,3,40275.0,36486.3,3788.7,9.41,Delhi,North,Online,UPI,No,Student,True
ORD-10672,2024-12-17,December,Q4,Smart TVs,Entertainment,OnePlus,146100.0,25,109575.0,1,109575.0,97805.07,11769.93,10.74,Delhi,North,Online,UPI,No,Small Business,True
ORD-10673,2024-08-29,August,Q3,Smartwatches,Wearables,Boat,42400.0,30,29680.0,1,29680.0,28393.01,1286.99,4.34,Mumbai,West,Online,Credit Card,No,Student,False
ORD-10674,2024-12-09,December,Q4,Smartwatches,Wearables,Samsung,43600.0,20,34880.0,2,69760.0,48677.22,21082.78,30.22,Bangalore,South,Online,Credit Card,Yes,Student,True
ORD-10675,2024-03-08,March,Q1,Laptops,Computing,Lenovo,92500.0,15,78625.0,2,157250.0,106996.44,50253.56,31.96,Delhi,North,Online,Net Banking,No,Enterprise,False
ORD-10676,2024-07-03,July,Q3,Cameras,Imaging,Sony,136200.0,10,122580.0,1,122580.0,91606.26,30973.74,25.27,Hyderabad,South,Retail Store,Credit Card,No,Student,False
ORD-10677,2024-03-18,March,Q1,Routers,Networking,D-Link,1700.0,5,1615.0,1,1615.0,953.55,661.45,40.96,Bangalore,South,Online,UPI,No,Student,False
ORD-10678,2024-02-29,February,Q1,Air Purifiers,Home Tech,Dyson,20500.0,25,15375.0,1,15375.0,13574.5,1800.5,11.71,Ahmedabad,West,Retail Store,EMI,No,Individual,False
ORD-10679,2024-06-27,June,Q2,Laptops,Computing,HP,107500.0,5,102125.0,1,102125.0,77076.5,25048.5,24.53,Jaipur,North,Distributor,Debit Card,No,Small Business,False
ORD-10680,2024-10-25,October,Q4,Smartphones,Mobile,Vivo,63200.0,5,60040.0,2,120080.0,80047.08,40032.92,33.34,Delhi,North,Online,Credit Card,No,Enterprise,True
ORD-10681,2024-01-14,January,Q1,Headphones,Audio,Sony,10200.0,20,8160.0,1,8160.0,7505.46,654.54,8.02,Delhi,North,Distributor,UPI,No,Student,False
ORD-10682,2024-08-20,August,Q3,Headphones,Audio,Apple,16600.0,10,14940.0,4,59760.0,49398.56,10361.44,17.34,Lucknow,North,Corporate,Credit Card,No,Small Business,False
ORD-10683,2024-04-18,April,Q2,Smartphones,Mobile,OnePlus,31300.0,0,31300.0,1,31300.0,21871.19,9428.81,30.12,Jaipur,North,Corporate,Credit Card,No,Small Business,False
ORD-10684,2024-05-02,May,Q2,Cameras,Imaging,Canon,10900.0,5,10355.0,2,20710.0,12700.42,8009.58,38.67,Kolkata,East,Online,EMI,No,Individual,False
ORD-10685,2024-06-01,June,Q2,Air Purifiers,Home Tech,Sharp,30800.0,10,27720.0,1,27720.0,22507.0,5213.0,18.81,Lucknow,North,Online,Debit Card,No,Small Business,False
ORD-10686,2024-09-07,September,Q3,Air Purifiers,Home Tech,Sharp,21700.0,20,17360.0,3,52080.0,43621.44,8458.56,16.24,Delhi,North,Distributor,EMI,No,Student,False
ORD-10687,2024-11-18,November,Q4,Cameras,Imaging,Canon,13700.0,10,12330.0,1,12330.0,10201.76,2128.24,17.26,Chennai,South,Retail Store,Debit Card,Yes,Individual,True
ORD-10688,2024-05-28,May,Q2,Air Purifiers,Home Tech,Sharp,7800.0,30,5460.0,1,5460.0,5035.07,424.93,7.78,Bangalore,South,Corporate,Debit Card,No,Small Business,False
ORD-10689,2024-09-24,September,Q3,Cameras,Imaging,Sony,88700.0,20,70960.0,2,141920.0,100285.38,41634.62,29.34,Mumbai,West,Retail Store,Credit Card,No,Student,False
ORD-10690,2024-12-04,December,Q4,Gaming Consoles,Gaming,Microsoft,32400.0,20,25920.0,1,25920.0,18349.87,7570.13,29.21,Jaipur,North,Online,Debit Card,No,Small Business,True
ORD-10691,2024-07-20,July,Q3,Smartphones,Mobile,Samsung,38000.0,25,28500.0,2,57000.0,46324.24,10675.76,18.73,Lucknow,North,Retail Store,EMI,No,Enterprise,False
ORD-10692,2024-06-23,June,Q2,Tablets,Mobile,Apple,19300.0,25,14475.0,1,14475.0,14406.24,68.76,0.48,Hyderabad,South,Distributor,UPI,No,Individual,False
ORD-10693,2024-07-21,July,Q3,Laptops,Computing,Dell,41300.0,15,35105.0,2,70210.0,53031.9,17178.1,24.47,Kolkata,East,Distributor,Net Banking,No,Student,False
ORD-10694,2024-06-04,June,Q2,Gaming Consoles,Gaming,Nintendo,32600.0,25,24450.0,3,73350.0,72629.04000000001,720.96,0.98,Kolkata,East,Distributor,UPI,No,Small Business,False
ORD-10695,2024-02-27,February,Q1,Smartphones,Mobile,Apple,69800.0,5,66310.0,2,132620.0,90212.8,42407.2,31.98,Bangalore,South,Retail Store,Credit Card,No,Small Business,False
ORD-10696,2024-02-14,February,Q1,Headphones,Audio,Sennheiser,4100.0,15,3485.0,3,10455.0,6818.67,3636.33,34.78,Bangalore,South,Corporate,Debit Card,No,Student,False
ORD-10697,2024-08-29,August,Q3,Smartphones,Mobile,Xiaomi,50100.0,5,47595.0,2,95190.0,61018.42,34171.58,35.9,Kolkata,East,Online,UPI,No,Student,False
ORD-10698,2024-07-31,July,Q3,Air Purifiers,Home Tech,Xiaomi,6300.0,15,5355.0,1,5355.0,4077.49,1277.51,23.86,Lucknow,North,Retail Store,Cash,No,Student,False
ORD-10699,2024-04-28,April,Q2,Smartphones,Mobile,Vivo,9400.0,20,7520.0,2,15040.0,11527.6,3512.4,23.35,Delhi,North,Online,Debit Card,No,Individual,False
ORD-10700,2024-09-10,September,Q3,Gaming Consoles,Gaming,Nintendo,32100.0,25,24075.0,4,96300.0,81822.4,14477.6,15.03,Bangalore,South,Online,UPI,No,Small Business,False
ORD-10701,2024-09-16,September,Q3,Smart TVs,Entertainment,Mi,183200.0,10,164880.0,2,329760.0,269064.78,60695.22,18.41,Ahmedabad,West,Online,UPI,No,Student,False
ORD-10702,2024-12-10,December,Q4,Smartwatches,Wearables,Noise,36300.0,30,25410.0,1,25410.0,21141.31,4268.69,16.8,Chennai,South,Online,Debit Card,No,Small Business,True
ORD-10703,2024-03-29,March,Q1,Smart TVs,Entertainment,LG,127100.0,0,127100.0,3,381300.0,270225.96,111074.04,29.13,Ahmedabad,West,Online,UPI,No,Individual,False
ORD-10704,2024-07-02,July,Q3,Headphones,Audio,JBL,17100.0,5,16245.0,1,16245.0,12236.58,4008.42,24.67,Jaipur,North,Online,UPI,No,Small Business,False
ORD-10705,2024-03-02,March,Q1,Routers,Networking,Netgear,7800.0,10,7020.0,5,35100.0,27572.1,7527.9,21.45,Mumbai,West,Distributor,Debit Card,No,Individual,False
ORD-10706,2024-12-27,December,Q4,Smartphones,Mobile,Xiaomi,65500.0,30,45850.0,2,91700.0,91851.02,-151.02,-0.16,Delhi,North,Distributor,Debit Card,No,Individual,True
ORD-10707,2024-10-14,October,Q4,Smartphones,Mobile,Vivo,15600.0,25,11700.0,3,35100.0,26845.050000000003,8254.95,23.52,Chennai,South,Corporate,UPI,No,Student,True
ORD-10708,2024-09-16,September,Q3,Air Purifiers,Home Tech,Dyson,10400.0,10,9360.0,2,18720.0,12831.96,5888.04,31.45,Bangalore,South,Online,UPI,Yes,Individual,False
ORD-10709,2024-05-05,May,Q2,Air Purifiers,Home Tech,Xiaomi,15000.0,5,14250.0,4,57000.0,34022.8,22977.2,40.31,Pune,West,Retail Store,Credit Card,No,Small Business,False
ORD-10710,2024-03-18,March,Q1,Routers,Networking,D-Link,12000.0,5,11400.0,2,22800.0,17048.48,5751.52,25.23,Kolkata,East,Corporate,EMI,Yes,Enterprise,False
ORD-10711,2024-01-16,January,Q1,Air Purifiers,Home Tech,Philips,32000.0,25,24000.0,2,48000.0,45519.96,2480.04,5.17,Delhi,North,Online,Credit Card,Yes,Small Business,False
ORD-10712,2024-08-10,August,Q3,Smartphones,Mobile,Xiaomi,62700.0,25,47025.0,1,47025.0,46053.39,971.61,2.07,Bangalore,South,Corporate,UPI,No,Enterprise,False
ORD-10713,2024-08-02,August,Q3,Cameras,Imaging,Sony,110500.0,10,99450.0,1,99450.0,80869.0,18581.0,18.68,Mumbai,West,Distributor,Cash,No,Small Business,False
ORD-10714,2024-12-24,December,Q4,Cameras,Imaging,Fujifilm,99400.0,20,79520.0,7,556640.0,469575.89,87064.11,15.64,Lucknow,North,Retail Store,Debit Card,No,Student,True
ORD-10715,2024-04-11,April,Q2,Headphones,Audio,Sony,1400.0,10,1260.0,1,1260.0,879.2,380.8,30.22,Bangalore,South,Retail Store,Credit Card,No,Enterprise,False
ORD-10716,2024-09-23,September,Q3,Smartwatches,Wearables,Samsung,2500.0,30,1750.0,2,3500.0,3289.94,210.06,6.0,Hyderabad,South,Online,EMI,No,Individual,False
ORD-10717,2024-01-31,January,Q1,Smartwatches,Wearables,Garmin,28800.0,10,25920.0,1,25920.0,16553.16,9366.84,36.14,Delhi,North,Retail Store,Debit Card,No,Enterprise,False
ORD-10718,2024-04-30,April,Q2,Gaming Consoles,Gaming,Nintendo,45000.0,25,33750.0,4,135000.0,122958.72,12041.28,8.92,Lucknow,North,Online,UPI,No,Small Business,False
ORD-10719,2024-07-12,July,Q3,Routers,Networking,Netgear,2500.0,20,2000.0,2,4000.0,3332.36,667.64,16.69,Pune,West,Retail Store,UPI,No,Student,False
ORD-10720,2024-02-11,February,Q1,Laptops,Computing,Dell,65400.0,5,62130.0,3,186390.0,126598.17,59791.83,32.08,Ahmedabad,West,Online,Debit Card,No,Student,False
ORD-10721,2024-05-15,May,Q2,Gaming Consoles,Gaming,Microsoft,42300.0,15,35955.0,2,71910.0,58188.18,13721.82,19.08,Ahmedabad,West,Retail Store,Credit Card,No,Small Business,False
ORD-10722,2024-09-05,September,Q3,Air Purifiers,Home Tech,Philips,38900.0,20,31120.0,3,93360.0,84333.75,9026.25,9.67,Delhi,North,Retail Store,Credit Card,No,Small Business,False
ORD-10723,2024-10-13,October,Q4,Smartwatches,Wearables,Apple,27700.0,15,23545.0,2,47090.0,31692.52,15397.48,32.7,Pune,West,Retail Store,UPI,No,Enterprise,True
ORD-10724,2024-06-05,June,Q2,Smartwatches,Wearables,Garmin,14300.0,0,14300.0,1,14300.0,10127.84,4172.16,29.18,Bangalore,South,Distributor,Credit Card,Yes,Enterprise,False
ORD-10725,2024-05-25,May,Q2,Smart TVs,Entertainment,LG,166500.0,15,141525.0,1,141525.0,91644.46,49880.54,35.25,Jaipur,North,Online,EMI,No,Enterprise,False
ORD-10726,2024-10-16,October,Q4,Air Purifiers,Home Tech,Xiaomi,32300.0,15,27455.0,3,82365.0,69466.83,12898.17,15.66,Lucknow,North,Online,UPI,No,Student,True
ORD-10727,2024-12-07,December,Q4,Air Purifiers,Home Tech,Philips,35300.0,10,31770.0,3,95310.0,60136.68000000001,35173.32,36.9,Lucknow,North,Retail Store,Credit Card,No,Student,True
ORD-10728,2024-06-22,June,Q2,Routers,Networking,TP-Link,14400.0,15,12240.0,2,24480.0,20078.86,4401.14,17.98,Delhi,North,Distributor,Debit Card,No,Enterprise,False
ORD-10729,2024-10-14,October,Q4,Laptops,Computing,Apple,33100.0,20,26480.0,2,52960.0,43583.88,9376.12,17.7,Mumbai,West,Corporate,Credit Card,No,Individual,True
ORD-10730,2024-03-02,March,Q1,Routers,Networking,Netgear,14500.0,10,13050.0,3,39150.0,30769.800000000003,8380.2,21.41,Chennai,South,Distributor,EMI,No,Individual,False
ORD-10731,2024-09-30,September,Q3,Gaming Consoles,Gaming,Microsoft,34100.0,0,34100.0,2,68200.0,44213.7,23986.3,35.17,Mumbai,West,Online,UPI,No,Enterprise,False
ORD-10732,2024-07-14,July,Q3,Headphones,Audio,Sony,3300.0,0,3300.0,1,3300.0,2172.57,1127.43,34.16,Hyderabad,South,Online,UPI,No,Enterprise,False
ORD-10733,2024-07-27,July,Q3,Tablets,Mobile,Samsung,40700.0,10,36630.0,4,146520.0,95448.28,51071.72,34.86,Mumbai,West,Online,UPI,No,Enterprise,False
ORD-10734,2024-05-12,May,Q2,Cameras,Imaging,Canon,15400.0,5,14630.0,2,29260.0,21573.14,7686.86,26.27,Lucknow,North,Online,Credit Card,No,Individual,False
ORD-10735,2024-05-17,May,Q2,Smartphones,Mobile,OnePlus,41500.0,15,35275.0,1,35275.0,23368.3,11906.7,33.75,Mumbai,West,Retail Store,UPI,No,Enterprise,False
ORD-10736,2024-10-10,October,Q4,Gaming Consoles,Gaming,Nintendo,23600.0,30,16520.0,3,49560.0,46794.659999999996,2765.34,5.58,Bangalore,South,Online,Credit Card,No,Small Business,True
ORD-10737,2024-03-13,March,Q1,Smartwatches,Wearables,Boat,44400.0,30,31080.0,2,62160.0,53194.06,8965.94,14.42,Kolkata,East,Corporate,Debit Card,No,Student,False
ORD-10738,2024-11-13,November,Q4,Headphones,Audio,Boat,500.0,15,425.0,1,425.0,302.33,122.67,28.86,Hyderabad,South,Distributor,Credit Card,No,Small Business,True
ORD-10739,2024-10-26,October,Q4,Routers,Networking,Asus,1600.0,25,1200.0,5,6000.0,5254.55,745.45,12.42,Delhi,North,Online,Credit Card,No,Small Business,True
ORD-10740,2024-10-11,October,Q4,Headphones,Audio,Sennheiser,5700.0,20,4560.0,3,13680.0,12679.380000000001,1000.62,7.31,Pune,West,Distributor,Cash,No,Student,True
ORD-10741,2024-05-19,May,Q2,Smart TVs,Entertainment,Samsung,78200.0,15,66470.0,3,199410.0,174025.95,25384.05,12.73,Pune,West,Online,Debit Card,No,Individual,False
ORD-10742,2024-11-07,November,Q4,Air Purifiers,Home Tech,Dyson,36600.0,25,27450.0,1,27450.0,21400.28,6049.72,22.04,Jaipur,North,Distributor,Debit Card,No,Individual,True
ORD-10743,2024-11-28,November,Q4,Laptops,Computing,Apple,27900.0,30,19530.0,2,39060.0,39797.2,-737.2,-1.89,Ahmedabad,West,Retail Store,Credit Card,No,Enterprise,True
ORD-10744,2024-07-17,July,Q3,Tablets,Mobile,Samsung,16200.0,10,14580.0,1,14580.0,11943.44,2636.56,18.08,Ahmedabad,West,Online,Debit Card,No,Enterprise,False
ORD-10745,2024-04-08,April,Q2,Laptops,Computing,Apple,84400.0,30,59080.0,2,118160.0,117073.24,1086.76,0.92,Chennai,South,Corporate,Net Banking,No,Student,False
ORD-10746,2024-12-26,December,Q4,Gaming Consoles,Gaming,Sony,20200.0,30,14140.0,1,14140.0,13689.28,450.72,3.19,Delhi,North,Distributor,Debit Card,No,Small Business,True
ORD-10747,2024-12-03,December,Q4,Gaming Consoles,Gaming,Nintendo,43900.0,20,35120.0,1,35120.0,25686.14,9433.86,26.86,Lucknow,North,Online,UPI,No,Small Business,True
ORD-10748,2024-09-24,September,Q3,Headphones,Audio,Boat,21300.0,0,21300.0,5,106500.0,79703.54999999999,26796.45,25.16,Jaipur,North,Retail Store,Debit Card,No,Individual,False
ORD-10749,2024-08-06,August,Q3,Smartphones,Mobile,OnePlus,39100.0,15,33235.0,1,33235.0,23647.96,9587.04,28.85,Jaipur,North,Retail Store,Credit Card,No,Small Business,False
ORD-10750,2024-01-25,January,Q1,Headphones,Audio,Sennheiser,13500.0,10,12150.0,2,24300.0,14877.86,9422.14,38.77,Chennai,South,Online,EMI,No,Small Business,False
ORD-10751,2024-12-19,December,Q4,Cameras,Imaging,Canon,138200.0,5,131290.0,5,656450.0,402781.35000000003,253668.65,38.64,Hyderabad,South,Online,Debit Card,No,Student,True
ORD-10752,2024-01-13,January,Q1,Gaming Consoles,Gaming,Nintendo,52700.0,30,36890.0,2,73780.0,63248.64,10531.36,14.27,Delhi,North,Retail Store,Net Banking,No,Enterprise,False
ORD-10753,2024-09-23,September,Q3,Smart TVs,Entertainment,Sony,158500.0,20,126800.0,1,126800.0,101076.38,25723.62,20.29,Delhi,North,Retail Store,Debit Card,No,Individual,False
ORD-10754,2024-01-18,January,Q1,Cameras,Imaging,Sony,134400.0,25,100800.0,5,504000.0,378339.80000000005,125660.2,24.93,Bangalore,South,Online,EMI,No,Student,False
ORD-10755,2024-02-03,February,Q1,Laptops,Computing,Dell,78100.0,10,70290.0,2,140580.0,112461.8,28118.2,20.0,Kolkata,East,Online,EMI,No,Individual,False
ORD-10756,2024-08-20,August,Q3,Cameras,Imaging,Fujifilm,120900.0,20,96720.0,4,386880.0,325871.96,61008.04,15.77,Pune,West,Retail Store,Debit Card,No,Enterprise,False
ORD-10757,2024-10-27,October,Q4,Smart TVs,Entertainment,Sony,34000.0,20,27200.0,3,81600.0,70651.31999999999,10948.68,13.42,Lucknow,North,Distributor,UPI,No,Enterprise,True
ORD-10758,2024-06-30,June,Q2,Cameras,Imaging,Fujifilm,110900.0,15,94265.0,1,94265.0,65118.78,29146.22,30.92,Bangalore,South,Distributor,UPI,No,Student,False
ORD-10759,2024-09-19,September,Q3,Smartwatches,Wearables,Garmin,26900.0,20,21520.0,2,43040.0,37934.34,5105.66,11.86,Bangalore,South,Retail Store,Debit Card,No,Individual,False
ORD-10760,2024-09-22,September,Q3,Gaming Consoles,Gaming,Nintendo,43700.0,0,43700.0,5,218500.0,130548.85,87951.15,40.25,Jaipur,North,Distributor,Credit Card,No,Small Business,False
ORD-10761,2024-11-23,November,Q4,Smart TVs,Entertainment,Sony,78200.0,25,58650.0,1,58650.0,50450.34,8199.66,13.98,Ahmedabad,West,Retail Store,Credit Card,No,Enterprise,True
ORD-10762,2024-11-11,November,Q4,Headphones,Audio,Sennheiser,8600.0,0,8600.0,1,8600.0,5511.4,3088.6,35.91,Mumbai,West,Retail Store,Cash,No,Small Business,True
ORD-10763,2024-08-26,August,Q3,Gaming Consoles,Gaming,Sony,28400.0,25,21300.0,1,21300.0,19984.22,1315.78,6.18,Pune,West,Distributor,Credit Card,No,Individual,False
ORD-10764,2024-07-04,July,Q3,Smartphones,Mobile,Samsung,33800.0,20,27040.0,3,81120.0,58106.04,23013.96,28.37,Hyderabad,South,Retail Store,Debit Card,No,Enterprise,False
ORD-10765,2024-01-23,January,Q1,Smartphones,Mobile,Apple,22200.0,5,21090.0,2,42180.0,26364.24,15815.76,37.5,Hyderabad,South,Retail Store,Credit Card,No,Small Business,False
ORD-10766,2024-04-10,April,Q2,Smartphones,Mobile,Apple,68700.0,0,68700.0,1,68700.0,38073.45,30626.55,44.58,Bangalore,South,Online,EMI,No,Small Business,False
ORD-10767,2024-06-05,June,Q2,Air Purifiers,Home Tech,Philips,17900.0,10,16110.0,1,16110.0,12211.05,3898.95,24.2,Jaipur,North,Corporate,Net Banking,No,Individual,False
ORD-10768,2024-03-01,March,Q1,Tablets,Mobile,Apple,49700.0,5,47215.0,1,47215.0,32628.59,14586.41,30.89,Pune,West,Online,Credit Card,No,Individual,False
ORD-10769,2024-11-11,November,Q4,Gaming Consoles,Gaming,Sony,49900.0,10,44910.0,1,44910.0,35325.09,9584.91,21.34,Pune,West,Online,Debit Card,No,Small Business,True
ORD-10770,2024-09-17,September,Q3,Gaming Consoles,Gaming,Microsoft,27300.0,0,27300.0,3,81900.0,57897.81,24002.19,29.31,Lucknow,North,Online,Credit Card,No,Enterprise,False
ORD-10771,2024-09-12,September,Q3,Routers,Networking,D-Link,3500.0,25,2625.0,2,5250.0,4373.44,876.56,16.7,Ahmedabad,West,Retail Store,Credit Card,No,Student,False
ORD-10772,2024-11-22,November,Q4,Gaming Consoles,Gaming,Nintendo,21300.0,5,20235.0,1,20235.0,15527.21,4707.79,23.27,Ahmedabad,West,Distributor,Credit Card,No,Student,True
ORD-10773,2024-10-19,October,Q4,Tablets,Mobile,Lenovo,22700.0,0,22700.0,1,22700.0,13094.86,9605.14,42.31,Delhi,North,Online,Credit Card,No,Individual,True
ORD-10774,2024-08-26,August,Q3,Routers,Networking,Asus,7000.0,15,5950.0,3,17850.0,13366.53,4483.47,25.12,Pune,West,Distributor,Credit Card,No,Small Business,False
ORD-10775,2024-08-14,August,Q3,Smart TVs,Entertainment,Samsung,134400.0,10,120960.0,2,241920.0,196303.34,45616.66,18.86,Hyderabad,South,Distributor,Credit Card,No,Enterprise,False
ORD-10776,2024-04-26,April,Q2,Laptops,Computing,Dell,31800.0,0,31800.0,1,31800.0,20962.73,10837.27,34.08,Pune,West,Online,Credit Card,No,Enterprise,False
ORD-10777,2024-04-07,April,Q2,Gaming Consoles,Gaming,Sony,54900.0,30,38430.0,3,115290.0,114176.16,1113.84,0.97,Jaipur,North,Corporate,UPI,No,Enterprise,False
ORD-10778,2024-07-25,July,Q3,Cameras,Imaging,Canon,75000.0,20,60000.0,4,240000.0,224356.48,15643.52,6.52,Bangalore,South,Distributor,UPI,No,Small Business,False
ORD-10779,2024-08-30,August,Q3,Smart TVs,Entertainment,Mi,123600.0,20,98880.0,1,98880.0,86708.4,12171.6,12.31,Ahmedabad,West,Online,UPI,No,Student,False
ORD-10780,2024-12-23,December,Q4,Cameras,Imaging,Nikon,70300.0,30,49210.0,1,49210.0,46516.76,2693.24,5.47,Pune,West,Online,EMI,No,Individual,True
ORD-10781,2024-09-12,September,Q3,Smartwatches,Wearables,Garmin,11300.0,15,9605.0,1,9605.0,7764.82,1840.18,19.16,Kolkata,East,Distributor,Debit Card,No,Individual,False
ORD-10782,2024-10-17,October,Q4,Smartphones,Mobile,Apple,19100.0,10,17190.0,2,34380.0,25350.98,9029.02,26.26,Lucknow,North,Corporate,Debit Card,No,Student,True
ORD-10783,2024-04-14,April,Q2,Cameras,Imaging,Canon,83900.0,5,79705.0,2,159410.0,108223.54,51186.46,32.11,Pune,West,Retail Store,Credit Card,No,Individual,False
ORD-10784,2024-03-28,March,Q1,Laptops,Computing,Apple,41900.0,30,29330.0,1,29330.0,28819.03,510.97,1.74,Ahmedabad,West,Online,UPI,No,Student,False
ORD-10785,2024-05-25,May,Q2,Smart TVs,Entertainment,LG,68900.0,20,55120.0,1,55120.0,38859.32,16260.68,29.5,Mumbai,West,Online,UPI,No,Student,False
ORD-10786,2024-07-19,July,Q3,Tablets,Mobile,Samsung,16500.0,15,14025.0,1,14025.0,10653.23,3371.77,24.04,Delhi,North,Online,Cash,No,Small Business,False
ORD-10787,2024-06-07,June,Q2,Cameras,Imaging,Fujifilm,30500.0,20,24400.0,3,73200.0,67511.52,5688.48,7.77,Lucknow,North,Online,Debit Card,No,Small Business,False
ORD-10788,2024-01-04,January,Q1,Tablets,Mobile,Huawei,13200.0,15,11220.0,1,11220.0,8856.8,2363.2,21.06,Chennai,South,Retail Store,Cash,No,Student,False
ORD-10789,2024-08-24,August,Q3,Gaming Consoles,Gaming,Sony,45800.0,10,41220.0,5,206100.0,155550.5,50549.5,24.53,Ahmedabad,West,Online,EMI,No,Student,False
ORD-10790,2024-11-09,November,Q4,Tablets,Mobile,Huawei,22500.0,20,18000.0,1,18000.0,15674.6,2325.4,12.92,Ahmedabad,West,Online,Debit Card,No,Individual,True
ORD-10791,2024-07-20,July,Q3,Smartphones,Mobile,Apple,71800.0,5,68210.0,1,68210.0,43421.43,24788.57,36.34,Jaipur,North,Online,Cash,No,Small Business,False
ORD-10792,2024-09-09,September,Q3,Cameras,Imaging,Canon,149300.0,0,149300.0,1,149300.0,104671.15,44628.85,29.89,Jaipur,North,Distributor,Credit Card,No,Enterprise,False
ORD-10793,2024-04-16,April,Q2,Routers,Networking,TP-Link,7500.0,0,7500.0,1,7500.0,5083.3,2416.7,32.22,Ahmedabad,West,Online,Debit Card,No,Student,False
ORD-10794,2024-01-20,January,Q1,Smartphones,Mobile,OnePlus,16300.0,5,15485.0,2,30970.0,20062.76,10907.24,35.22,Ahmedabad,West,Retail Store,UPI,No,Small Business,False
ORD-10795,2024-08-12,August,Q3,Tablets,Mobile,Huawei,51000.0,30,35700.0,1,35700.0,29695.94,6004.06,16.82,Mumbai,West,Retail Store,UPI,No,Student,False
ORD-10796,2024-03-27,March,Q1,Laptops,Computing,Dell,89400.0,5,84930.0,3,254790.0,171146.88,83643.12,32.83,Bangalore,South,Online,UPI,No,Small Business,False
ORD-10797,2024-08-14,August,Q3,Smartphones,Mobile,Vivo,54200.0,25,40650.0,4,162600.0,147859.36,14740.64,9.07,Delhi,North,Online,Credit Card,No,Individual,False
ORD-10798,2024-01-25,January,Q1,Cameras,Imaging,Nikon,139900.0,10,125910.0,2,251820.0,204744.0,47076.0,18.69,Chennai,South,Online,Credit Card,Yes,Enterprise,False
ORD-10799,2024-04-08,April,Q2,Laptops,Computing,HP,116100.0,0,116100.0,5,580500.0,411797.9,168702.1,29.06,Bangalore,South,Retail Store,UPI,No,Enterprise,False
ORD-10800,2024-06-14,June,Q2,Routers,Networking,Netgear,9700.0,20,7760.0,1,7760.0,6101.42,1658.58,21.37,Kolkata,East,Online,UPI,No,Small Business,False
ORD-10801,2024-01-08,January,Q1,Cameras,Imaging,Sony,9700.0,5,9215.0,3,27645.0,18675.09,8969.91,32.45,Delhi,North,Retail Store,UPI,No,Individual,False
ORD-10802,2024-02-04,February,Q1,Smart TVs,Entertainment,OnePlus,70800.0,20,56640.0,1,56640.0,46014.0,10626.0,18.76,Delhi,North,Retail Store,EMI,Yes,Small Business,False
ORD-10803,2024-05-08,May,Q2,Laptops,Computing,Apple,55800.0,25,41850.0,1,41850.0,38460.88,3389.12,8.1,Bangalore,South,Online,Debit Card,No,Enterprise,False
ORD-10804,2024-12-07,December,Q4,Air Purifiers,Home Tech,Dyson,16700.0,20,13360.0,1,13360.0,12231.42,1128.58,8.45,Ahmedabad,West,Online,Debit Card,No,Individual,True
ORD-10805,2024-04-29,April,Q2,Smartphones,Mobile,Vivo,62600.0,0,62600.0,3,187800.0,114890.34,72909.66,38.82,Kolkata,East,Distributor,Debit Card,No,Enterprise,False
ORD-10806,2024-09-12,September,Q3,Headphones,Audio,Boat,4200.0,5,3990.0,1,3990.0,2849.31,1140.69,28.59,Chennai,South,Corporate,Debit Card,Yes,Enterprise,False
ORD-10807,2024-03-09,March,Q1,Headphones,Audio,JBL,16300.0,30,11410.0,3,34230.0,27282.36,6947.64,20.3,Kolkata,East,Retail Store,UPI,No,Enterprise,False
ORD-10808,2024-06-24,June,Q2,Smart TVs,Entertainment,LG,114800.0,25,86100.0,2,172200.0,171666.24,533.76,0.31,Chennai,South,Retail Store,Credit Card,No,Student,False
ORD-10809,2024-11-18,November,Q4,Smartphones,Mobile,Samsung,70600.0,0,70600.0,1,70600.0,52295.7,18304.3,25.93,Mumbai,West,Retail Store,UPI,No,Individual,True
ORD-10810,2024-03-29,March,Q1,Gaming Consoles,Gaming,Nintendo,49100.0,5,46645.0,3,139935.0,87976.70999999999,51958.29,37.13,Delhi,North,Retail Store,Credit Card,No,Small Business,False
ORD-10811,2024-05-05,May,Q2,Cameras,Imaging,Nikon,94000.0,10,84600.0,1,84600.0,57064.63,27535.37,32.55,Ahmedabad,West,Corporate,UPI,No,Student,False
ORD-10812,2024-02-10,February,Q1,Smartwatches,Wearables,Noise,17900.0,15,15215.0,1,15215.0,11425.13,3789.87,24.91,Jaipur,North,Retail Store,Credit Card,No,Student,False
ORD-10813,2024-01-11,January,Q1,Cameras,Imaging,Fujifilm,129300.0,30,90510.0,1,90510.0,94555.98,-4045.98,-4.47,Hyderabad,South,Retail Store,UPI,No,Enterprise,False
ORD-10814,2024-07-13,July,Q3,Air Purifiers,Home Tech,Xiaomi,20900.0,15,17765.0,2,35530.0,27689.5,7840.5,22.07,Ahmedabad,West,Online,UPI,No,Small Business,False
ORD-10815,2024-04-07,April,Q2,Smartphones,Mobile,Samsung,70000.0,25,52500.0,1,52500.0,48654.84,3845.16,7.32,Ahmedabad,West,Retail Store,Credit Card,No,Enterprise,False
ORD-10816,2024-07-15,July,Q3,Air Purifiers,Home Tech,Xiaomi,27400.0,20,21920.0,4,87680.0,61841.44,25838.56,29.47,Mumbai,West,Corporate,UPI,Yes,Small Business,False
ORD-10817,2024-04-09,April,Q2,Cameras,Imaging,Sony,117500.0,30,82250.0,3,246750.0,244793.27999999997,1956.72,0.79,Jaipur,North,Retail Store,Debit Card,No,Individual,False
ORD-10818,2024-11-29,November,Q4,Cameras,Imaging,Fujifilm,112500.0,5,106875.0,1,106875.0,72623.83,34251.17,32.05,Pune,West,Retail Store,Debit Card,No,Small Business,True
ORD-10819,2024-05-13,May,Q2,Gaming Consoles,Gaming,Microsoft,53000.0,5,50350.0,1,50350.0,31845.45,18504.55,36.75,Lucknow,North,Retail Store,Debit Card,No,Individual,False
ORD-10820,2024-02-17,February,Q1,Cameras,Imaging,Fujifilm,108300.0,0,108300.0,4,433200.0,283186.04,150013.96,34.63,Chennai,South,Distributor,UPI,No,Enterprise,False
ORD-10821,2024-09-13,September,Q3,Routers,Networking,D-Link,9200.0,25,6900.0,1,6900.0,5817.36,1082.64,15.69,Delhi,North,Online,Debit Card,No,Small Business,False
ORD-10822,2024-05-17,May,Q2,Smart TVs,Entertainment,OnePlus,144300.0,0,144300.0,1,144300.0,107850.56,36449.44,25.26,Ahmedabad,West,Online,UPI,No,Student,False
ORD-10823,2024-12-01,December,Q4,Headphones,Audio,Sennheiser,4700.0,10,4230.0,1,4230.0,2760.22,1469.78,34.75,Bangalore,South,Online,UPI,Yes,Student,True
ORD-10824,2024-10-17,October,Q4,Smart TVs,Entertainment,LG,52200.0,25,39150.0,3,117450.0,91853.06999999999,25596.93,21.79,Chennai,South,Online,Cash,No,Individual,True
ORD-10825,2024-11-21,November,Q4,Tablets,Mobile,Samsung,24700.0,15,20995.0,1,20995.0,14200.93,6794.07,32.36,Delhi,North,Online,Debit Card,No,Individual,True
ORD-10826,2024-01-05,January,Q1,Smartphones,Mobile,OnePlus,62100.0,0,62100.0,2,124200.0,84836.6,39363.4,31.69,Mumbai,West,Online,Credit Card,No,Enterprise,False
ORD-10827,2024-09-05,September,Q3,Air Purifiers,Home Tech,Xiaomi,26200.0,10,23580.0,5,117900.0,81764.55,36135.45,30.65,Pune,West,Corporate,EMI,Yes,Student,False
ORD-10828,2024-07-12,July,Q3,Gaming Consoles,Gaming,Sony,54100.0,30,37870.0,1,37870.0,33328.36,4541.64,11.99,Delhi,North,Online,EMI,No,Small Business,False
ORD-10829,2024-01-14,January,Q1,Gaming Consoles,Gaming,Sony,50400.0,10,45360.0,2,90720.0,74613.4,16106.6,17.75,Chennai,South,Online,Debit Card,No,Student,False
ORD-10830,2024-09-20,September,Q3,Cameras,Imaging,Nikon,8400.0,25,6300.0,5,31500.0,31143.4,356.6,1.13,Pune,West,Online,Credit Card,No,Enterprise,False
ORD-10831,2024-12-13,December,Q4,Air Purifiers,Home Tech,Philips,26200.0,15,22270.0,1,22270.0,18283.43,3986.57,17.9,Delhi,North,Online,Cash,Yes,Student,True
ORD-10832,2024-12-03,December,Q4,Laptops,Computing,Asus,52900.0,5,50255.0,5,251275.0,183136.75,68138.25,27.12,Jaipur,North,Distributor,EMI,No,Individual,True
ORD-10833,2024-03-06,March,Q1,Air Purifiers,Home Tech,Dyson,15500.0,25,11625.0,4,46500.0,46454.16,45.84,0.1,Ahmedabad,West,Online,Credit Card,No,Small Business,False
ORD-10834,2024-05-04,May,Q2,Smart TVs,Entertainment,LG,154400.0,25,115800.0,1,115800.0,106533.19,9266.81,8.0,Delhi,North,Retail Store,Debit Card,No,Enterprise,False
ORD-10835,2024-07-15,July,Q3,Headphones,Audio,Boat,18100.0,25,13575.0,2,27150.0,23358.42,3791.58,13.97,Delhi,North,Retail Store,Cash,No,Student,False
ORD-10836,2024-02-16,February,Q1,Smartwatches,Wearables,Samsung,42000.0,30,29400.0,3,88200.0,92580.95999999999,-4380.96,-4.97,Delhi,North,Retail Store,Credit Card,No,Student,False
ORD-10837,2024-11-30,November,Q4,Routers,Networking,D-Link,12300.0,5,11685.0,7,81795.0,51816.59,29978.41,36.65,Hyderabad,South,Online,UPI,No,Small Business,True
ORD-10838,2024-02-29,February,Q1,Gaming Consoles,Gaming,Microsoft,24500.0,10,22050.0,1,22050.0,18149.94,3900.06,17.69,Lucknow,North,Retail Store,Credit Card,No,Small Business,False
ORD-10839,2024-07-17,July,Q3,Cameras,Imaging,Sony,117500.0,30,82250.0,4,329000.0,322354.4,6645.6,2.02,Bangalore,South,Retail Store,Debit Card,No,Student,False
ORD-10840,2024-01-05,January,Q1,Routers,Networking,D-Link,5400.0,30,3780.0,3,11340.0,11964.960000000001,-624.96,-5.51,Chennai,South,Retail Store,Credit Card,No,Small Business,False
ORD-10841,2024-12-06,December,Q4,Smartphones,Mobile,Vivo,31100.0,20,24880.0,1,24880.0,23264.88,1615.12,6.49,Delhi,North,Online,EMI,No,Small Business,True
ORD-10842,2024-09-10,September,Q3,Headphones,Audio,Sennheiser,1900.0,30,1330.0,4,5320.0,4686.36,633.64,11.91,Chennai,South,Distributor,Cash,No,Individual,False
ORD-10843,2024-04-01,April,Q2,Air Purifiers,Home Tech,Sharp,15500.0,30,10850.0,1,10850.0,10568.68,281.32,2.59,Bangalore,South,Corporate,Credit Card,No,Student,False
ORD-10844,2024-06-27,June,Q2,Cameras,Imaging,Fujifilm,18200.0,25,13650.0,1,13650.0,11040.27,2609.73,19.12,Chennai,South,Retail Store,Credit Card,No,Enterprise,False
ORD-10845,2024-10-24,October,Q4,Smartphones,Mobile,OnePlus,40900.0,5,38855.0,1,38855.0,27216.15,11638.85,29.95,Ahmedabad,West,Retail Store,UPI,No,Small Business,True
ORD-10846,2024-04-10,April,Q2,Smartphones,Mobile,OnePlus,60300.0,20,48240.0,4,192960.0,137577.96,55382.04,28.7,Bangalore,South,Online,Net Banking,No,Small Business,False
ORD-10847,2024-01-29,January,Q1,Laptops,Computing,Lenovo,117500.0,5,111625.0,3,334875.0,260501.97000000003,74373.03,22.21,Delhi,North,Corporate,Debit Card,No,Small Business,False
ORD-10848,2024-11-17,November,Q4,Cameras,Imaging,Nikon,12800.0,5,12160.0,7,85120.0,56387.869999999995,28732.13,33.75,Hyderabad,South,Retail Store,Net Banking,No,Student,True
ORD-10849,2024-12-20,December,Q4,Laptops,Computing,Asus,107200.0,25,80400.0,1,80400.0,67152.24,13247.76,16.48,Ahmedabad,West,Online,UPI,No,Student,True
ORD-10850,2024-11-24,November,Q4,Routers,Networking,Netgear,1300.0,20,1040.0,2,2080.0,1943.42,136.58,6.57,Ahmedabad,West,Online,Debit Card,No,Small Business,True
ORD-10851,2024-07-15,July,Q3,Air Purifiers,Home Tech,Sharp,15400.0,5,14630.0,1,14630.0,8776.28,5853.72,40.01,Delhi,North,Retail Store,EMI,No,Student,False
ORD-10852,2024-12-24,December,Q4,Smartphones,Mobile,Xiaomi,48000.0,20,38400.0,2,76800.0,67842.72,8957.28,11.66,Jaipur,North,Retail Store,Credit Card,No,Individual,True
ORD-10853,2024-04-16,April,Q2,Laptops,Computing,HP,106900.0,25,80175.0,3,240525.0,187926.18,52598.82,21.87,Jaipur,North,Retail Store,Credit Card,No,Small Business,False
ORD-10854,2024-11-30,November,Q4,Tablets,Mobile,Samsung,38100.0,30,26670.0,3,80010.0,80080.14,-70.14,-0.09,Delhi,North,Corporate,Credit Card,No,Small Business,True
ORD-10855,2024-08-04,August,Q3,Smartphones,Mobile,Apple,29600.0,20,23680.0,1,23680.0,21635.35,2044.65,8.63,Hyderabad,South,Retail Store,Credit Card,No,Enterprise,False
ORD-10856,2024-09-24,September,Q3,Smartwatches,Wearables,Boat,24900.0,5,23655.0,1,23655.0,17120.89,6534.11,27.62,Mumbai,West,Online,UPI,No,Small Business,False
ORD-10857,2024-03-09,March,Q1,Gaming Consoles,Gaming,Nintendo,27600.0,10,24840.0,1,24840.0,16711.22,8128.78,32.72,Lucknow,North,Retail Store,Credit Card,No,Small Business,False
ORD-10858,2024-07-23,July,Q3,Air Purifiers,Home Tech,Dyson,38100.0,25,28575.0,4,114300.0,96784.48,17515.52,15.32,Bangalore,South,Retail Store,UPI,No,Small Business,False
ORD-10859,2024-07-09,July,Q3,Gaming Consoles,Gaming,Nintendo,42700.0,20,34160.0,1,34160.0,28651.23,5508.77,16.13,Kolkata,East,Distributor,Credit Card,No,Student,False
ORD-10860,2024-01-14,January,Q1,Gaming Consoles,Gaming,Sony,22700.0,0,22700.0,4,90800.0,59591.48,31208.52,34.37,Jaipur,North,Retail Store,Credit Card,No,Enterprise,False
ORD-10861,2024-05-19,May,Q2,Tablets,Mobile,Apple,23700.0,0,23700.0,1,23700.0,14822.72,8877.28,37.46,Chennai,South,Online,UPI,Yes,Small Business,False
ORD-10862,2024-09-26,September,Q3,Headphones,Audio,Apple,20600.0,15,17510.0,3,52530.0,35170.89,17359.11,33.05,Pune,West,Retail Store,EMI,No,Individual,False
ORD-10863,2024-01-25,January,Q1,Tablets,Mobile,Lenovo,57300.0,15,48705.0,1,48705.0,33585.51,15119.49,31.04,Jaipur,North,Retail Store,EMI,No,Small Business,False
ORD-10864,2024-05-12,May,Q2,Smartphones,Mobile,Vivo,59400.0,25,44550.0,1,44550.0,34171.26,10378.74,23.3,Kolkata,East,Retail Store,UPI,No,Enterprise,False
ORD-10865,2024-12-28,December,Q4,Smart TVs,Entertainment,Mi,92400.0,15,78540.0,5,392700.0,271018.85,121681.15,30.99,Pune,West,Distributor,Credit Card,No,Student,True
ORD-10866,2024-09-23,September,Q3,Smart TVs,Entertainment,Samsung,132600.0,0,132600.0,2,265200.0,196113.0,69087.0,26.05,Kolkata,East,Distributor,EMI,No,Individual,False
ORD-10867,2024-05-02,May,Q2,Laptops,Computing,HP,79700.0,0,79700.0,1,79700.0,55684.95,24015.05,30.13,Jaipur,North,Corporate,EMI,No,Student,False
ORD-10868,2024-12-12,December,Q4,Routers,Networking,Netgear,7700.0,20,6160.0,1,6160.0,5290.09,869.91,14.12,Jaipur,North,Retail Store,Credit Card,No,Individual,True
ORD-10869,2024-08-05,August,Q3,Routers,Networking,Asus,4400.0,25,3300.0,2,6600.0,6003.66,596.34,9.04,Jaipur,North,Retail Store,UPI,No,Small Business,False
ORD-10870,2024-12-11,December,Q4,Routers,Networking,Netgear,3400.0,10,3060.0,1,3060.0,2440.8,619.2,20.24,Jaipur,North,Online,UPI,No,Small Business,True
ORD-10871,2024-07-10,July,Q3,Laptops,Computing,Lenovo,111800.0,5,106210.0,2,212420.0,160174.8,52245.2,24.6,Delhi,North,Online,Credit Card,No,Individual,False
ORD-10872,2024-11-19,November,Q4,Gaming Consoles,Gaming,Microsoft,27600.0,10,24840.0,1,24840.0,20308.68,4531.32,18.24,Jaipur,North,Distributor,UPI,No,Student,True
ORD-10873,2024-01-30,January,Q1,Smartwatches,Wearables,Apple,28300.0,10,25470.0,2,50940.0,34507.32,16432.68,32.26,Delhi,North,Online,EMI,No,Enterprise,False
ORD-10874,2024-01-05,January,Q1,Laptops,Computing,Asus,71700.0,0,71700.0,1,71700.0,47022.24,24677.76,34.42,Bangalore,South,Retail Store,Cash,No,Enterprise,False
ORD-10875,2024-04-25,April,Q2,Air Purifiers,Home Tech,Sharp,18100.0,10,16290.0,1,16290.0,11505.6,4784.4,29.37,Bangalore,South,Retail Store,UPI,Yes,Student,False
ORD-10876,2024-03-23,March,Q1,Tablets,Mobile,Lenovo,47400.0,0,47400.0,4,189600.0,117902.24,71697.76,37.82,Chennai,South,Online,UPI,No,Student,False
ORD-10877,2024-06-18,June,Q2,Smartphones,Mobile,Apple,56000.0,15,47600.0,2,95200.0,83097.26,12102.74,12.71,Hyderabad,South,Online,Credit Card,No,Small Business,False
ORD-10878,2024-06-15,June,Q2,Cameras,Imaging,Fujifilm,26700.0,0,26700.0,1,26700.0,18918.09,7781.91,29.15,Bangalore,South,Online,Credit Card,No,Small Business,False
ORD-10879,2024-01-27,January,Q1,Smartwatches,Wearables,Noise,44000.0,25,33000.0,2,66000.0,48541.3,17458.7,26.45,Ahmedabad,West,Online,Credit Card,No,Small Business,False
ORD-10880,2024-11-12,November,Q4,Tablets,Mobile,Apple,22500.0,30,15750.0,1,15750.0,12892.59,2857.41,18.14,Hyderabad,South,Corporate,UPI,No,Small Business,True
ORD-10881,2024-08-30,August,Q3,Laptops,Computing,Apple,83100.0,5,78945.0,5,394725.0,311006.05,83718.95,21.21,Lucknow,North,Retail Store,UPI,No,Student,False
ORD-10882,2024-01-20,January,Q1,Headphones,Audio,Boat,23300.0,15,19805.0,1,19805.0,12897.3,6907.7,34.88,Chennai,South,Online,UPI,No,Enterprise,False
ORD-10883,2024-12-24,December,Q4,Smart TVs,Entertainment,LG,77200.0,15,65620.0,2,131240.0,86814.48,44425.52,33.85,Kolkata,East,Retail Store,Credit Card,No,Enterprise,True
ORD-10884,2024-06-28,June,Q2,Cameras,Imaging,Nikon,53400.0,0,53400.0,2,106800.0,62622.22,44177.78,41.36,Mumbai,West,Online,Debit Card,No,Student,False
ORD-10885,2024-05-23,May,Q2,Gaming Consoles,Gaming,Sony,35100.0,10,31590.0,1,31590.0,25962.26,5627.74,17.81,Pune,West,Online,UPI,No,Small Business,False
ORD-10886,2024-06-18,June,Q2,Smartwatches,Wearables,Garmin,33800.0,20,27040.0,1,27040.0,22165.11,4874.89,18.03,Pune,West,Online,UPI,No,Individual,False
ORD-10887,2024-02-24,February,Q1,Tablets,Mobile,Samsung,12100.0,25,9075.0,4,36300.0,34532.52,1767.48,4.87,Chennai,South,Retail Store,Cash,No,Enterprise,False
ORD-10888,2024-06-03,June,Q2,Air Purifiers,Home Tech,Philips,23700.0,5,22515.0,2,45030.0,26485.32,18544.68,41.18,Chennai,South,Retail Store,Debit Card,No,Enterprise,False
ORD-10889,2024-07-06,July,Q3,Air Purifiers,Home Tech,Dyson,36900.0,0,36900.0,2,73800.0,47716.44,26083.56,35.34,Jaipur,North,Corporate,Credit Card,No,Enterprise,False
ORD-10890,2024-12-22,December,Q4,Tablets,Mobile,Lenovo,12300.0,20,9840.0,1,9840.0,6914.55,2925.45,29.73,Chennai,South,Retail Store,Credit Card,No,Individual,True
ORD-10891,2024-03-25,March,Q1,Air Purifiers,Home Tech,Sharp,24700.0,15,20995.0,3,62985.0,46695.57,16289.43,25.86,Hyderabad,South,Online,UPI,No,Individual,False
ORD-10892,2024-09-19,September,Q3,Air Purifiers,Home Tech,Xiaomi,15600.0,5,14820.0,2,29640.0,19009.3,10630.7,35.87,Hyderabad,South,Retail Store,UPI,No,Small Business,False
ORD-10893,2024-05-29,May,Q2,Smartphones,Mobile,Apple,75800.0,10,68220.0,1,68220.0,55747.08,12472.92,18.28,Hyderabad,South,Distributor,UPI,Yes,Small Business,False
ORD-10894,2024-09-30,September,Q3,Laptops,Computing,Dell,86600.0,25,64950.0,1,64950.0,58111.36,6838.64,10.53,Pune,West,Online,Cash,No,Enterprise,False
ORD-10895,2024-03-09,March,Q1,Cameras,Imaging,Sony,54100.0,0,54100.0,1,54100.0,36527.84,17572.16,32.48,Mumbai,West,Distributor,UPI,Yes,Small Business,False
ORD-10896,2024-05-11,May,Q2,Smartphones,Mobile,Vivo,55300.0,30,38710.0,1,38710.0,39021.74,-311.74,-0.81,Lucknow,North,Online,Debit Card,No,Enterprise,False
ORD-10897,2024-11-16,November,Q4,Gaming Consoles,Gaming,Nintendo,27200.0,15,23120.0,1,23120.0,16160.28,6959.72,30.1,Hyderabad,South,Online,Debit Card,No,Student,True
ORD-10898,2024-03-20,March,Q1,Air Purifiers,Home Tech,Philips,30500.0,15,25925.0,1,25925.0,19023.7,6901.3,26.62,Ahmedabad,West,Online,UPI,No,Small Business,False
ORD-10899,2024-04-06,April,Q2,Gaming Consoles,Gaming,Microsoft,53000.0,5,50350.0,1,50350.0,36014.18,14335.82,28.47,Mumbai,West,Online,EMI,No,Small Business,False
ORD-10900,2024-02-05,February,Q1,Tablets,Mobile,Samsung,31300.0,15,26605.0,1,26605.0,22906.16,3698.84,13.9,Kolkata,East,Online,Credit Card,No,Individual,False
ORD-10901,2024-11-04,November,Q4,Laptops,Computing,Asus,61500.0,0,61500.0,2,123000.0,87983.44,35016.56,28.47,Mumbai,West,Online,EMI,No,Individual,True
ORD-10902,2024-01-05,January,Q1,Laptops,Computing,Apple,94900.0,10,85410.0,2,170820.0,136759.26,34060.74,19.94,Delhi,North,Online,Credit Card,No,Student,False
ORD-10903,2024-03-24,March,Q1,Headphones,Audio,JBL,12200.0,5,11590.0,4,46360.0,27385.36,18974.64,40.93,Hyderabad,South,Retail Store,UPI,No,Individual,False
ORD-10904,2024-10-05,October,Q4,Headphones,Audio,Sony,13000.0,30,9100.0,5,45500.0,41148.7,4351.3,9.56,Mumbai,West,Corporate,UPI,No,Small Business,True
ORD-10905,2024-06-29,June,Q2,Headphones,Audio,Boat,23100.0,25,17325.0,1,17325.0,14482.52,2842.48,16.41,Delhi,North,Retail Store,Net Banking,No,Enterprise,False
ORD-10906,2024-07-01,July,Q3,Laptops,Computing,Apple,56700.0,10,51030.0,2,102060.0,83310.88,18749.12,18.37,Delhi,North,Distributor,Debit Card,No,Enterprise,False
ORD-10907,2024-11-03,November,Q4,Tablets,Mobile,Huawei,17500.0,25,13125.0,1,13125.0,12030.06,1094.94,8.34,Lucknow,North,Distributor,Credit Card,No,Student,True
ORD-10908,2024-12-04,December,Q4,Smartwatches,Wearables,Garmin,36800.0,25,27600.0,2,55200.0,52236.62,2963.38,5.37,Mumbai,West,Distributor,Net Banking,No,Small Business,True
ORD-10909,2024-06-12,June,Q2,Tablets,Mobile,Huawei,32300.0,30,22610.0,1,22610.0,22839.63,-229.63,-1.02,Ahmedabad,West,Distributor,UPI,No,Enterprise,False
ORD-10910,2024-03-15,March,Q1,Laptops,Computing,Lenovo,119500.0,5,113525.0,1,113525.0,84069.1,29455.9,25.95,Pune,West,Online,Credit Card,No,Student,False
ORD-10911,2024-11-04,November,Q4,Smartwatches,Wearables,Samsung,36400.0,25,27300.0,5,136500.0,133646.4,2853.6,2.09,Kolkata,East,Retail Store,Credit Card,No,Small Business,True
ORD-10912,2024-07-15,July,Q3,Laptops,Computing,Apple,92900.0,20,74320.0,4,297280.0,247327.76,49952.24,16.8,Chennai,South,Retail Store,UPI,No,Individual,False
ORD-10913,2024-07-04,July,Q3,Routers,Networking,D-Link,14400.0,0,14400.0,1,14400.0,8091.58,6308.42,43.81,Pune,West,Online,EMI,No,Small Business,False
ORD-10914,2024-05-30,May,Q2,Air Purifiers,Home Tech,Philips,34200.0,20,27360.0,1,27360.0,25457.25,1902.75,6.95,Kolkata,East,Online,EMI,No,Small Business,False
ORD-10915,2024-03-01,March,Q1,Tablets,Mobile,Huawei,46700.0,25,35025.0,3,105075.0,104091.87,983.13,0.94,Pune,West,Online,UPI,No,Student,False
ORD-10916,2024-10-31,October,Q4,Tablets,Mobile,Samsung,17300.0,5,16435.0,7,115045.0,68518.23999999999,46526.76,40.44,Delhi,North,Online,EMI,No,Small Business,True
ORD-10917,2024-08-28,August,Q3,Tablets,Mobile,Lenovo,33500.0,25,25125.0,1,25125.0,20685.16,4439.84,17.67,Mumbai,West,Online,UPI,No,Individual,False
ORD-10918,2024-11-05,November,Q4,Tablets,Mobile,Apple,10500.0,30,7350.0,1,7350.0,6664.6,685.4,9.33,Ahmedabad,West,Retail Store,EMI,No,Enterprise,True
ORD-10919,2024-12-29,December,Q4,Smart TVs,Entertainment,OnePlus,187300.0,10,168570.0,3,505710.0,418404.48,87305.52,17.26,Jaipur,North,Online,Net Banking,No,Student,True
ORD-10920,2024-11-12,November,Q4,Smartphones,Mobile,Apple,36200.0,30,25340.0,3,76020.0,75933.03,86.97,0.11,Jaipur,North,Retail Store,UPI,No,Student,True
ORD-10921,2024-06-09,June,Q2,Cameras,Imaging,Fujifilm,31400.0,30,21980.0,1,21980.0,19602.88,2377.12,10.81,Kolkata,East,Online,UPI,No,Enterprise,False
ORD-10922,2024-01-15,January,Q1,Smart TVs,Entertainment,Samsung,45100.0,0,45100.0,2,90200.0,50788.36,39411.64,43.69,Lucknow,North,Online,Cash,No,Small Business,False
ORD-10923,2024-11-22,November,Q4,Smartphones,Mobile,Apple,27400.0,20,21920.0,2,43840.0,36330.18,7509.82,17.13,Lucknow,North,Corporate,Credit Card,No,Individual,True
ORD-10924,2024-06-07,June,Q2,Smartphones,Mobile,OnePlus,62100.0,15,52785.0,1,52785.0,40367.68,12417.32,23.52,Pune,West,Distributor,Debit Card,Yes,Individual,False
ORD-10925,2024-06-18,June,Q2,Cameras,Imaging,Canon,79300.0,30,55510.0,1,55510.0,45996.96,9513.04,17.14,Lucknow,North,Distributor,Credit Card,No,Individual,False
ORD-10926,2024-05-28,May,Q2,Tablets,Mobile,Apple,44100.0,0,44100.0,1,44100.0,32062.5,12037.5,27.3,Delhi,North,Corporate,UPI,No,Small Business,False
ORD-10927,2024-03-23,March,Q1,Routers,Networking,Asus,7300.0,5,6935.0,2,13870.0,9019.94,4850.06,34.97,Pune,West,Retail Store,Cash,No,Student,False
ORD-10928,2024-05-02,May,Q2,Smart TVs,Entertainment,Mi,127300.0,5,120935.0,1,120935.0,84448.3,36486.7,30.17,Ahmedabad,West,Online,UPI,No,Enterprise,False
ORD-10929,2024-10-07,October,Q4,Laptops,Computing,Asus,33900.0,10,30510.0,2,61020.0,39591.38,21428.62,35.12,Hyderabad,South,Online,UPI,No,Individual,True
ORD-10930,2024-02-06,February,Q1,Tablets,Mobile,Huawei,22900.0,15,19465.0,1,19465.0,17076.46,2388.54,12.27,Ahmedabad,West,Retail Store,UPI,No,Student,False
ORD-10931,2024-01-21,January,Q1,Smartwatches,Wearables,Garmin,18900.0,30,13230.0,1,13230.0,12737.4,492.6,3.72,Bangalore,South,Retail Store,Credit Card,No,Enterprise,False
ORD-10932,2024-07-10,July,Q3,Laptops,Computing,Asus,73100.0,10,65790.0,5,328950.0,265163.55,63786.45,19.39,Mumbai,West,Retail Store,Debit Card,No,Small Business,False
ORD-10933,2024-12-24,December,Q4,Routers,Networking,TP-Link,3200.0,0,3200.0,3,9600.0,5838.0599999999995,3761.94,39.19,Bangalore,South,Retail Store,EMI,No,Student,True
ORD-10934,2024-12-08,December,Q4,Laptops,Computing,Lenovo,69300.0,25,51975.0,3,155925.0,136595.09999999998,19329.9,12.4,Ahmedabad,West,Online,UPI,No,Student,True
ORD-10935,2024-08-09,August,Q3,Smart TVs,Entertainment,OnePlus,75800.0,10,68220.0,1,68220.0,46881.14,21338.86,31.28,Lucknow,North,Retail Store,Debit Card,No,Enterprise,False
ORD-10936,2024-08-20,August,Q3,Smartphones,Mobile,Vivo,19200.0,15,16320.0,2,32640.0,22237.54,10402.46,31.87,Chennai,South,Online,UPI,No,Student,False
ORD-10937,2024-02-01,February,Q1,Smartwatches,Wearables,Noise,44100.0,5,41895.0,7,293265.0,173123.72,120141.28,40.97,Mumbai,West,Corporate,Debit Card,No,Small Business,False
ORD-10938,2024-02-12,February,Q1,Tablets,Mobile,Samsung,23700.0,0,23700.0,2,47400.0,28898.24,18501.76,39.03,Ahmedabad,West,Distributor,Credit Card,No,Enterprise,False
ORD-10939,2024-04-04,April,Q2,Smartphones,Mobile,Samsung,72400.0,15,61540.0,2,123080.0,89544.88,33535.12,27.25,Hyderabad,South,Online,Credit Card,No,Student,False
ORD-10940,2024-10-01,October,Q4,Tablets,Mobile,Huawei,27700.0,25,20775.0,3,62325.0,55183.68000000001,7141.32,11.46,Mumbai,West,Retail Store,EMI,No,Small Business,True
ORD-10941,2024-06-14,June,Q2,Smartwatches,Wearables,Apple,8000.0,15,6800.0,1,6800.0,5894.11,905.89,13.32,Ahmedabad,West,Distributor,UPI,Yes,Student,False
ORD-10942,2024-05-14,May,Q2,Routers,Networking,TP-Link,14800.0,30,10360.0,1,10360.0,10677.51,-317.51,-3.06,Ahmedabad,West,Retail Store,Debit Card,No,Small Business,False
ORD-10943,2024-08-03,August,Q3,Routers,Networking,Netgear,9400.0,5,8930.0,2,17860.0,11648.8,6211.2,34.78,Chennai,South,Corporate,Debit Card,No,Enterprise,False
ORD-10944,2024-01-09,January,Q1,Headphones,Audio,JBL,12800.0,30,8960.0,2,17920.0,14718.7,3201.3,17.86,Ahmedabad,West,Retail Store,Credit Card,No,Enterprise,False
ORD-10945,2024-10-04,October,Q4,Cameras,Imaging,Sony,24100.0,5,22895.0,1,22895.0,15466.53,7428.47,32.45,Pune,West,Online,Debit Card,No,Student,True
ORD-10946,2024-05-25,May,Q2,Cameras,Imaging,Sony,107700.0,30,75390.0,1,75390.0,61372.31,14017.69,18.59,Delhi,North,Distributor,UPI,No,Student,False
ORD-10947,2024-02-23,February,Q1,Air Purifiers,Home Tech,Dyson,27200.0,20,21760.0,1,21760.0,18121.91,3638.09,16.72,Mumbai,West,Retail Store,EMI,No,Student,False
ORD-10948,2024-10-09,October,Q4,Cameras,Imaging,Canon,35800.0,15,30430.0,2,60860.0,52991.9,7868.1,12.93,Pune,West,Corporate,Cash,No,Student,True
ORD-10949,2024-01-04,January,Q1,Smartwatches,Wearables,Samsung,23600.0,10,21240.0,2,42480.0,34263.5,8216.5,19.34,Hyderabad,South,Online,Cash,No,Small Business,False
ORD-10950,2024-01-03,January,Q1,Cameras,Imaging,Canon,10200.0,5,9690.0,5,48450.0,36113.200000000004,12336.8,25.46,Jaipur,North,Distributor,Debit Card,No,Student,False
ORD-10951,2024-05-03,May,Q2,Routers,Networking,D-Link,3700.0,25,2775.0,1,2775.0,2326.06,448.94,16.18,Mumbai,West,Distributor,Debit Card,No,Student,False
ORD-10952,2024-03-29,March,Q1,Cameras,Imaging,Sony,81500.0,15,69275.0,2,138550.0,97179.6,41370.4,29.86,Bangalore,South,Retail Store,Debit Card,No,Enterprise,False
ORD-10953,2024-10-10,October,Q4,Tablets,Mobile,Lenovo,20200.0,0,20200.0,1,20200.0,11213.59,8986.41,44.49,Mumbai,West,Retail Store,Debit Card,No,Individual,True
ORD-10954,2024-10-19,October,Q4,Cameras,Imaging,Canon,113400.0,5,107730.0,1,107730.0,84673.83,23056.17,21.4,Pune,West,Online,Debit Card,No,Small Business,True
ORD-10955,2024-10-01,October,Q4,Smart TVs,Entertainment,OnePlus,157500.0,25,118125.0,1,118125.0,88255.09,29869.91,25.29,Delhi,North,Corporate,Debit Card,No,Individual,True
ORD-10956,2024-02-26,February,Q1,Air Purifiers,Home Tech,Dyson,8700.0,10,7830.0,1,7830.0,5240.87,2589.13,33.07,Bangalore,South,Online,Credit Card,No,Small Business,False
ORD-10957,2024-07-19,July,Q3,Laptops,Computing,Asus,100600.0,15,85510.0,2,171020.0,113620.7,57399.3,33.56,Delhi,North,Online,Credit Card,No,Student,False
ORD-10958,2024-03-23,March,Q1,Tablets,Mobile,Lenovo,10500.0,5,9975.0,4,39900.0,28641.2,11258.8,28.22,Lucknow,North,Distributor,UPI,No,Enterprise,False
ORD-10959,2024-09-04,September,Q3,Gaming Consoles,Gaming,Nintendo,39100.0,5,37145.0,2,74290.0,51170.14,23119.86,31.12,Hyderabad,South,Corporate,UPI,No,Individual,False
ORD-10960,2024-09-22,September,Q3,Routers,Networking,Netgear,4000.0,10,3600.0,5,18000.0,11459.15,6540.85,36.34,Chennai,South,Online,UPI,No,Small Business,False
ORD-10961,2024-05-17,May,Q2,Headphones,Audio,Sennheiser,5400.0,0,5400.0,1,5400.0,3346.44,2053.56,38.03,Jaipur,North,Retail Store,Credit Card,No,Student,False
ORD-10962,2024-09-19,September,Q3,Cameras,Imaging,Nikon,43500.0,5,41325.0,1,41325.0,29902.4,11422.6,27.64,Hyderabad,South,Corporate,UPI,No,Enterprise,False
ORD-10963,2024-03-25,March,Q1,Smart TVs,Entertainment,OnePlus,95200.0,15,80920.0,2,161840.0,120855.92,40984.08,25.32,Hyderabad,South,Distributor,Debit Card,No,Student,False
ORD-10964,2024-04-12,April,Q2,Gaming Consoles,Gaming,Microsoft,33100.0,25,24825.0,1,24825.0,23629.04,1195.96,4.82,Ahmedabad,West,Online,UPI,No,Student,False
ORD-10965,2024-05-30,May,Q2,Gaming Consoles,Gaming,Nintendo,53300.0,20,42640.0,1,42640.0,33070.02,9569.98,22.44,Mumbai,West,Online,EMI,No,Small Business,False
ORD-10966,2024-07-02,July,Q3,Smart TVs,Entertainment,Sony,54800.0,10,49320.0,4,197280.0,136866.92,60413.08,30.62,Pune,West,Online,Credit Card,No,Enterprise,False
ORD-10967,2024-04-19,April,Q2,Air Purifiers,Home Tech,Xiaomi,36500.0,20,29200.0,3,87600.0,61675.56,25924.44,29.59,Hyderabad,South,Retail Store,Credit Card,No,Enterprise,False
ORD-10968,2024-11-07,November,Q4,Laptops,Computing,Apple,109800.0,15,93330.0,1,93330.0,75369.62,17960.38,19.24,Kolkata,East,Online,Credit Card,No,Student,True
ORD-10969,2024-09-12,September,Q3,Smartphones,Mobile,OnePlus,38300.0,0,38300.0,2,76600.0,49066.66,27533.34,35.94,Lucknow,North,Online,Credit Card,No,Enterprise,False
ORD-10970,2024-01-10,January,Q1,Gaming Consoles,Gaming,Sony,51900.0,10,46710.0,1,46710.0,29905.38,16804.62,35.98,Kolkata,East,Online,Credit Card,No,Enterprise,False
ORD-10971,2024-11-26,November,Q4,Smartphones,Mobile,Samsung,41800.0,30,29260.0,1,29260.0,29699.01,-439.01,-1.5,Hyderabad,South,Online,EMI,No,Enterprise,True
ORD-10972,2024-09-09,September,Q3,Gaming Consoles,Gaming,Sony,33800.0,25,25350.0,1,25350.0,25241.62,108.38,0.43,Ahmedabad,West,Distributor,Net Banking,No,Enterprise,False
ORD-10973,2024-11-12,November,Q4,Laptops,Computing,Dell,46300.0,30,32410.0,2,64820.0,51122.54,13697.46,21.13,Delhi,North,Corporate,EMI,No,Small Business,True
ORD-10974,2024-03-28,March,Q1,Laptops,Computing,HP,93800.0,30,65660.0,2,131320.0,117020.36,14299.64,10.89,Jaipur,North,Corporate,Cash,No,Enterprise,False
ORD-10975,2024-01-23,January,Q1,Laptops,Computing,Dell,115000.0,0,115000.0,1,115000.0,69315.72,45684.28,39.73,Lucknow,North,Distributor,Credit Card,No,Small Business,False
ORD-10976,2024-10-25,October,Q4,Air Purifiers,Home Tech,Dyson,9400.0,30,6580.0,1,6580.0,5448.24,1131.76,17.2,Lucknow,North,Distributor,Net Banking,No,Student,True
ORD-10977,2024-12-08,December,Q4,Laptops,Computing,Apple,75100.0,20,60080.0,3,180240.0,145450.38,34789.62,19.3,Ahmedabad,West,Corporate,Credit Card,No,Small Business,True
ORD-10978,2024-02-17,February,Q1,Headphones,Audio,JBL,17900.0,10,16110.0,3,48330.0,35533.44,12796.56,26.48,Chennai,South,Retail Store,Debit Card,No,Individual,False
ORD-10979,2024-02-08,February,Q1,Air Purifiers,Home Tech,Dyson,12400.0,25,9300.0,3,27900.0,22068.06,5831.94,20.9,Kolkata,East,Online,UPI,No,Enterprise,False
ORD-10980,2024-06-08,June,Q2,Air Purifiers,Home Tech,Philips,34700.0,0,34700.0,4,138800.0,101716.12,37083.88,26.72,Chennai,South,Corporate,Credit Card,No,Small Business,False
ORD-10981,2024-07-23,July,Q3,Smart TVs,Entertainment,Sony,66400.0,5,63080.0,2,126160.0,91267.22,34892.78,27.66,Lucknow,North,Retail Store,UPI,No,Individual,False
ORD-10982,2024-05-03,May,Q2,Smartphones,Mobile,Xiaomi,21500.0,0,21500.0,1,21500.0,13872.83,7627.17,35.48,Jaipur,North,Retail Store,UPI,Yes,Individual,False
ORD-10983,2024-06-30,June,Q2,Cameras,Imaging,Nikon,29400.0,20,23520.0,2,47040.0,37406.78,9633.22,20.48,Pune,West,Online,UPI,No,Student,False
ORD-10984,2024-08-04,August,Q3,Smart TVs,Entertainment,Samsung,50000.0,5,47500.0,2,95000.0,66880.98,28119.02,29.6,Jaipur,North,Retail Store,Credit Card,No,Individual,False
ORD-10985,2024-11-26,November,Q4,Smart TVs,Entertainment,Sony,55600.0,0,55600.0,2,111200.0,81066.1,30133.9,27.1,Lucknow,North,Online,UPI,No,Small Business,True
ORD-10986,2024-11-13,November,Q4,Cameras,Imaging,Fujifilm,63800.0,5,60610.0,2,121220.0,88909.74,32310.26,26.65,Hyderabad,South,Retail Store,UPI,No,Enterprise,True
ORD-10987,2024-12-27,December,Q4,Gaming Consoles,Gaming,Microsoft,45700.0,0,45700.0,7,319900.0,187786.34,132113.66,41.3,Lucknow,North,Retail Store,Credit Card,No,Small Business,True
ORD-10988,2024-03-28,March,Q1,Smartwatches,Wearables,Apple,8700.0,10,7830.0,4,31320.0,25403.08,5916.92,18.89,Bangalore,South,Corporate,Debit Card,No,Individual,False
ORD-10989,2024-03-31,March,Q1,Headphones,Audio,Sony,4700.0,30,3290.0,1,3290.0,3386.9,-96.9,-2.95,Lucknow,North,Online,Credit Card,No,Small Business,False
ORD-10990,2024-08-29,August,Q3,Laptops,Computing,Dell,102800.0,20,82240.0,6,493440.0,423130.5,70309.5,14.25,Hyderabad,South,Distributor,Credit Card,No,Small Business,False
ORD-10991,2024-02-18,February,Q1,Laptops,Computing,Lenovo,101400.0,10,91260.0,1,91260.0,64949.06,26310.94,28.83,Pune,West,Corporate,UPI,No,Enterprise,False
ORD-10992,2024-08-22,August,Q3,Smartphones,Mobile,OnePlus,29700.0,10,26730.0,3,80190.0,64889.25,15300.75,19.08,Lucknow,North,Retail Store,UPI,No,Individual,False
ORD-10993,2024-03-16,March,Q1,Cameras,Imaging,Nikon,101600.0,5,96520.0,1,96520.0,63138.19,33381.81,34.59,Mumbai,West,Online,Debit Card,Yes,Enterprise,False
ORD-10994,2024-04-15,April,Q2,Laptops,Computing,HP,112500.0,15,95625.0,3,286875.0,228739.52999999997,58135.47,20.27,Hyderabad,South,Distributor,Debit Card,No,Student,False
ORD-10995,2024-09-26,September,Q3,Tablets,Mobile,Lenovo,55500.0,10,49950.0,4,199800.0,161526.96,38273.04,19.16,Kolkata,East,Retail Store,Cash,No,Small Business,False
ORD-10996,2024-01-22,January,Q1,Gaming Consoles,Gaming,Nintendo,44600.0,30,31220.0,3,93660.0,89976.95999999999,3683.04,3.93,Kolkata,East,Distributor,Debit Card,No,Enterprise,False
ORD-10997,2024-05-27,May,Q2,Laptops,Computing,Dell,72400.0,25,54300.0,2,108600.0,83900.92,24699.08,22.74,Bangalore,South,Retail Store,UPI,No,Small Business,False
ORD-10998,2024-06-04,June,Q2,Air Purifiers,Home Tech,Xiaomi,7300.0,10,6570.0,1,6570.0,4037.76,2532.24,38.54,Mumbai,West,Online,EMI,No,Student,False
ORD-10999,2024-06-05,June,Q2,Smartphones,Mobile,Xiaomi,33400.0,30,23380.0,3,70140.0,55122.87,15017.13,21.41,Hyderabad,South,Online,EMI,No,Small Business,False
ORD-11000,2024-02-14,February,Q1,Headphones,Audio,Boat,24900.0,5,23655.0,4,94620.0,63386.44,31233.56,33.01,Delhi,North,Online,UPI,Yes,Small Business,False
ORD-11001,2024-12-13,December,Q4,Cameras,Imaging,Fujifilm,64700.0,0,64700.0,1,64700.0,47140.86,17559.14,27.14,Hyderabad,South,Retail Store,UPI,No,Enterprise,True
ORD-11002,2024-10-23,October,Q4,Tablets,Mobile,Apple,22500.0,15,19125.0,2,38250.0,29738.56,8511.44,22.25,Hyderabad,South,Online,UPI,Yes,Student,True
ORD-11003,2024-10-06,October,Q4,Tablets,Mobile,Huawei,49100.0,30,34370.0,2,68740.0,62590.58,6149.42,8.95,Bangalore,South,Retail Store,Debit Card,No,Enterprise,True
ORD-11004,2024-08-27,August,Q3,Smartwatches,Wearables,Noise,21800.0,15,18530.0,2,37060.0,28002.4,9057.6,24.44,Jaipur,North,Online,EMI,No,Small Business,False
ORD-11005,2024-11-10,November,Q4,Headphones,Audio,Boat,14700.0,10,13230.0,2,26460.0,16918.38,9541.62,36.06,Jaipur,North,Distributor,EMI,No,Student,True
ORD-11006,2024-03-05,March,Q1,Cameras,Imaging,Canon,73700.0,30,51590.0,2,103180.0,106862.38,-3682.38,-3.57,Ahmedabad,West,Distributor,UPI,No,Individual,False
ORD-11007,2024-06-19,June,Q2,Gaming Consoles,Gaming,Sony,48800.0,20,39040.0,3,117120.0,94617.39,22502.61,19.21,Pune,West,Distributor,UPI,No,Individual,False
ORD-11008,2024-12-25,December,Q4,Smart TVs,Entertainment,Mi,41700.0,25,31275.0,1,31275.0,31002.1,272.9,0.87,Bangalore,South,Online,Debit Card,No,Enterprise,True
ORD-11009,2024-11-17,November,Q4,Headphones,Audio,Sony,20200.0,20,16160.0,1,16160.0,13888.61,2271.39,14.06,Delhi,North,Online,UPI,No,Individual,True
ORD-11010,2024-05-06,May,Q2,Smart TVs,Entertainment,Sony,102600.0,30,71820.0,1,71820.0,66809.11,5010.89,6.98,Kolkata,East,Online,UPI,No,Small Business,False
ORD-11011,2024-04-30,April,Q2,Routers,Networking,Asus,12500.0,25,9375.0,2,18750.0,15945.64,2804.36,14.96,Lucknow,North,Online,UPI,No,Small Business,False
ORD-11012,2024-12-02,December,Q4,Smart TVs,Entertainment,LG,109600.0,25,82200.0,1,82200.0,72263.25,9936.75,12.09,Ahmedabad,West,Retail Store,UPI,No,Student,True
ORD-11013,2024-07-07,July,Q3,Headphones,Audio,Sennheiser,10000.0,30,7000.0,1,7000.0,5714.67,1285.33,18.36,Kolkata,East,Distributor,UPI,No,Individual,False
ORD-11014,2024-10-15,October,Q4,Cameras,Imaging,Canon,90400.0,0,90400.0,3,271200.0,184150.71,87049.29,32.1,Lucknow,North,Retail Store,Cash,No,Small Business,True
ORD-11015,2024-08-27,August,Q3,Air Purifiers,Home Tech,Xiaomi,5300.0,5,5035.0,2,10070.0,6588.42,3481.58,34.57,Jaipur,North,Online,Cash,No,Individual,False
ORD-11016,2024-03-30,March,Q1,Tablets,Mobile,Lenovo,42800.0,20,34240.0,1,34240.0,26444.33,7795.67,22.77,Bangalore,South,Online,EMI,No,Student,False
ORD-11017,2024-02-04,February,Q1,Air Purifiers,Home Tech,Sharp,38700.0,20,30960.0,1,30960.0,26385.44,4574.56,14.78,Lucknow,North,Retail Store,Credit Card,No,Enterprise,False
ORD-11018,2024-03-07,March,Q1,Smartwatches,Wearables,Boat,43100.0,10,38790.0,3,116370.0,86229.99,30140.01,25.9,Kolkata,East,Online,UPI,No,Small Business,False
ORD-11019,2024-02-19,February,Q1,Laptops,Computing,Asus,113800.0,15,96730.0,1,96730.0,69956.49,26773.51,27.68,Chennai,South,Corporate,EMI,No,Small Business,False
ORD-11020,2024-02-23,February,Q1,Tablets,Mobile,Huawei,47800.0,15,40630.0,2,81260.0,70215.82,11044.18,13.59,Mumbai,West,Retail Store,UPI,No,Individual,False
ORD-11021,2024-08-14,August,Q3,Smartwatches,Wearables,Boat,29000.0,0,29000.0,3,87000.0,63919.770000000004,23080.23,26.53,Pune,West,Online,Credit Card,No,Small Business,False
ORD-11022,2024-04-10,April,Q2,Headphones,Audio,Sennheiser,11200.0,10,10080.0,1,10080.0,6665.11,3414.89,33.88,Bangalore,South,Retail Store,Credit Card,No,Individual,False
ORD-11023,2024-10-25,October,Q4,Smartphones,Mobile,Samsung,22700.0,30,15890.0,3,47670.0,39369.45,8300.55,17.41,Mumbai,West,Online,Credit Card,No,Individual,True
ORD-11024,2024-06-23,June,Q2,Tablets,Mobile,Huawei,19500.0,5,18525.0,1,18525.0,12949.44,5575.56,30.1,Ahmedabad,West,Retail Store,Credit Card,No,Small Business,False
ORD-11025,2024-02-04,February,Q1,Air Purifiers,Home Tech,Sharp,26900.0,30,18830.0,3,56490.0,45528.81,10961.19,19.4,Delhi,North,Online,Credit Card,No,Student,False
ORD-11026,2024-04-28,April,Q2,Smartphones,Mobile,Vivo,46900.0,0,46900.0,2,93800.0,55792.64,38007.36,40.52,Hyderabad,South,Corporate,UPI,No,Individual,False
ORD-11027,2024-03-21,March,Q1,Headphones,Audio,Sony,13600.0,5,12920.0,2,25840.0,19601.38,6238.62,24.14,Lucknow,North,Retail Store,Credit Card,No,Individual,False
ORD-11028,2024-10-25,October,Q4,Air Purifiers,Home Tech,Xiaomi,27900.0,0,27900.0,3,83700.0,51693.87,32006.13,38.24,Hyderabad,South,Online,EMI,No,Small Business,True
ORD-11029,2024-10-07,October,Q4,Smartwatches,Wearables,Apple,11700.0,0,11700.0,2,23400.0,16640.5,6759.5,28.89,Lucknow,North,Corporate,Debit Card,No,Individual,True
ORD-11030,2024-06-26,June,Q2,Laptops,Computing,Asus,81800.0,20,65440.0,2,130880.0,120388.78,10491.22,8.02,Jaipur,North,Retail Store,UPI,No,Individual,False
ORD-11031,2024-01-19,January,Q1,Air Purifiers,Home Tech,Philips,27800.0,15,23630.0,2,47260.0,35890.82,11369.18,24.06,Chennai,South,Online,UPI,No,Small Business,False
ORD-11032,2024-09-30,September,Q3,Gaming Consoles,Gaming,Microsoft,43900.0,25,32925.0,1,32925.0,24303.87,8621.13,26.18,Ahmedabad,West,Online,EMI,No,Student,False
ORD-11033,2024-12-25,December,Q4,Cameras,Imaging,Nikon,24400.0,0,24400.0,1,24400.0,17798.08,6601.92,27.06,Pune,West,Online,Credit Card,No,Small Business,True
ORD-11034,2024-04-28,April,Q2,Laptops,Computing,Apple,26000.0,15,22100.0,3,66300.0,54560.61,11739.39,17.71,Jaipur,North,Retail Store,Net Banking,No,Small Business,False
ORD-11035,2024-01-30,January,Q1,Laptops,Computing,Dell,37000.0,5,35150.0,2,70300.0,44882.42,25417.58,36.16,Pune,West,Online,Debit Card,No,Enterprise,False
ORD-11036,2024-03-07,March,Q1,Gaming Consoles,Gaming,Microsoft,36800.0,0,36800.0,3,110400.0,75217.5,35182.5,31.87,Delhi,North,Online,Credit Card,No,Enterprise,False
ORD-11037,2024-04-22,April,Q2,Air Purifiers,Home Tech,Xiaomi,37900.0,30,26530.0,1,26530.0,25024.66,1505.34,5.67,Chennai,South,Retail Store,UPI,No,Individual,False
ORD-11038,2024-01-28,January,Q1,Smartwatches,Wearables,Noise,32200.0,20,25760.0,2,51520.0,41682.36,9837.64,19.09,Delhi,North,Online,UPI,Yes,Small Business,False
ORD-11039,2024-06-05,June,Q2,Routers,Networking,Netgear,2700.0,25,2025.0,1,2025.0,1925.85,99.15,4.9,Bangalore,South,Online,UPI,No,Student,False
ORD-11040,2024-02-28,February,Q1,Smartphones,Mobile,Xiaomi,68200.0,10,61380.0,1,61380.0,41301.47,20078.53,32.71,Kolkata,East,Online,Net Banking,No,Student,False
ORD-11041,2024-09-10,September,Q3,Smartphones,Mobile,Xiaomi,35700.0,0,35700.0,1,35700.0,21237.56,14462.44,40.51,Kolkata,East,Online,Credit Card,No,Enterprise,False
ORD-11042,2024-01-17,January,Q1,Routers,Networking,Asus,14100.0,20,11280.0,1,11280.0,9882.63,1397.37,12.39,Pune,West,Corporate,Cash,No,Small Business,False
ORD-11043,2024-01-15,January,Q1,Smartwatches,Wearables,Boat,20400.0,15,17340.0,4,69360.0,57652.24,11707.76,16.88,Mumbai,West,Distributor,Debit Card,Yes,Enterprise,False
ORD-11044,2024-09-30,September,Q3,Air Purifiers,Home Tech,Sharp,25000.0,20,20000.0,6,120000.0,105570.36000000002,14429.64,12.02,Hyderabad,South,Online,Credit Card,No,Small Business,False
ORD-11045,2024-03-08,March,Q1,Smartphones,Mobile,OnePlus,65600.0,10,59040.0,4,236160.0,148808.96,87351.04,36.99,Chennai,South,Distributor,UPI,No,Individual,False
ORD-11046,2024-11-11,November,Q4,Headphones,Audio,JBL,7100.0,10,6390.0,3,19170.0,15048.150000000001,4121.85,21.5,Lucknow,North,Online,Credit Card,No,Enterprise,True
ORD-11047,2024-04-01,April,Q2,Air Purifiers,Home Tech,Sharp,5600.0,0,5600.0,1,5600.0,3602.41,1997.59,35.67,Pune,West,Retail Store,EMI,No,Individual,False
ORD-11048,2024-10-23,October,Q4,Laptops,Computing,Lenovo,110200.0,20,88160.0,5,440800.0,337655.7,103144.3,23.4,Delhi,North,Retail Store,UPI,No,Enterprise,True
ORD-11049,2024-09-10,September,Q3,Tablets,Mobile,Apple,41500.0,5,39425.0,2,78850.0,60112.58,18737.42,23.76,Mumbai,West,Online,Debit Card,No,Student,False
ORD-11050,2024-10-23,October,Q4,Smartwatches,Wearables,Apple,25600.0,5,24320.0,3,72960.0,43174.08,29785.92,40.83,Hyderabad,South,Corporate,UPI,No,Enterprise,True
ORD-11051,2024-10-03,October,Q4,Smartphones,Mobile,Vivo,24900.0,0,24900.0,2,49800.0,28161.7,21638.3,43.45,Ahmedabad,West,Online,UPI,No,Enterprise,True
ORD-11052,2024-12-14,December,Q4,Cameras,Imaging,Canon,99100.0,10,89190.0,1,89190.0,57340.84,31849.16,35.71,Pune,West,Retail Store,Credit Card,Yes,Enterprise,True
ORD-11053,2024-08-28,August,Q3,Headphones,Audio,Apple,1300.0,10,1170.0,2,2340.0,1453.2,886.8,37.9,Bangalore,South,Corporate,UPI,No,Enterprise,False
ORD-11054,2024-09-18,September,Q3,Routers,Networking,Asus,14200.0,15,12070.0,2,24140.0,20338.52,3801.48,15.75,Mumbai,West,Retail Store,UPI,No,Individual,False
ORD-11055,2024-02-09,February,Q1,Smart TVs,Entertainment,Mi,108100.0,20,86480.0,3,259440.0,219247.83000000002,40192.17,15.49,Kolkata,East,Retail Store,UPI,No,Individual,False
ORD-11056,2024-11-06,November,Q4,Air Purifiers,Home Tech,Sharp,16100.0,5,15295.0,1,15295.0,11546.95,3748.05,24.51,Hyderabad,South,Corporate,Credit Card,No,Enterprise,True
ORD-11057,2024-04-28,April,Q2,Air Purifiers,Home Tech,Xiaomi,31200.0,0,31200.0,1,31200.0,21484.78,9715.22,31.14,Ahmedabad,West,Retail Store,EMI,No,Enterprise,False
ORD-11058,2024-10-13,October,Q4,Routers,Networking,TP-Link,13800.0,25,10350.0,1,10350.0,8926.27,1423.73,13.76,Chennai,South,Retail Store,Credit Card,No,Small Business,True
ORD-11059,2024-10-02,October,Q4,Smart TVs,Entertainment,OnePlus,139700.0,25,104775.0,3,314325.0,242083.91999999998,72241.08,22.98,Hyderabad,South,Distributor,Credit Card,No,Student,True
ORD-11060,2024-08-03,August,Q3,Routers,Networking,Netgear,9100.0,25,6825.0,1,6825.0,6609.22,215.78,3.16,Chennai,South,Distributor,EMI,No,Individual,False
ORD-11061,2024-08-02,August,Q3,Headphones,Audio,Apple,17900.0,15,15215.0,1,15215.0,12504.42,2710.58,17.82,Bangalore,South,Distributor,EMI,No,Small Business,False
ORD-11062,2024-02-07,February,Q1,Tablets,Mobile,Huawei,55200.0,10,49680.0,2,99360.0,63534.16,35825.84,36.06,Jaipur,North,Online,UPI,No,Enterprise,False
ORD-11063,2024-10-29,October,Q4,Gaming Consoles,Gaming,Nintendo,23800.0,25,17850.0,6,107100.0,79831.98,27268.02,25.46,Pune,West,Corporate,Cash,No,Student,True
ORD-11064,2024-05-28,May,Q2,Air Purifiers,Home Tech,Philips,30700.0,25,23025.0,3,69075.0,64763.91,4311.09,6.24,Jaipur,North,Online,EMI,No,Enterprise,False
ORD-11065,2024-12-11,December,Q4,Air Purifiers,Home Tech,Sharp,16200.0,5,15390.0,2,30780.0,21116.16,9663.84,31.4,Lucknow,North,Online,EMI,No,Student,True
ORD-11066,2024-06-23,June,Q2,Smartphones,Mobile,Vivo,45300.0,20,36240.0,1,36240.0,30168.24,6071.76,16.75,Kolkata,East,Online,Credit Card,No,Small Business,False
ORD-11067,2024-01-22,January,Q1,Smart TVs,Entertainment,OnePlus,111000.0,20,88800.0,5,444000.0,402883.8,41116.2,9.26,Pune,West,Online,UPI,No,Enterprise,False
ORD-11068,2024-09-06,September,Q3,Air Purifiers,Home Tech,Philips,36000.0,10,32400.0,1,32400.0,26562.28,5837.72,18.02,Hyderabad,South,Corporate,EMI,Yes,Enterprise,False
ORD-11069,2024-03-13,March,Q1,Laptops,Computing,HP,77500.0,20,62000.0,2,124000.0,108650.8,15349.2,12.38,Mumbai,West,Retail Store,UPI,No,Small Business,False
ORD-11070,2024-01-04,January,Q1,Air Purifiers,Home Tech,Dyson,17900.0,10,16110.0,1,16110.0,13216.67,2893.33,17.96,Lucknow,North,Retail Store,Credit Card,No,Student,False
ORD-11071,2024-05-31,May,Q2,Laptops,Computing,Dell,67200.0,15,57120.0,2,114240.0,87178.7,27061.3,23.69,Delhi,North,Distributor,Net Banking,No,Individual,False
ORD-11072,2024-06-30,June,Q2,Laptops,Computing,HP,94100.0,10,84690.0,1,84690.0,54704.61,29985.39,35.41,Pune,West,Online,Debit Card,No,Individual,False
ORD-11073,2024-12-27,December,Q4,Smartwatches,Wearables,Apple,20400.0,25,15300.0,1,15300.0,14460.33,839.67,5.49,Pune,West,Online,Debit Card,No,Individual,True
ORD-11074,2024-11-20,November,Q4,Smartphones,Mobile,Apple,17900.0,15,15215.0,2,30430.0,25934.34,4495.66,14.77,Chennai,South,Retail Store,UPI,No,Small Business,True
ORD-11075,2024-09-11,September,Q3,Headphones,Audio,Boat,5400.0,0,5400.0,1,5400.0,3996.9,1403.1,25.98,Chennai,South,Online,UPI,No,Small Business,False
ORD-11076,2024-12-29,December,Q4,Tablets,Mobile,Samsung,30900.0,10,27810.0,1,27810.0,20785.68,7024.32,25.26,Lucknow,North,Online,Credit Card,No,Small Business,True
ORD-11077,2024-06-02,June,Q2,Smart TVs,Entertainment,Samsung,138600.0,15,117810.0,1,117810.0,98315.8,19494.2,16.55,Kolkata,East,Retail Store,Credit Card,No,Small Business,False
ORD-11078,2024-02-27,February,Q1,Headphones,Audio,Sennheiser,24200.0,10,21780.0,1,21780.0,14507.4,7272.6,33.39,Kolkata,East,Online,Credit Card,No,Individual,False
ORD-11079,2024-06-26,June,Q2,Cameras,Imaging,Nikon,117900.0,15,100215.0,1,100215.0,84655.05,15559.95,15.53,Ahmedabad,West,Retail Store,Debit Card,No,Enterprise,False
ORD-11080,2024-09-16,September,Q3,Smart TVs,Entertainment,OnePlus,26200.0,30,18340.0,2,36680.0,32207.06,4472.94,12.19,Pune,West,Retail Store,EMI,No,Enterprise,False
ORD-11081,2024-01-28,January,Q1,Headphones,Audio,Sennheiser,18300.0,10,16470.0,3,49410.0,37181.19,12228.81,24.75,Mumbai,West,Online,Credit Card,No,Small Business,False
ORD-11082,2024-10-01,October,Q4,Smart TVs,Entertainment,Sony,190400.0,20,152320.0,3,456960.0,383932.23,73027.77,15.98,Bangalore,South,Retail Store,UPI,No,Student,True
ORD-11083,2024-02-16,February,Q1,Smartwatches,Wearables,Garmin,34900.0,20,27920.0,1,27920.0,19637.98,8282.02,29.66,Mumbai,West,Retail Store,Credit Card,No,Small Business,False
ORD-11084,2024-10-01,October,Q4,Cameras,Imaging,Nikon,49200.0,5,46740.0,1,46740.0,36020.83,10719.17,22.93,Pune,West,Retail Store,Debit Card,No,Individual,True
ORD-11085,2024-01-19,January,Q1,Smartphones,Mobile,Vivo,15400.0,15,13090.0,1,13090.0,10907.34,2182.66,16.67,Mumbai,West,Online,Credit Card,No,Small Business,False
ORD-11086,2024-01-18,January,Q1,Headphones,Audio,Sony,20400.0,15,17340.0,2,34680.0,27787.06,6892.94,19.88,Bangalore,South,Distributor,EMI,No,Individual,False
ORD-11087,2024-02-07,February,Q1,Routers,Networking,D-Link,1300.0,25,975.0,2,1950.0,1861.74,88.26,4.53,Lucknow,North,Corporate,UPI,No,Student,False
ORD-11088,2024-04-09,April,Q2,Gaming Consoles,Gaming,Microsoft,47500.0,15,40375.0,1,40375.0,30992.38,9382.62,23.24,Mumbai,West,Online,Credit Card,No,Student,False
ORD-11089,2024-07-11,July,Q3,Headphones,Audio,Sennheiser,2800.0,15,2380.0,1,2380.0,1854.16,525.84,22.09,Ahmedabad,West,Online,Debit Card,No,Student,False
ORD-11090,2024-01-09,January,Q1,Air Purifiers,Home Tech,Sharp,38300.0,30,26810.0,3,80430.0,75755.43000000001,4674.57,5.81,Delhi,North,Retail Store,Debit Card,No,Small Business,False
ORD-11091,2024-08-16,August,Q3,Smartwatches,Wearables,Noise,26000.0,25,19500.0,1,19500.0,15915.17,3584.83,18.38,Bangalore,South,Distributor,Net Banking,No,Small Business,False
ORD-11092,2024-04-16,April,Q2,Air Purifiers,Home Tech,Philips,7900.0,15,6715.0,5,33575.0,26595.25,6979.75,20.79,Ahmedabad,West,Retail Store,EMI,No,Individual,False
ORD-11093,2024-09-09,September,Q3,Headphones,Audio,Sennheiser,8100.0,10,7290.0,2,14580.0,11613.2,2966.8,20.35,Mumbai,West,Online,Debit Card,No,Individual,False
ORD-11094,2024-05-17,May,Q2,Smart TVs,Entertainment,Mi,162000.0,20,129600.0,2,259200.0,210588.04,48611.96,18.75,Chennai,South,Online,Debit Card,No,Individual,False
ORD-11095,2024-02-23,February,Q1,Cameras,Imaging,Canon,61300.0,30,42910.0,1,42910.0,33882.04,9027.96,21.04,Jaipur,North,Retail Store,UPI,No,Individual,False
ORD-11096,2024-01-20,January,Q1,Cameras,Imaging,Fujifilm,32200.0,30,22540.0,3,67620.0,63265.049999999996,4354.95,6.44,Bangalore,South,Retail Store,Credit Card,No,Enterprise,False
ORD-11097,2024-03-01,March,Q1,Cameras,Imaging,Sony,110200.0,25,82650.0,1,82650.0,66585.21,16064.79,19.44,Pune,West,Retail Store,Credit Card,No,Small Business,False
ORD-11098,2024-05-28,May,Q2,Routers,Networking,Netgear,12200.0,25,9150.0,3,27450.0,22847.579999999998,4602.42,16.77,Lucknow,North,Online,Credit Card,Yes,Small Business,False
ORD-11099,2024-03-25,March,Q1,Routers,Networking,D-Link,1100.0,15,935.0,1,935.0,644.43,290.57,31.08,Ahmedabad,West,Online,Net Banking,No,Small Business,False
ORD-11100,2024-04-12,April,Q2,Laptops,Computing,Apple,68600.0,0,68600.0,2,137200.0,77136.8,60063.2,43.78,Ahmedabad,West,Retail Store,UPI,No,Small Business,False
ORD-11101,2024-06-25,June,Q2,Smartphones,Mobile,Apple,27800.0,30,19460.0,2,38920.0,40716.0,-1796.0,-4.61,Kolkata,East,Retail Store,Credit Card,No,Student,False
ORD-11102,2024-05-10,May,Q2,Routers,Networking,Netgear,2100.0,5,1995.0,1,1995.0,1198.25,796.75,39.94,Chennai,South,Online,UPI,No,Student,False
ORD-11103,2024-06-18,June,Q2,Gaming Consoles,Gaming,Nintendo,41200.0,30,28840.0,1,28840.0,28735.07,104.93,0.36,Lucknow,North,Retail Store,Credit Card,No,Small Business,False
ORD-11104,2024-04-20,April,Q2,Laptops,Computing,Apple,38900.0,5,36955.0,2,73910.0,50188.22,23721.78,32.1,Mumbai,West,Online,EMI,No,Student,False
ORD-11105,2024-08-05,August,Q3,Air Purifiers,Home Tech,Xiaomi,15600.0,30,10920.0,2,21840.0,17891.94,3948.06,18.08,Jaipur,North,Online,EMI,No,Enterprise,False
ORD-11106,2024-06-08,June,Q2,Routers,Networking,Asus,8400.0,20,6720.0,1,6720.0,6034.88,685.12,10.2,Bangalore,South,Corporate,EMI,No,Student,False
ORD-11107,2024-10-13,October,Q4,Air Purifiers,Home Tech,Sharp,29300.0,10,26370.0,1,26370.0,20131.25,6238.75,23.66,Jaipur,North,Distributor,Debit Card,No,Enterprise,True
ORD-11108,2024-08-26,August,Q3,Smartwatches,Wearables,Noise,10800.0,20,8640.0,3,25920.0,23498.4,2421.6,9.34,Chennai,South,Online,UPI,No,Individual,False
ORD-11109,2024-04-10,April,Q2,Air Purifiers,Home Tech,Xiaomi,23400.0,0,23400.0,5,117000.0,78066.8,38933.2,33.28,Pune,West,Online,Credit Card,No,Individual,False
ORD-11110,2024-11-06,November,Q4,Headphones,Audio,Sony,16400.0,25,12300.0,1,12300.0,10590.25,1709.75,13.9,Mumbai,West,Corporate,Debit Card,No,Individual,True
ORD-11111,2024-10-19,October,Q4,Smartphones,Mobile,Xiaomi,79800.0,25,59850.0,2,119700.0,102287.02,17412.98,14.55,Bangalore,South,Retail Store,EMI,No,Individual,True
ORD-11112,2024-01-20,January,Q1,Smartwatches,Wearables,Apple,28200.0,25,21150.0,2,42300.0,32748.0,9552.0,22.58,Bangalore,South,Distributor,UPI,No,Individual,False
ORD-11113,2024-01-29,January,Q1,Air Purifiers,Home Tech,Dyson,16000.0,30,11200.0,6,67200.0,63246.42,3953.58,5.88,Chennai,South,Retail Store,Debit Card,No,Enterprise,False
ORD-11114,2024-12-29,December,Q4,Tablets,Mobile,Lenovo,35800.0,25,26850.0,1,26850.0,22576.72,4273.28,15.92,Mumbai,West,Online,EMI,No,Enterprise,True
ORD-11115,2024-02-12,February,Q1,Tablets,Mobile,Huawei,12200.0,20,9760.0,2,19520.0,14389.58,5130.42,26.28,Jaipur,North,Retail Store,Debit Card,No,Individual,False
ORD-11116,2024-06-08,June,Q2,Headphones,Audio,Apple,9100.0,10,8190.0,1,8190.0,5853.58,2336.42,28.53,Delhi,North,Retail Store,Credit Card,No,Individual,False
ORD-11117,2024-04-03,April,Q2,Laptops,Computing,HP,55200.0,25,41400.0,1,41400.0,41022.05,377.95,0.91,Bangalore,South,Distributor,UPI,No,Individual,False
ORD-11118,2024-05-06,May,Q2,Headphones,Audio,Boat,18800.0,25,14100.0,1,14100.0,10839.08,3260.92,23.13,Mumbai,West,Online,UPI,No,Enterprise,False
ORD-11119,2024-07-30,July,Q3,Smart TVs,Entertainment,LG,65500.0,5,62225.0,1,62225.0,38345.17,23879.83,38.38,Hyderabad,South,Online,Credit Card,No,Enterprise,False
ORD-11120,2024-10-23,October,Q4,Smartwatches,Wearables,Garmin,35100.0,20,28080.0,5,140400.0,112308.54999999999,28091.45,20.01,Bangalore,South,Online,EMI,No,Small Business,True
ORD-11121,2024-12-25,December,Q4,Cameras,Imaging,Sony,99700.0,25,74775.0,2,149550.0,141425.3,8124.7,5.43,Chennai,South,Online,Net Banking,No,Enterprise,True
ORD-11122,2024-02-16,February,Q1,Routers,Networking,Netgear,4600.0,15,3910.0,3,11730.0,8309.94,3420.06,29.16,Delhi,North,Retail Store,Debit Card,No,Student,False
ORD-11123,2024-10-27,October,Q4,Smartwatches,Wearables,Garmin,26000.0,25,19500.0,1,19500.0,17359.63,2140.37,10.98,Mumbai,West,Online,UPI,No,Individual,True
ORD-11124,2024-03-22,March,Q1,Cameras,Imaging,Fujifilm,55500.0,25,41625.0,1,41625.0,40548.08,1076.92,2.59,Bangalore,South,Corporate,Credit Card,No,Small Business,False
ORD-11125,2024-01-12,January,Q1,Air Purifiers,Home Tech,Sharp,25800.0,25,19350.0,3,58050.0,49303.31999999999,8746.68,15.07,Kolkata,East,Retail Store,UPI,No,Enterprise,False
ORD-11126,2024-09-04,September,Q3,Cameras,Imaging,Sony,13700.0,5,13015.0,2,26030.0,19252.18,6777.82,26.04,Jaipur,North,Online,Credit Card,No,Student,False
ORD-11127,2024-10-30,October,Q4,Smartphones,Mobile,Apple,44900.0,10,40410.0,2,80820.0,65313.26,15506.74,19.19,Jaipur,North,Online,Net Banking,No,Small Business,True
ORD-11128,2024-12-05,December,Q4,Smartwatches,Wearables,Apple,43700.0,10,39330.0,1,39330.0,30964.63,8365.37,21.27,Bangalore,South,Distributor,Credit Card,No,Individual,True
ORD-11129,2024-12-03,December,Q4,Tablets,Mobile,Apple,54100.0,10,48690.0,1,48690.0,33082.44,15607.56,32.05,Bangalore,South,Online,UPI,No,Small Business,True
ORD-11130,2024-03-19,March,Q1,Routers,Networking,Asus,1100.0,5,1045.0,2,2090.0,1361.68,728.32,34.85,Ahmedabad,West,Retail Store,Credit Card,No,Student,False
ORD-11131,2024-12-08,December,Q4,Cameras,Imaging,Fujifilm,108300.0,30,75810.0,1,75810.0,79426.13,-3616.13,-4.77,Kolkata,East,Online,EMI,No,Enterprise,True
ORD-11132,2024-05-24,May,Q2,Cameras,Imaging,Fujifilm,83800.0,10,75420.0,3,226260.0,162822.18,63437.82,28.04,Lucknow,North,Online,EMI,No,Small Business,False
ORD-11133,2024-07-07,July,Q3,Smartwatches,Wearables,Garmin,23300.0,0,23300.0,5,116500.0,78301.2,38198.8,32.79,Kolkata,East,Corporate,Debit Card,No,Small Business,False
ORD-11134,2024-01-23,January,Q1,Smart TVs,Entertainment,Samsung,95500.0,10,85950.0,1,85950.0,59860.67,26089.33,30.35,Bangalore,South,Retail Store,UPI,No,Student,False
ORD-11135,2024-01-18,January,Q1,Headphones,Audio,Sennheiser,4900.0,15,4165.0,1,4165.0,3363.69,801.31,19.24,Delhi,North,Retail Store,UPI,No,Individual,False
ORD-11136,2024-12-01,December,Q4,Cameras,Imaging,Canon,30800.0,5,29260.0,7,204820.0,143360.28,61459.72,30.01,Kolkata,East,Retail Store,UPI,No,Student,True
ORD-11137,2024-08-04,August,Q3,Smartphones,Mobile,OnePlus,38600.0,25,28950.0,1,28950.0,26125.38,2824.62,9.76,Lucknow,North,Distributor,Cash,No,Student,False
ORD-11138,2024-12-30,December,Q4,Smartwatches,Wearables,Boat,43800.0,0,43800.0,1,43800.0,30970.93,12829.07,29.29,Kolkata,East,Retail Store,Credit Card,No,Small Business,True
ORD-11139,2024-01-04,January,Q1,Smartwatches,Wearables,Boat,12700.0,20,10160.0,1,10160.0,9049.6,1110.4,10.93,Ahmedabad,West,Retail Store,Credit Card,No,Student,False
ORD-11140,2024-08-23,August,Q3,Smartwatches,Wearables,Apple,40200.0,25,30150.0,3,90450.0,75237.42,15212.58,16.82,Kolkata,East,Online,UPI,No,Enterprise,False
ORD-11141,2024-04-01,April,Q2,Headphones,Audio,JBL,10700.0,15,9095.0,2,18190.0,13159.42,5030.58,27.66,Mumbai,West,Retail Store,Credit Card,No,Student,False
ORD-11142,2024-05-07,May,Q2,Tablets,Mobile,Samsung,36700.0,5,34865.0,2,69730.0,51039.24,18690.76,26.8,Ahmedabad,West,Retail Store,UPI,Yes,Small Business,False
ORD-11143,2024-09-25,September,Q3,Gaming Consoles,Gaming,Microsoft,21400.0,10,19260.0,5,96300.0,66827.8,29472.2,30.6,Bangalore,South,Retail Store,Debit Card,No,Individual,False
ORD-11144,2024-07-14,July,Q3,Routers,Networking,TP-Link,5700.0,25,4275.0,5,21375.0,19945.8,1429.2,6.69,Kolkata,East,Retail Store,UPI,No,Individual,False
ORD-11145,2024-08-09,August,Q3,Laptops,Computing,HP,79200.0,10,71280.0,2,142560.0,106621.62,35938.38,25.21,Jaipur,North,Distributor,UPI,No,Enterprise,False
ORD-11146,2024-10-20,October,Q4,Air Purifiers,Home Tech,Philips,31600.0,15,26860.0,3,80580.0,57349.950000000004,23230.05,28.83,Bangalore,South,Online,Debit Card,No,Small Business,True
ORD-11147,2024-12-13,December,Q4,Headphones,Audio,JBL,600.0,5,570.0,7,3990.0,2325.75,1664.25,41.71,Kolkata,East,Retail Store,UPI,No,Enterprise,True
ORD-11148,2024-02-19,February,Q1,Smart TVs,Entertainment,LG,18300.0,10,16470.0,3,49410.0,32622.21,16787.79,33.98,Lucknow,North,Online,Debit Card,No,Student,False
ORD-11149,2024-11-21,November,Q4,Gaming Consoles,Gaming,Microsoft,39000.0,15,33150.0,2,66300.0,57406.02,8893.98,13.41,Mumbai,West,Online,Credit Card,No,Small Business,True
ORD-11150,2024-08-24,August,Q3,Air Purifiers,Home Tech,Philips,23600.0,5,22420.0,3,67260.0,48469.47,18790.53,27.94,Hyderabad,South,Retail Store,Debit Card,No,Individual,False
ORD-11151,2024-11-19,November,Q4,Air Purifiers,Home Tech,Xiaomi,7900.0,25,5925.0,1,5925.0,5901.09,23.91,0.4,Pune,West,Online,EMI,No,Student,True
ORD-11152,2024-01-16,January,Q1,Tablets,Mobile,Apple,41200.0,20,32960.0,1,32960.0,26215.81,6744.19,20.46,Mumbai,West,Distributor,UPI,No,Small Business,False
ORD-11153,2024-07-11,July,Q3,Routers,Networking,Netgear,6300.0,30,4410.0,4,17640.0,14482.4,3157.6,17.9,Kolkata,East,Online,Net Banking,No,Small Business,False
ORD-11154,2024-03-22,March,Q1,Cameras,Imaging,Fujifilm,58000.0,5,55100.0,1,55100.0,36750.89,18349.11,33.3,Lucknow,North,Online,EMI,No,Enterprise,False
ORD-11155,2024-09-14,September,Q3,Routers,Networking,D-Link,4200.0,15,3570.0,6,21420.0,16353.96,5066.04,23.65,Ahmedabad,West,Online,Cash,No,Small Business,False
ORD-11156,2024-07-23,July,Q3,Headphones,Audio,Sony,13600.0,10,12240.0,2,24480.0,19110.36,5369.64,21.93,Bangalore,South,Retail Store,UPI,No,Student,False
ORD-11157,2024-08-02,August,Q3,Cameras,Imaging,Nikon,98400.0,20,78720.0,3,236160.0,175596.33000000002,60563.67,25.65,Lucknow,North,Retail Store,Net Banking,No,Student,False
ORD-11158,2024-01-12,January,Q1,Smartwatches,Wearables,Boat,12400.0,20,9920.0,2,19840.0,16742.46,3097.54,15.61,Delhi,North,Corporate,UPI,No,Student,False
ORD-11159,2024-10-09,October,Q4,Routers,Networking,Netgear,12900.0,5,12255.0,1,12255.0,8276.04,3978.96,32.47,Chennai,South,Online,Cash,Yes,Enterprise,True
ORD-11160,2024-03-08,March,Q1,Headphones,Audio,Sony,22400.0,5,21280.0,1,21280.0,14907.66,6372.34,29.95,Ahmedabad,West,Online,Debit Card,Yes,Small Business,False
ORD-11161,2024-08-24,August,Q3,Routers,Networking,TP-Link,12300.0,30,8610.0,4,34440.0,30319.6,4120.4,11.96,Bangalore,South,Online,Debit Card,No,Individual,False
ORD-11162,2024-12-15,December,Q4,Cameras,Imaging,Fujifilm,130400.0,0,130400.0,3,391200.0,276425.25,114774.75,29.34,Hyderabad,South,Distributor,Credit Card,No,Individual,True
ORD-11163,2024-08-12,August,Q3,Air Purifiers,Home Tech,Dyson,15300.0,15,13005.0,3,39015.0,32848.86,6166.14,15.8,Mumbai,West,Online,Debit Card,No,Student,False
ORD-11164,2024-08-07,August,Q3,Laptops,Computing,Dell,38900.0,10,35010.0,5,175050.0,136458.9,38591.1,22.05,Lucknow,North,Distributor,UPI,No,Student,False
ORD-11165,2024-12-02,December,Q4,Smartwatches,Wearables,Samsung,41200.0,30,28840.0,1,28840.0,26636.55,2203.45,7.64,Hyderabad,South,Online,Debit Card,No,Student,True
ORD-11166,2024-05-05,May,Q2,Headphones,Audio,JBL,7700.0,15,6545.0,3,19635.0,14232.66,5402.34,27.51,Ahmedabad,West,Retail Store,Debit Card,No,Small Business,False
ORD-11167,2024-03-16,March,Q1,Routers,Networking,Asus,1400.0,10,1260.0,1,1260.0,927.79,332.21,26.37,Hyderabad,South,Online,Debit Card,No,Enterprise,False
ORD-11168,2024-08-31,August,Q3,Air Purifiers,Home Tech,Xiaomi,10400.0,30,7280.0,1,7280.0,7165.77,114.23,1.57,Bangalore,South,Retail Store,EMI,No,Small Business,False
ORD-11169,2024-01-15,January,Q1,Smart TVs,Entertainment,Mi,71000.0,20,56800.0,1,56800.0,39221.35,17578.65,30.95,Pune,West,Retail Store,Debit Card,Yes,Student,False
ORD-11170,2024-09-01,September,Q3,Gaming Consoles,Gaming,Sony,54000.0,25,40500.0,1,40500.0,31383.47,9116.53,22.51,Jaipur,North,Online,Credit Card,No,Student,False
ORD-11171,2024-11-27,November,Q4,Tablets,Mobile,Huawei,18800.0,15,15980.0,1,15980.0,10393.51,5586.49,34.96,Delhi,North,Online,Credit Card,No,Enterprise,True
ORD-11172,2024-11-07,November,Q4,Laptops,Computing,HP,58900.0,15,50065.0,5,250325.0,195513.15,54811.85,21.9,Mumbai,West,Distributor,EMI,No,Small Business,True
ORD-11173,2024-04-13,April,Q2,Smartwatches,Wearables,Apple,18800.0,0,18800.0,2,37600.0,27839.26,9760.74,25.96,Jaipur,North,Online,Debit Card,No,Individual,False
ORD-11174,2024-01-29,January,Q1,Air Purifiers,Home Tech,Philips,13600.0,30,9520.0,1,9520.0,9491.27,28.73,0.3,Chennai,South,Online,Debit Card,No,Enterprise,False
ORD-11175,2024-10-09,October,Q4,Headphones,Audio,Sony,18700.0,25,14025.0,1,14025.0,13391.79,633.21,4.51,Delhi,North,Corporate,UPI,No,Small Business,True
ORD-11176,2024-04-26,April,Q2,Smart TVs,Entertainment,Mi,155900.0,15,132515.0,1,132515.0,100220.98,32294.02,24.37,Jaipur,North,Distributor,UPI,No,Individual,False
ORD-11177,2024-04-10,April,Q2,Air Purifiers,Home Tech,Dyson,20500.0,15,17425.0,2,34850.0,24168.64,10681.36,30.65,Jaipur,North,Retail Store,Debit Card,No,Individual,False
ORD-11178,2024-10-24,October,Q4,Cameras,Imaging,Canon,110200.0,15,93670.0,2,187340.0,155487.6,31852.4,17.0,Chennai,South,Retail Store,Debit Card,No,Individual,True
ORD-11179,2024-05-08,May,Q2,Cameras,Imaging,Sony,77900.0,5,74005.0,1,74005.0,47965.2,26039.8,35.19,Ahmedabad,West,Retail Store,Net Banking,No,Small Business,False
ORD-11180,2024-06-23,June,Q2,Headphones,Audio,Apple,12800.0,25,9600.0,1,9600.0,8166.51,1433.49,14.93,Bangalore,South,Retail Store,Credit Card,Yes,Student,False
ORD-11181,2024-09-10,September,Q3,Tablets,Mobile,Apple,13300.0,15,11305.0,1,11305.0,9105.12,2199.88,19.46,Delhi,North,Corporate,Credit Card,No,Small Business,False
ORD-11182,2024-04-09,April,Q2,Laptops,Computing,HP,45300.0,20,36240.0,2,72480.0,55363.56,17116.44,23.62,Jaipur,North,Retail Store,Debit Card,Yes,Small Business,False
ORD-11183,2024-10-19,October,Q4,Tablets,Mobile,Lenovo,17800.0,30,12460.0,2,24920.0,22401.22,2518.78,10.11,Bangalore,South,Distributor,Debit Card,No,Student,True
ORD-11184,2024-11-30,November,Q4,Gaming Consoles,Gaming,Microsoft,47300.0,10,42570.0,1,42570.0,28178.73,14391.27,33.81,Hyderabad,South,Retail Store,EMI,No,Small Business,True
ORD-11185,2024-06-05,June,Q2,Smartwatches,Wearables,Garmin,37600.0,10,33840.0,1,33840.0,24061.8,9778.2,28.9,Kolkata,East,Retail Store,EMI,No,Student,False
ORD-11186,2024-01-29,January,Q1,Cameras,Imaging,Sony,99700.0,5,94715.0,1,94715.0,74276.22,20438.78,21.58,Hyderabad,South,Online,Debit Card,No,Enterprise,False
ORD-11187,2024-05-30,May,Q2,Smartwatches,Wearables,Apple,15500.0,30,10850.0,2,21700.0,19420.92,2279.08,10.5,Jaipur,North,Retail Store,UPI,No,Student,False
ORD-11188,2024-05-20,May,Q2,Laptops,Computing,Dell,48100.0,10,43290.0,3,129870.0,100226.43,29643.57,22.83,Lucknow,North,Retail Store,Net Banking,No,Student,False
ORD-11189,2024-12-18,December,Q4,Air Purifiers,Home Tech,Philips,14800.0,20,11840.0,5,59200.0,49374.5,9825.5,16.6,Mumbai,West,Online,Debit Card,No,Enterprise,True
ORD-11190,2024-08-12,August,Q3,Headphones,Audio,Sony,12100.0,25,9075.0,3,27225.0,20502.15,6722.85,24.69,Kolkata,East,Distributor,EMI,No,Small Business,False
ORD-11191,2024-10-14,October,Q4,Laptops,Computing,Asus,48300.0,20,38640.0,3,115920.0,95535.03,20384.97,17.59,Hyderabad,South,Retail Store,EMI,No,Small Business,True
ORD-11192,2024-02-04,February,Q1,Smartwatches,Wearables,Garmin,40900.0,15,34765.0,2,69530.0,57215.38,12314.62,17.71,Chennai,South,Online,Credit Card,No,Enterprise,False
ORD-11193,2024-04-11,April,Q2,Headphones,Audio,JBL,15300.0,0,15300.0,1,15300.0,8844.23,6455.77,42.19,Kolkata,East,Retail Store,EMI,No,Individual,False
ORD-11194,2024-09-19,September,Q3,Smartwatches,Wearables,Apple,26100.0,0,26100.0,2,52200.0,38730.18,13469.82,25.8,Pune,West,Distributor,Credit Card,No,Individual,False
ORD-11195,2024-02-08,February,Q1,Gaming Consoles,Gaming,Sony,54100.0,30,37870.0,3,113610.0,92911.38,20698.62,18.22,Bangalore,South,Distributor,EMI,No,Student,False
ORD-11196,2024-11-08,November,Q4,Smart TVs,Entertainment,Sony,156900.0,15,133365.0,1,133365.0,111956.18,21408.82,16.05,Ahmedabad,West,Retail Store,EMI,No,Enterprise,True
ORD-11197,2024-02-07,February,Q1,Tablets,Mobile,Lenovo,32700.0,30,22890.0,2,45780.0,45029.02,750.98,1.64,Kolkata,East,Distributor,Credit Card,No,Student,False
ORD-11198,2024-01-10,January,Q1,Smartphones,Mobile,Apple,31200.0,5,29640.0,1,29640.0,18775.24,10864.76,36.66,Chennai,South,Retail Store,EMI,No,Small Business,False
ORD-11199,2024-10-21,October,Q4,Smartwatches,Wearables,Boat,8100.0,30,5670.0,1,5670.0,4695.22,974.78,17.19,Hyderabad,South,Online,UPI,No,Individual,True
ORD-11200,2024-03-06,March,Q1,Routers,Networking,Asus,14400.0,10,12960.0,2,25920.0,20854.4,5065.6,19.54,Chennai,South,Retail Store,UPI,No,Enterprise,False
ORD-11201,2024-04-29,April,Q2,Smart TVs,Entertainment,Samsung,20000.0,15,17000.0,3,51000.0,34477.32,16522.68,32.4,Kolkata,East,Online,EMI,No,Small Business,False
ORD-11202,2024-07-13,July,Q3,Smartphones,Mobile,Xiaomi,39600.0,5,37620.0,2,75240.0,46817.22,28422.78,37.78,Kolkata,East,Retail Store,UPI,Yes,Individual,False
ORD-11203,2024-03-24,March,Q1,Smart TVs,Entertainment,Sony,189000.0,25,141750.0,1,141750.0,126813.27,14936.73,10.54,Pune,West,Retail Store,UPI,No,Enterprise,False
ORD-11204,2024-09-01,September,Q3,Headphones,Audio,Apple,3200.0,15,2720.0,3,8160.0,5310.99,2849.01,34.91,Kolkata,East,Distributor,Credit Card,No,Enterprise,False
ORD-11205,2024-07-03,July,Q3,Headphones,Audio,Sony,11100.0,30,7770.0,2,15540.0,15104.88,435.12,2.8,Chennai,South,Corporate,UPI,No,Student,False
ORD-11206,2024-08-29,August,Q3,Smartphones,Mobile,OnePlus,60500.0,10,54450.0,2,108900.0,67647.94,41252.06,37.88,Chennai,South,Online,UPI,No,Small Business,False
ORD-11207,2024-12-21,December,Q4,Air Purifiers,Home Tech,Dyson,7100.0,30,4970.0,1,4970.0,4202.95,767.05,15.43,Hyderabad,South,Online,Credit Card,No,Small Business,True
ORD-11208,2024-03-30,March,Q1,Routers,Networking,Netgear,11400.0,30,7980.0,4,31920.0,31178.24,741.76,2.32,Pune,West,Distributor,UPI,No,Student,False
ORD-11209,2024-04-14,April,Q2,Headphones,Audio,Sennheiser,15800.0,30,11060.0,2,22120.0,19055.94,3064.06,13.85,Pune,West,Online,UPI,No,Student,False
ORD-11210,2024-01-18,January,Q1,Tablets,Mobile,Huawei,12300.0,15,10455.0,2,20910.0,17281.52,3628.48,17.35,Jaipur,North,Online,UPI,No,Small Business,False
ORD-11211,2024-02-17,February,Q1,Cameras,Imaging,Canon,24000.0,15,20400.0,1,20400.0,15429.28,4970.72,24.37,Kolkata,East,Distributor,Credit Card,No,Individual,False
ORD-11212,2024-06-08,June,Q2,Air Purifiers,Home Tech,Sharp,36500.0,10,32850.0,1,32850.0,21010.85,11839.15,36.04,Jaipur,North,Online,Debit Card,No,Student,False
ORD-11213,2024-09-09,September,Q3,Gaming Consoles,Gaming,Sony,24400.0,20,19520.0,2,39040.0,28106.92,10933.08,28.0,Bangalore,South,Online,UPI,No,Student,False
ORD-11214,2024-05-24,May,Q2,Gaming Consoles,Gaming,Sony,28700.0,10,25830.0,1,25830.0,16844.76,8985.24,34.79,Hyderabad,South,Online,Net Banking,No,Enterprise,False
ORD-11215,2024-03-08,March,Q1,Smartwatches,Wearables,Noise,17800.0,5,16910.0,4,67640.0,47410.2,20229.8,29.91,Mumbai,West,Retail Store,EMI,No,Small Business,False
ORD-11216,2024-04-03,April,Q2,Smartphones,Mobile,Apple,53700.0,30,37590.0,1,37590.0,38070.85,-480.85,-1.28,Bangalore,South,Online,UPI,No,Enterprise,False
ORD-11217,2024-04-06,April,Q2,Gaming Consoles,Gaming,Microsoft,35800.0,5,34010.0,1,34010.0,22934.87,11075.13,32.56,Hyderabad,South,Retail Store,UPI,No,Enterprise,False
ORD-11218,2024-06-21,June,Q2,Tablets,Mobile,Lenovo,27000.0,30,18900.0,3,56700.0,52445.16,4254.84,7.5,Jaipur,North,Retail Store,UPI,No,Enterprise,False
ORD-11219,2024-02-02,February,Q1,Smartwatches,Wearables,Noise,29400.0,20,23520.0,1,23520.0,16912.22,6607.78,28.09,Chennai,South,Corporate,EMI,No,Enterprise,False
ORD-11220,2024-03-05,March,Q1,Smartwatches,Wearables,Garmin,21200.0,20,16960.0,1,16960.0,15833.48,1126.52,6.64,Delhi,North,Corporate,Net Banking,No,Small Business,False
ORD-11221,2024-03-13,March,Q1,Smart TVs,Entertainment,Sony,51800.0,25,38850.0,3,116550.0,96470.34,20079.66,17.23,Lucknow,North,Distributor,Debit Card,No,Individual,False
ORD-11222,2024-09-29,September,Q3,Smartwatches,Wearables,Boat,11500.0,20,9200.0,1,9200.0,6708.53,2491.47,27.08,Bangalore,South,Online,UPI,No,Small Business,False
ORD-11223,2024-03-18,March,Q1,Routers,Networking,D-Link,13000.0,10,11700.0,1,11700.0,7277.17,4422.83,37.8,Kolkata,East,Online,Cash,Yes,Student,False
ORD-11224,2024-08-27,August,Q3,Smartwatches,Wearables,Samsung,32900.0,10,29610.0,1,29610.0,18097.33,11512.67,38.88,Hyderabad,South,Retail Store,Debit Card,No,Individual,False
ORD-11225,2024-01-31,January,Q1,Cameras,Imaging,Nikon,28400.0,30,19880.0,1,19880.0,16530.24,3349.76,16.85,Chennai,South,Online,UPI,No,Small Business,False
ORD-11226,2024-05-07,May,Q2,Smartwatches,Wearables,Apple,11300.0,10,10170.0,1,10170.0,6532.4,3637.6,35.77,Kolkata,East,Online,Debit Card,Yes,Small Business,False
ORD-11227,2024-04-15,April,Q2,Air Purifiers,Home Tech,Philips,28500.0,30,19950.0,2,39900.0,35083.16,4816.84,12.07,Delhi,North,Retail Store,Credit Card,No,Student,False
ORD-11228,2024-04-28,April,Q2,Air Purifiers,Home Tech,Xiaomi,33800.0,20,27040.0,1,27040.0,23612.08,3427.92,12.68,Ahmedabad,West,Online,EMI,No,Enterprise,False
ORD-11229,2024-05-19,May,Q2,Smartphones,Mobile,Xiaomi,68300.0,10,61470.0,1,61470.0,39106.36,22363.64,36.38,Ahmedabad,West,Retail Store,UPI,No,Student,False
ORD-11230,2024-05-29,May,Q2,Smart TVs,Entertainment,Mi,34100.0,25,25575.0,2,51150.0,45739.24,5410.76,10.58,Lucknow,North,Distributor,UPI,No,Student,False
ORD-11231,2024-12-25,December,Q4,Cameras,Imaging,Fujifilm,16000.0,0,16000.0,1,16000.0,11568.54,4431.46,27.7,Hyderabad,South,Distributor,Debit Card,No,Enterprise,True
ORD-11232,2024-08-02,August,Q3,Headphones,Audio,JBL,2500.0,0,2500.0,3,7500.0,5194.65,2305.35,30.74,Ahmedabad,West,Online,Credit Card,No,Enterprise,False
ORD-11233,2024-02-23,February,Q1,Air Purifiers,Home Tech,Sharp,26200.0,30,18340.0,1,18340.0,19258.27,-918.27,-5.01,Kolkata,East,Online,UPI,No,Individual,False
ORD-11234,2024-10-21,October,Q4,Laptops,Computing,Dell,116800.0,5,110960.0,5,554800.0,363329.85,191470.15,34.51,Lucknow,North,Retail Store,Credit Card,No,Enterprise,True
ORD-11235,2024-11-27,November,Q4,Air Purifiers,Home Tech,Sharp,25100.0,20,20080.0,6,120480.0,83952.78,36527.22,30.32,Kolkata,East,Distributor,Debit Card,No,Individual,True
ORD-11236,2024-04-20,April,Q2,Gaming Consoles,Gaming,Sony,20800.0,10,18720.0,1,18720.0,11851.03,6868.97,36.69,Kolkata,East,Distributor,Debit Card,No,Enterprise,False
ORD-11237,2024-07-02,July,Q3,Smartwatches,Wearables,Garmin,43900.0,5,41705.0,1,41705.0,26573.83,15131.17,36.28,Mumbai,West,Online,Debit Card,No,Small Business,False
ORD-11238,2024-04-17,April,Q2,Routers,Networking,Asus,11400.0,30,7980.0,4,31920.0,28258.68,3661.32,11.47,Bangalore,South,Distributor,EMI,No,Small Business,False
ORD-11239,2024-06-11,June,Q2,Headphones,Audio,Sony,22900.0,0,22900.0,1,22900.0,15523.69,7376.31,32.21,Pune,West,Retail Store,Debit Card,No,Small Business,False
ORD-11240,2024-05-15,May,Q2,Air Purifiers,Home Tech,Xiaomi,16800.0,15,14280.0,1,14280.0,12249.82,2030.18,14.22,Bangalore,South,Corporate,Credit Card,No,Enterprise,False
ORD-11241,2024-09-16,September,Q3,Routers,Networking,Asus,11600.0,20,9280.0,3,27840.0,20378.25,7461.75,26.8,Lucknow,North,Retail Store,UPI,No,Student,False
ORD-11242,2024-05-14,May,Q2,Tablets,Mobile,Lenovo,36600.0,15,31110.0,1,31110.0,21103.8,10006.2,32.16,Kolkata,East,Online,Net Banking,No,Enterprise,False
ORD-11243,2024-11-10,November,Q4,Gaming Consoles,Gaming,Sony,31300.0,5,29735.0,1,29735.0,19985.28,9749.72,32.79,Mumbai,West,Online,UPI,Yes,Individual,True
ORD-11244,2024-09-10,September,Q3,Smart TVs,Entertainment,LG,60400.0,5,57380.0,1,57380.0,38539.5,18840.5,32.83,Chennai,South,Online,UPI,Yes,Student,False
ORD-11245,2024-08-12,August,Q3,Cameras,Imaging,Nikon,66500.0,30,46550.0,2,93100.0,86944.0,6156.0,6.61,Kolkata,East,Retail Store,EMI,Yes,Enterprise,False
ORD-11246,2024-12-27,December,Q4,Smartwatches,Wearables,Garmin,20300.0,10,18270.0,1,18270.0,14819.21,3450.79,18.89,Chennai,South,Online,Credit Card,Yes,Small Business,True
ORD-11247,2024-06-13,June,Q2,Smart TVs,Entertainment,Mi,122100.0,0,122100.0,3,366300.0,273333.87,92966.13,25.38,Jaipur,North,Retail Store,Credit Card,No,Small Business,False
ORD-11248,2024-06-27,June,Q2,Routers,Networking,Netgear,7500.0,20,6000.0,2,12000.0,10759.84,1240.16,10.33,Ahmedabad,West,Retail Store,Credit Card,No,Small Business,False
ORD-11249,2024-01-12,January,Q1,Routers,Networking,D-Link,8800.0,0,8800.0,1,8800.0,6416.68,2383.32,27.08,Ahmedabad,West,Distributor,UPI,No,Individual,False
ORD-11250,2024-05-21,May,Q2,Gaming Consoles,Gaming,Microsoft,53200.0,25,39900.0,1,39900.0,29553.42,10346.58,25.93,Lucknow,North,Retail Store,Debit Card,Yes,Student,False
ORD-11251,2024-04-20,April,Q2,Air Purifiers,Home Tech,Xiaomi,23800.0,25,17850.0,4,71400.0,58160.76,13239.24,18.54,Chennai,South,Retail Store,EMI,Yes,Small Business,False
ORD-11252,2024-10-03,October,Q4,Gaming Consoles,Gaming,Microsoft,50200.0,20,40160.0,2,80320.0,56283.66,24036.34,29.93,Pune,West,Retail Store,EMI,No,Individual,True
ORD-11253,2024-09-28,September,Q3,Cameras,Imaging,Nikon,112000.0,5,106400.0,1,106400.0,83547.12,22852.88,21.48,Bangalore,South,Distributor,UPI,Yes,Individual,False
ORD-11254,2024-06-18,June,Q2,Laptops,Computing,Dell,114900.0,20,91920.0,1,91920.0,79302.34,12617.66,13.73,Kolkata,East,Distributor,Credit Card,No,Enterprise,False
ORD-11255,2024-04-03,April,Q2,Laptops,Computing,Lenovo,58700.0,25,44025.0,2,88050.0,74674.88,13375.12,15.19,Hyderabad,South,Retail Store,UPI,No,Small Business,False
ORD-11256,2024-06-28,June,Q2,Laptops,Computing,Lenovo,67900.0,0,67900.0,1,67900.0,44459.12,23440.88,34.52,Mumbai,West,Distributor,UPI,No,Enterprise,False
ORD-11257,2024-02-18,February,Q1,Tablets,Mobile,Samsung,58200.0,20,46560.0,1,46560.0,32156.41,14403.59,30.94,Pune,West,Online,UPI,No,Enterprise,False
ORD-11258,2024-02-05,February,Q1,Tablets,Mobile,Apple,41800.0,15,35530.0,1,35530.0,24509.74,11020.26,31.02,Chennai,South,Corporate,UPI,No,Small Business,False
ORD-11259,2024-11-03,November,Q4,Smartwatches,Wearables,Boat,9200.0,15,7820.0,3,23460.0,19079.16,4380.84,18.67,Bangalore,South,Retail Store,EMI,No,Individual,True
ORD-11260,2024-10-02,October,Q4,Laptops,Computing,Lenovo,113800.0,0,113800.0,7,796600.0,493741.29000000004,302858.71,38.02,Bangalore,South,Retail Store,UPI,No,Small Business,True
ORD-11261,2024-11-04,November,Q4,Tablets,Mobile,Lenovo,56900.0,25,42675.0,1,42675.0,37531.02,5143.98,12.05,Kolkata,East,Distributor,Cash,No,Individual,True
ORD-11262,2024-06-22,June,Q2,Smart TVs,Entertainment,Samsung,41200.0,30,28840.0,1,28840.0,26703.93,2136.07,7.41,Kolkata,East,Online,UPI,Yes,Student,False
ORD-11263,2024-12-03,December,Q4,Gaming Consoles,Gaming,Sony,49700.0,0,49700.0,2,99400.0,67860.64,31539.36,31.73,Pune,West,Corporate,Debit Card,No,Student,True
ORD-11264,2024-10-06,October,Q4,Smart TVs,Entertainment,Samsung,74300.0,15,63155.0,2,126310.0,104421.9,21888.1,17.33,Hyderabad,South,Corporate,Credit Card,No,Individual,True
ORD-11265,2024-09-08,September,Q3,Smartphones,Mobile,Xiaomi,15500.0,20,12400.0,2,24800.0,20051.44,4748.56,19.15,Kolkata,East,Online,Net Banking,No,Individual,False
ORD-11266,2024-09-27,September,Q3,Smartphones,Mobile,Apple,76200.0,10,68580.0,2,137160.0,111010.98,26149.02,19.06,Lucknow,North,Retail Store,Debit Card,No,Individual,False
ORD-11267,2024-01-25,January,Q1,Headphones,Audio,Sennheiser,5100.0,20,4080.0,1,4080.0,2858.48,1221.52,29.94,Kolkata,East,Retail Store,Credit Card,No,Enterprise,False
ORD-11268,2024-12-14,December,Q4,Smartphones,Mobile,Apple,15100.0,5,14345.0,5,71725.0,54999.6,16725.4,23.32,Pune,West,Online,UPI,No,Individual,True
ORD-11269,2024-01-24,January,Q1,Cameras,Imaging,Nikon,135800.0,0,135800.0,3,407400.0,299382.96,108017.04,26.51,Mumbai,West,Corporate,Debit Card,No,Enterprise,False
ORD-11270,2024-03-31,March,Q1,Cameras,Imaging,Nikon,60800.0,30,42560.0,1,42560.0,38327.82,4232.18,9.94,Bangalore,South,Online,UPI,No,Student,False
ORD-11271,2024-12-14,December,Q4,Gaming Consoles,Gaming,Nintendo,50200.0,25,37650.0,2,75300.0,61439.56,13860.44,18.41,Hyderabad,South,Retail Store,UPI,No,Student,True
ORD-11272,2024-05-22,May,Q2,Smart TVs,Entertainment,OnePlus,61900.0,0,61900.0,1,61900.0,41801.53,20098.47,32.47,Kolkata,East,Online,EMI,No,Small Business,False
ORD-11273,2024-02-06,February,Q1,Laptops,Computing,Dell,40100.0,30,28070.0,3,84210.0,77919.20999999999,6290.79,7.47,Bangalore,South,Retail Store,UPI,No,Student,False
ORD-11274,2024-05-25,May,Q2,Routers,Networking,Asus,5000.0,20,4000.0,1,4000.0,3011.5,988.5,24.71,Delhi,North,Online,EMI,No,Individual,False
ORD-11275,2024-10-11,October,Q4,Air Purifiers,Home Tech,Philips,9400.0,0,9400.0,2,18800.0,12103.28,6696.72,35.62,Delhi,North,Online,UPI,No,Individual,True
ORD-11276,2024-12-21,December,Q4,Laptops,Computing,HP,66400.0,10,59760.0,1,59760.0,42338.08,17421.92,29.15,Bangalore,South,Retail Store,EMI,No,Small Business,True
ORD-11277,2024-04-17,April,Q2,Smartwatches,Wearables,Apple,26200.0,5,24890.0,3,74670.0,48595.979999999996,26074.02,34.92,Hyderabad,South,Corporate,Credit Card,No,Individual,False
ORD-11278,2024-07-19,July,Q3,Cameras,Imaging,Nikon,142400.0,20,113920.0,3,341760.0,240398.19,101361.81,29.66,Bangalore,South,Retail Store,Credit Card,No,Individual,False
ORD-11279,2024-08-13,August,Q3,Laptops,Computing,HP,82200.0,10,73980.0,2,147960.0,108729.34,39230.66,26.51,Bangalore,South,Retail Store,Credit Card,No,Individual,False
ORD-11280,2024-07-28,July,Q3,Routers,Networking,TP-Link,9700.0,5,9215.0,1,9215.0,6739.71,2475.29,26.86,Pune,West,Online,UPI,No,Small Business,False
ORD-11281,2024-01-04,January,Q1,Cameras,Imaging,Canon,87900.0,30,61530.0,3,184590.0,165473.19,19116.81,10.36,Lucknow,North,Online,UPI,No,Individual,False
ORD-11282,2024-01-11,January,Q1,Air Purifiers,Home Tech,Sharp,14900.0,20,11920.0,2,23840.0,18695.14,5144.86,21.58,Chennai,South,Retail Store,Debit Card,No,Student,False
ORD-11283,2024-09-02,September,Q3,Tablets,Mobile,Huawei,36800.0,10,33120.0,4,132480.0,87549.84,44930.16,33.91,Hyderabad,South,Retail Store,UPI,Yes,Enterprise,False
ORD-11284,2024-03-23,March,Q1,Smartwatches,Wearables,Apple,20300.0,10,18270.0,1,18270.0,11749.57,6520.43,35.69,Ahmedabad,West,Retail Store,EMI,No,Student,False
ORD-11285,2024-03-05,March,Q1,Smartwatches,Wearables,Samsung,42500.0,15,36125.0,3,108375.0,92657.37,15717.63,14.5,Ahmedabad,West,Retail Store,Credit Card,No,Enterprise,False
ORD-11286,2024-06-21,June,Q2,Smartwatches,Wearables,Noise,7300.0,20,5840.0,1,5840.0,4315.64,1524.36,26.1,Chennai,South,Retail Store,Debit Card,Yes,Enterprise,False
ORD-11287,2024-08-25,August,Q3,Routers,Networking,D-Link,6200.0,10,5580.0,4,22320.0,14699.04,7620.96,34.14,Bangalore,South,Retail Store,Credit Card,No,Student,False
ORD-11288,2024-01-27,January,Q1,Smart TVs,Entertainment,LG,77500.0,5,73625.0,1,73625.0,52849.6,20775.4,28.22,Jaipur,North,Retail Store,Cash,No,Small Business,False
ORD-11289,2024-07-16,July,Q3,Gaming Consoles,Gaming,Nintendo,26000.0,25,19500.0,2,39000.0,35678.56,3321.44,8.52,Bangalore,South,Retail Store,Debit Card,No,Small Business,False
ORD-11290,2024-07-29,July,Q3,Smartwatches,Wearables,Noise,12200.0,25,9150.0,1,9150.0,7028.55,2121.45,23.19,Ahmedabad,West,Online,Cash,No,Individual,False
ORD-11291,2024-12-12,December,Q4,Laptops,Computing,Dell,33100.0,0,33100.0,1,33100.0,24296.54,8803.46,26.6,Mumbai,West,Online,UPI,Yes,Enterprise,True
ORD-11292,2024-04-13,April,Q2,Tablets,Mobile,Apple,25400.0,0,25400.0,1,25400.0,15813.74,9586.26,37.74,Pune,West,Retail Store,EMI,No,Small Business,False
ORD-11293,2024-05-28,May,Q2,Headphones,Audio,Sony,20200.0,5,19190.0,1,19190.0,14749.3,4440.7,23.14,Bangalore,South,Online,UPI,No,Student,False
ORD-11294,2024-03-22,March,Q1,Routers,Networking,D-Link,10800.0,10,9720.0,1,9720.0,7430.32,2289.68,23.56,Chennai,South,Corporate,Debit Card,No,Student,False
ORD-11295,2024-02-19,February,Q1,Smartphones,Mobile,Apple,71400.0,15,60690.0,2,121380.0,89374.8,32005.2,26.37,Bangalore,South,Distributor,Debit Card,Yes,Enterprise,False
ORD-11296,2024-08-13,August,Q3,Gaming Consoles,Gaming,Nintendo,26400.0,0,26400.0,3,79200.0,58929.509999999995,20270.49,25.59,Lucknow,North,Online,Credit Card,No,Enterprise,False
ORD-11297,2024-02-05,February,Q1,Tablets,Mobile,Apple,41200.0,25,30900.0,5,154500.0,129516.95,24983.05,16.17,Bangalore,South,Online,Cash,Yes,Small Business,False
ORD-11298,2024-11-20,November,Q4,Smartwatches,Wearables,Garmin,32400.0,30,22680.0,3,68040.0,55074.93000000001,12965.07,19.06,Lucknow,North,Corporate,Credit Card,No,Student,True
ORD-11299,2024-03-27,March,Q1,Smartwatches,Wearables,Garmin,9900.0,10,8910.0,2,17820.0,14778.86,3041.14,17.07,Mumbai,West,Retail Store,Cash,No,Small Business,False
ORD-11300,2024-12-24,December,Q4,Headphones,Audio,JBL,11500.0,15,9775.0,5,48875.0,35506.45,13368.55,27.35,Hyderabad,South,Retail Store,EMI,No,Individual,True
ORD-11301,2024-06-19,June,Q2,Routers,Networking,TP-Link,2800.0,20,2240.0,2,4480.0,3091.96,1388.04,30.98,Lucknow,North,Online,Credit Card,No,Student,False
ORD-11302,2024-07-17,July,Q3,Smartphones,Mobile,OnePlus,58200.0,10,52380.0,2,104760.0,72558.96,32201.04,30.74,Jaipur,North,Distributor,EMI,No,Enterprise,False
ORD-11303,2024-03-08,March,Q1,Smartwatches,Wearables,Garmin,25500.0,15,21675.0,1,21675.0,15461.37,6213.63,28.67,Delhi,North,Corporate,Cash,No,Enterprise,False
ORD-11304,2024-09-17,September,Q3,Laptops,Computing,Dell,102000.0,30,71400.0,1,71400.0,71646.09,-246.09,-0.34,Chennai,South,Online,Credit Card,No,Small Business,False
ORD-11305,2024-02-14,February,Q1,Laptops,Computing,Dell,93700.0,25,70275.0,4,281100.0,266631.68,14468.32,5.15,Lucknow,North,Online,Debit Card,Yes,Student,False
ORD-11306,2024-11-19,November,Q4,Smartwatches,Wearables,Apple,28100.0,0,28100.0,6,168600.0,116473.86000000002,52126.14,30.92,Chennai,South,Corporate,Cash,No,Individual,True
ORD-11307,2024-01-02,January,Q1,Cameras,Imaging,Nikon,37900.0,25,28425.0,1,28425.0,21446.94,6978.06,24.55,Pune,West,Retail Store,UPI,No,Student,False
ORD-11308,2024-11-05,November,Q4,Tablets,Mobile,Huawei,24400.0,25,18300.0,3,54900.0,48924.12,5975.88,10.89,Mumbai,West,Retail Store,Credit Card,No,Small Business,True
ORD-11309,2024-05-14,May,Q2,Tablets,Mobile,Apple,45000.0,25,33750.0,1,33750.0,31605.0,2145.0,6.36,Chennai,South,Online,Credit Card,Yes,Small Business,False
ORD-11310,2024-07-21,July,Q3,Gaming Consoles,Gaming,Microsoft,41100.0,20,32880.0,1,32880.0,27870.69,5009.31,15.24,Chennai,South,Retail Store,EMI,No,Individual,False
ORD-11311,2024-12-01,December,Q4,Headphones,Audio,JBL,19000.0,0,19000.0,2,38000.0,21368.3,16631.7,43.77,Ahmedabad,West,Online,Debit Card,No,Student,True
ORD-11312,2024-02-10,February,Q1,Air Purifiers,Home Tech,Dyson,39200.0,25,29400.0,1,29400.0,22251.74,7148.26,24.31,Lucknow,North,Distributor,Cash,No,Individual,False
ORD-11313,2024-10-18,October,Q4,Headphones,Audio,JBL,11500.0,25,8625.0,2,17250.0,16380.44,869.56,5.04,Pune,West,Retail Store,EMI,No,Small Business,True
ORD-11314,2024-04-26,April,Q2,Gaming Consoles,Gaming,Sony,21500.0,10,19350.0,1,19350.0,13586.85,5763.15,29.78,Ahmedabad,West,Online,EMI,Yes,Student,False
ORD-11315,2024-08-25,August,Q3,Air Purifiers,Home Tech,Sharp,10300.0,25,7725.0,1,7725.0,7211.14,513.86,6.65,Kolkata,East,Corporate,EMI,No,Student,False
ORD-11316,2024-11-19,November,Q4,Tablets,Mobile,Huawei,28300.0,15,24055.0,2,48110.0,40088.36,8021.64,16.67,Bangalore,South,Online,Cash,No,Individual,True
ORD-11317,2024-07-19,July,Q3,Air Purifiers,Home Tech,Philips,14500.0,5,13775.0,1,13775.0,8037.87,5737.13,41.65,Kolkata,East,Online,EMI,No,Enterprise,False
ORD-11318,2024-04-26,April,Q2,Smart TVs,Entertainment,OnePlus,127300.0,15,108205.0,2,216410.0,162071.04,54338.96,25.11,Bangalore,South,Retail Store,Debit Card,No,Individual,False
ORD-11319,2024-02-04,February,Q1,Smartwatches,Wearables,Noise,27900.0,5,26505.0,3,79515.0,49971.450000000004,29543.55,37.15,Ahmedabad,West,Distributor,Credit Card,No,Enterprise,False
ORD-11320,2024-11-19,November,Q4,Tablets,Mobile,Lenovo,41500.0,25,31125.0,1,31125.0,27958.39,3166.61,10.17,Lucknow,North,Online,UPI,No,Enterprise,True
ORD-11321,2024-12-18,December,Q4,Tablets,Mobile,Lenovo,38300.0,15,32555.0,1,32555.0,21548.54,11006.46,33.81,Ahmedabad,West,Online,UPI,Yes,Small Business,True
ORD-11322,2024-06-09,June,Q2,Air Purifiers,Home Tech,Xiaomi,24400.0,20,19520.0,1,19520.0,17293.83,2226.17,11.4,Chennai,South,Corporate,Net Banking,No,Small Business,False
ORD-11323,2024-12-28,December,Q4,Gaming Consoles,Gaming,Nintendo,28300.0,30,19810.0,1,19810.0,16974.9,2835.1,14.31,Lucknow,North,Retail Store,UPI,No,Individual,True
ORD-11324,2024-07-15,July,Q3,Tablets,Mobile,Lenovo,14100.0,15,11985.0,2,23970.0,18119.56,5850.44,24.41,Hyderabad,South,Online,Credit Card,No,Enterprise,False
ORD-11325,2024-12-30,December,Q4,Tablets,Mobile,Lenovo,52400.0,0,52400.0,3,157200.0,101354.61000000002,55845.39,35.53,Chennai,South,Retail Store,Credit Card,No,Student,True
ORD-11326,2024-10-14,October,Q4,Tablets,Mobile,Lenovo,57800.0,15,49130.0,2,98260.0,86359.78,11900.22,12.11,Lucknow,North,Distributor,UPI,No,Small Business,True
ORD-11327,2024-11-01,November,Q4,Gaming Consoles,Gaming,Sony,30300.0,0,30300.0,3,90900.0,63366.299999999996,27533.7,30.29,Chennai,South,Retail Store,Credit Card,No,Student,True
ORD-11328,2024-08-04,August,Q3,Smartphones,Mobile,OnePlus,26800.0,5,25460.0,3,76380.0,48981.33,27398.67,35.87,Mumbai,West,Retail Store,EMI,No,Student,False
ORD-11329,2024-03-16,March,Q1,Air Purifiers,Home Tech,Sharp,24400.0,20,19520.0,3,58560.0,46762.2,11797.8,20.15,Pune,West,Online,UPI,No,Student,False
ORD-11330,2024-05-25,May,Q2,Tablets,Mobile,Apple,26100.0,0,26100.0,1,26100.0,15001.84,11098.16,42.52,Pune,West,Retail Store,Credit Card,No,Student,False
ORD-11331,2024-10-08,October,Q4,Smartphones,Mobile,Xiaomi,54500.0,15,46325.0,1,46325.0,31915.18,14409.82,31.11,Lucknow,North,Distributor,UPI,No,Individual,True
ORD-11332,2024-09-18,September,Q3,Smartphones,Mobile,Apple,43800.0,0,43800.0,2,87600.0,50631.24,36968.76,42.2,Delhi,North,Retail Store,Cash,No,Enterprise,False
ORD-11333,2024-07-01,July,Q3,Smartwatches,Wearables,Apple,19400.0,30,13580.0,2,27160.0,21879.92,5280.08,19.44,Kolkata,East,Retail Store,Credit Card,No,Student,False
ORD-11334,2024-12-21,December,Q4,Tablets,Mobile,Samsung,50700.0,15,43095.0,2,86190.0,58995.74,27194.26,31.55,Hyderabad,South,Online,UPI,No,Individual,True
ORD-11335,2024-01-27,January,Q1,Smart TVs,Entertainment,OnePlus,22800.0,5,21660.0,3,64980.0,47996.67,16983.33,26.14,Bangalore,South,Corporate,UPI,No,Student,False
ORD-11336,2024-11-20,November,Q4,Cameras,Imaging,Canon,80500.0,10,72450.0,1,72450.0,52199.86,20250.14,27.95,Kolkata,East,Retail Store,UPI,No,Small Business,True
ORD-11337,2024-04-27,April,Q2,Gaming Consoles,Gaming,Microsoft,20300.0,25,15225.0,2,30450.0,22984.7,7465.3,24.52,Pune,West,Retail Store,EMI,No,Small Business,False
ORD-11338,2024-10-01,October,Q4,Smartphones,Mobile,Vivo,28300.0,20,22640.0,1,22640.0,17683.54,4956.46,21.89,Kolkata,East,Online,UPI,No,Enterprise,True
ORD-11339,2024-04-10,April,Q2,Smartwatches,Wearables,Garmin,18600.0,25,13950.0,1,13950.0,11291.62,2658.38,19.06,Mumbai,West,Retail Store,Net Banking,No,Student,False
ORD-11340,2024-04-14,April,Q2,Tablets,Mobile,Samsung,12100.0,30,8470.0,2,16940.0,13826.58,3113.42,18.38,Chennai,South,Online,Debit Card,No,Small Business,False
ORD-11341,2024-10-30,October,Q4,Headphones,Audio,JBL,11900.0,25,8925.0,3,26775.0,24105.48,2669.52,9.97,Lucknow,North,Distributor,EMI,No,Individual,True
ORD-11342,2024-06-07,June,Q2,Smartphones,Mobile,Apple,67700.0,30,47390.0,1,47390.0,41756.44,5633.56,11.89,Ahmedabad,West,Corporate,Credit Card,No,Student,False
ORD-11343,2024-11-04,November,Q4,Tablets,Mobile,Huawei,34000.0,20,27200.0,1,27200.0,20640.33,6559.67,24.12,Chennai,South,Online,UPI,No,Individual,True
ORD-11344,2024-11-13,November,Q4,Smartphones,Mobile,Samsung,76200.0,0,76200.0,5,381000.0,232672.65,148327.35,38.93,Kolkata,East,Retail Store,Net Banking,No,Enterprise,True
ORD-11345,2024-04-20,April,Q2,Smart TVs,Entertainment,OnePlus,152200.0,10,136980.0,1,136980.0,86026.47,50953.53,37.2,Kolkata,East,Retail Store,UPI,No,Individual,False
ORD-11346,2024-06-03,June,Q2,Tablets,Mobile,Lenovo,32800.0,30,22960.0,1,22960.0,24039.55,-1079.55,-4.7,Delhi,North,Corporate,Debit Card,No,Individual,False
ORD-11347,2024-08-31,August,Q3,Tablets,Mobile,Samsung,15600.0,25,11700.0,1,11700.0,9312.58,2387.42,20.41,Lucknow,North,Retail Store,UPI,No,Student,False
ORD-11348,2024-02-02,February,Q1,Tablets,Mobile,Apple,13300.0,25,9975.0,4,39900.0,33275.8,6624.2,16.6,Mumbai,West,Retail Store,EMI,No,Individual,False
ORD-11349,2024-10-22,October,Q4,Smartphones,Mobile,Samsung,77100.0,10,69390.0,3,208170.0,160055.04,48114.96,23.11,Ahmedabad,West,Online,UPI,No,Small Business,True
ORD-11350,2024-04-30,April,Q2,Air Purifiers,Home Tech,Dyson,39900.0,0,39900.0,2,79800.0,57831.4,21968.6,27.53,Kolkata,East,Retail Store,Debit Card,No,Individual,False
ORD-11351,2024-05-26,May,Q2,Smartwatches,Wearables,Apple,27500.0,15,23375.0,1,23375.0,19638.93,3736.07,15.98,Jaipur,North,Online,Debit Card,No,Small Business,False
ORD-11352,2024-06-13,June,Q2,Smartwatches,Wearables,Noise,9100.0,15,7735.0,2,15470.0,11364.48,4105.52,26.54,Pune,West,Distributor,UPI,No,Student,False
ORD-11353,2024-12-11,December,Q4,Routers,Networking,D-Link,6000.0,15,5100.0,3,15300.0,10211.19,5088.81,33.26,Hyderabad,South,Distributor,Credit Card,No,Student,True
ORD-11354,2024-08-18,August,Q3,Routers,Networking,Netgear,13500.0,10,12150.0,1,12150.0,8792.15,3357.85,27.64,Bangalore,South,Retail Store,Credit Card,No,Small Business,False
ORD-11355,2024-10-20,October,Q4,Tablets,Mobile,Apple,51200.0,15,43520.0,3,130560.0,86991.15,43568.85,33.37,Kolkata,East,Distributor,Net Banking,No,Individual,True
ORD-11356,2024-10-21,October,Q4,Smartphones,Mobile,OnePlus,75300.0,25,56475.0,3,169425.0,166817.66999999998,2607.33,1.54,Chennai,South,Retail Store,EMI,No,Enterprise,True
ORD-11357,2024-07-10,July,Q3,Routers,Networking,D-Link,8300.0,30,5810.0,1,5810.0,5217.05,592.95,10.21,Lucknow,North,Online,Credit Card,No,Individual,False
ORD-11358,2024-04-25,April,Q2,Air Purifiers,Home Tech,Philips,34200.0,30,23940.0,4,95760.0,80392.72,15367.28,16.05,Mumbai,West,Distributor,Net Banking,No,Student,False
ORD-11359,2024-03-14,March,Q1,Laptops,Computing,Lenovo,48000.0,15,40800.0,4,163200.0,117229.72,45970.28,28.17,Chennai,South,Retail Store,UPI,No,Individual,False
ORD-11360,2024-01-09,January,Q1,Smartphones,Mobile,OnePlus,16700.0,5,15865.0,2,31730.0,23898.74,7831.26,24.68,Delhi,North,Online,Credit Card,No,Enterprise,False
ORD-11361,2024-12-04,December,Q4,Cameras,Imaging,Canon,107100.0,10,96390.0,2,192780.0,132511.38,60268.62,31.26,Pune,West,Online,Credit Card,No,Student,True
ORD-11362,2024-11-21,November,Q4,Gaming Consoles,Gaming,Nintendo,21500.0,15,18275.0,2,36550.0,32052.32,4497.68,12.31,Ahmedabad,West,Online,UPI,No,Student,True
ORD-11363,2024-10-02,October,Q4,Laptops,Computing,Asus,90400.0,20,72320.0,1,72320.0,65641.89,6678.11,9.23,Ahmedabad,West,Corporate,Credit Card,Yes,Individual,True
ORD-11364,2024-08-31,August,Q3,Headphones,Audio,Apple,2800.0,5,2660.0,2,5320.0,3891.2,1428.8,26.86,Delhi,North,Retail Store,Debit Card,No,Student,False
ORD-11365,2024-01-18,January,Q1,Smartwatches,Wearables,Garmin,25500.0,25,19125.0,2,38250.0,36767.36,1482.64,3.88,Chennai,South,Retail Store,UPI,No,Individual,False
ORD-11366,2024-09-16,September,Q3,Air Purifiers,Home Tech,Dyson,22600.0,15,19210.0,3,57630.0,41015.49,16614.51,28.83,Lucknow,North,Online,Cash,No,Individual,False
ORD-11367,2024-05-09,May,Q2,Gaming Consoles,Gaming,Sony,44400.0,15,37740.0,1,37740.0,25964.4,11775.6,31.2,Ahmedabad,West,Online,UPI,No,Enterprise,False
ORD-11368,2024-08-06,August,Q3,Laptops,Computing,HP,117000.0,0,117000.0,1,117000.0,69009.48,47990.52,41.02,Ahmedabad,West,Online,Credit Card,No,Small Business,False
ORD-11369,2024-07-11,July,Q3,Smartphones,Mobile,OnePlus,21200.0,10,19080.0,3,57240.0,45990.0,11250.0,19.65,Lucknow,North,Distributor,UPI,No,Individual,False
ORD-11370,2024-02-21,February,Q1,Tablets,Mobile,Apple,16600.0,20,13280.0,3,39840.0,32995.2,6844.8,17.18,Ahmedabad,West,Retail Store,EMI,No,Enterprise,False
ORD-11371,2024-11-21,November,Q4,Routers,Networking,TP-Link,6900.0,0,6900.0,5,34500.0,20899.45,13600.55,39.42,Jaipur,North,Retail Store,UPI,No,Enterprise,True
ORD-11372,2024-08-31,August,Q3,Cameras,Imaging,Nikon,136700.0,5,129865.0,1,129865.0,78493.44,51371.56,39.56,Bangalore,South,Online,UPI,No,Enterprise,False
ORD-11373,2024-10-12,October,Q4,Headphones,Audio,Sennheiser,2100.0,30,1470.0,3,4410.0,4291.89,118.11,2.68,Lucknow,North,Retail Store,Debit Card,No,Small Business,True
ORD-11374,2024-06-02,June,Q2,Tablets,Mobile,Huawei,10600.0,0,10600.0,1,10600.0,6911.62,3688.38,34.8,Mumbai,West,Online,Debit Card,No,Individual,False
ORD-11375,2024-06-04,June,Q2,Tablets,Mobile,Lenovo,56000.0,30,39200.0,1,39200.0,36180.36,3019.64,7.7,Chennai,South,Online,Credit Card,No,Individual,False
ORD-11376,2024-03-29,March,Q1,Cameras,Imaging,Canon,28700.0,5,27265.0,5,136325.0,103545.15,32779.85,24.05,Bangalore,South,Distributor,UPI,No,Individual,False
ORD-11377,2024-10-16,October,Q4,Tablets,Mobile,Apple,41300.0,15,35105.0,1,35105.0,29651.51,5453.49,15.53,Pune,West,Corporate,EMI,No,Student,True
ORD-11378,2024-01-22,January,Q1,Smartwatches,Wearables,Noise,2700.0,25,2025.0,1,2025.0,1877.31,147.69,7.29,Pune,West,Online,Debit Card,No,Small Business,False
ORD-11379,2024-09-02,September,Q3,Gaming Consoles,Gaming,Nintendo,51100.0,25,38325.0,3,114975.0,111046.56,3928.44,3.42,Bangalore,South,Online,Credit Card,No,Individual,False
ORD-11380,2024-08-09,August,Q3,Gaming Consoles,Gaming,Sony,34600.0,20,27680.0,3,83040.0,58851.33,24188.67,29.13,Bangalore,South,Distributor,UPI,No,Enterprise,False
ORD-11381,2024-08-25,August,Q3,Smartwatches,Wearables,Garmin,37900.0,20,30320.0,1,30320.0,23324.33,6995.67,23.07,Hyderabad,South,Distributor,Credit Card,No,Small Business,False
ORD-11382,2024-08-28,August,Q3,Smartwatches,Wearables,Apple,31600.0,10,28440.0,1,28440.0,20746.91,7693.09,27.05,Lucknow,North,Retail Store,UPI,No,Enterprise,False
ORD-11383,2024-05-27,May,Q2,Gaming Consoles,Gaming,Nintendo,28000.0,10,25200.0,2,50400.0,40960.84,9439.16,18.73,Lucknow,North,Online,Net Banking,No,Enterprise,False
ORD-11384,2024-09-22,September,Q3,Cameras,Imaging,Sony,45500.0,15,38675.0,3,116025.0,93357.39,22667.61,19.54,Chennai,South,Distributor,EMI,No,Enterprise,False
ORD-11385,2024-04-07,April,Q2,Smartwatches,Wearables,Boat,25600.0,5,24320.0,1,24320.0,18165.92,6154.08,25.3,Lucknow,North,Retail Store,UPI,No,Enterprise,False
ORD-11386,2024-11-22,November,Q4,Smart TVs,Entertainment,LG,125700.0,25,94275.0,2,188550.0,180021.98,8528.02,4.52,Bangalore,South,Distributor,EMI,No,Student,True
ORD-11387,2024-09-04,September,Q3,Headphones,Audio,Apple,11700.0,10,10530.0,1,10530.0,6777.44,3752.56,35.64,Lucknow,North,Online,UPI,No,Student,False
ORD-11388,2024-01-02,January,Q1,Laptops,Computing,HP,102100.0,10,91890.0,4,367560.0,300403.16,67156.84,18.27,Ahmedabad,West,Corporate,Debit Card,No,Student,False
ORD-11389,2024-04-11,April,Q2,Headphones,Audio,Sony,24500.0,25,18375.0,1,18375.0,18285.31,89.69,0.49,Lucknow,North,Online,Credit Card,No,Small Business,False
ORD-11390,2024-04-02,April,Q2,Laptops,Computing,Lenovo,97200.0,0,97200.0,2,194400.0,108515.42,85884.58,44.18,Delhi,North,Online,Credit Card,No,Individual,False
ORD-11391,2024-12-17,December,Q4,Cameras,Imaging,Nikon,13700.0,25,10275.0,1,10275.0,9087.39,1187.61,11.56,Mumbai,West,Online,Net Banking,No,Enterprise,True
ORD-11392,2024-08-08,August,Q3,Smart TVs,Entertainment,LG,55800.0,20,44640.0,1,44640.0,37058.09,7581.91,16.98,Hyderabad,South,Corporate,Credit Card,No,Individual,False
ORD-11393,2024-10-10,October,Q4,Gaming Consoles,Gaming,Microsoft,46700.0,5,44365.0,1,44365.0,33210.33,11154.67,25.14,Kolkata,East,Online,Debit Card,Yes,Individual,True
ORD-11394,2024-10-19,October,Q4,Gaming Consoles,Gaming,Microsoft,48300.0,0,48300.0,2,96600.0,54978.6,41621.4,43.09,Kolkata,East,Online,Credit Card,No,Small Business,True
ORD-11395,2024-04-22,April,Q2,Headphones,Audio,Sony,600.0,25,450.0,5,2250.0,1835.1,414.9,18.44,Lucknow,North,Distributor,EMI,No,Small Business,False
ORD-11396,2024-02-21,February,Q1,Laptops,Computing,Asus,92700.0,15,78795.0,1,78795.0,53773.15,25021.85,31.76,Kolkata,East,Distributor,EMI,No,Enterprise,False
ORD-11397,2024-04-15,April,Q2,Air Purifiers,Home Tech,Sharp,32600.0,20,26080.0,3,78240.0,60485.16,17754.84,22.69,Mumbai,West,Retail Store,Debit Card,No,Small Business,False
ORD-11398,2024-07-09,July,Q3,Tablets,Mobile,Samsung,40000.0,25,30000.0,1,30000.0,27466.23,2533.77,8.45,Bangalore,South,Distributor,UPI,No,Student,False
ORD-11399,2024-05-20,May,Q2,Smart TVs,Entertainment,Samsung,181200.0,15,154020.0,4,616080.0,485679.16,130400.84,21.17,Ahmedabad,West,Corporate,Debit Card,No,Individual,False
ORD-11400,2024-08-19,August,Q3,Smartphones,Mobile,Xiaomi,49200.0,10,44280.0,2,88560.0,61617.5,26942.5,30.42,Ahmedabad,West,Retail Store,Credit Card,No,Student,False
ORD-11401,2024-05-10,May,Q2,Smartwatches,Wearables,Samsung,13200.0,10,11880.0,1,11880.0,8523.32,3356.68,28.25,Bangalore,South,Online,Debit Card,No,Small Business,False
ORD-11402,2024-01-19,January,Q1,Cameras,Imaging,Sony,14800.0,5,14060.0,1,14060.0,8406.32,5653.68,40.21,Bangalore,South,Online,Debit Card,No,Individual,False
ORD-11403,2024-09-25,September,Q3,Headphones,Audio,Sennheiser,4200.0,5,3990.0,2,7980.0,6062.28,1917.72,24.03,Hyderabad,South,Distributor,UPI,No,Small Business,False
ORD-11404,2024-09-23,September,Q3,Laptops,Computing,HP,107800.0,20,86240.0,1,86240.0,60414.28,25825.72,29.95,Bangalore,South,Online,Credit Card,No,Small Business,False
ORD-11405,2024-04-30,April,Q2,Smartphones,Mobile,Apple,51400.0,0,51400.0,1,51400.0,28962.69,22437.31,43.65,Delhi,North,Online,EMI,No,Student,False
ORD-11406,2024-10-10,October,Q4,Smartwatches,Wearables,Samsung,8100.0,5,7695.0,3,23085.0,14558.849999999999,8526.15,36.93,Mumbai,West,Online,UPI,No,Individual,True
ORD-11407,2024-09-13,September,Q3,Routers,Networking,TP-Link,6500.0,5,6175.0,1,6175.0,3637.85,2537.15,41.09,Bangalore,South,Distributor,UPI,No,Enterprise,False
ORD-11408,2024-10-20,October,Q4,Headphones,Audio,Sennheiser,6500.0,5,6175.0,1,6175.0,4498.27,1676.73,27.15,Chennai,South,Online,Debit Card,No,Student,True
ORD-11409,2024-03-10,March,Q1,Smartphones,Mobile,OnePlus,41200.0,30,28840.0,2,57680.0,53394.48,4285.52,7.43,Kolkata,East,Retail Store,Debit Card,No,Student,False
ORD-11410,2024-11-27,November,Q4,Routers,Networking,Asus,12000.0,20,9600.0,2,19200.0,16648.1,2551.9,13.29,Kolkata,East,Distributor,Credit Card,No,Student,True
ORD-11411,2024-03-05,March,Q1,Smartphones,Mobile,Apple,13300.0,10,11970.0,2,23940.0,19109.16,4830.84,20.18,Delhi,North,Retail Store,Credit Card,No,Enterprise,False
ORD-11412,2024-01-13,January,Q1,Smartwatches,Wearables,Noise,10100.0,0,10100.0,4,40400.0,23961.8,16438.2,40.69,Bangalore,South,Retail Store,Debit Card,No,Small Business,False
ORD-11413,2024-11-28,November,Q4,Headphones,Audio,Sennheiser,6500.0,0,6500.0,3,19500.0,14236.949999999999,5263.05,26.99,Ahmedabad,West,Online,Credit Card,No,Enterprise,True
ORD-11414,2024-04-14,April,Q2,Air Purifiers,Home Tech,Philips,19600.0,0,19600.0,1,19600.0,11741.83,7858.17,40.09,Bangalore,South,Distributor,Cash,No,Individual,False
ORD-11415,2024-06-28,June,Q2,Air Purifiers,Home Tech,Sharp,36000.0,30,25200.0,2,50400.0,45840.7,4559.3,9.05,Lucknow,North,Online,EMI,No,Individual,False
ORD-11416,2024-09-02,September,Q3,Laptops,Computing,Lenovo,56500.0,10,50850.0,1,50850.0,41493.43,9356.57,18.4,Bangalore,South,Online,UPI,No,Enterprise,False
ORD-11417,2024-01-31,January,Q1,Smartphones,Mobile,Vivo,23700.0,20,18960.0,3,56880.0,44384.399999999994,12495.6,21.97,Ahmedabad,West,Retail Store,EMI,No,Enterprise,False
ORD-11418,2024-05-25,May,Q2,Smartwatches,Wearables,Apple,36400.0,20,29120.0,2,58240.0,41835.22,16404.78,28.17,Ahmedabad,West,Distributor,Credit Card,No,Individual,False
ORD-11419,2024-03-19,March,Q1,Cameras,Imaging,Sony,101800.0,15,86530.0,2,173060.0,141764.64,31295.36,18.08,Hyderabad,South,Online,EMI,No,Student,False
ORD-11420,2024-05-21,May,Q2,Cameras,Imaging,Nikon,13900.0,10,12510.0,2,25020.0,15357.36,9662.64,38.62,Bangalore,South,Online,Debit Card,No,Small Business,False
ORD-11421,2024-08-06,August,Q3,Routers,Networking,Asus,14900.0,5,14155.0,2,28310.0,16393.38,11916.62,42.09,Delhi,North,Online,UPI,No,Individual,False
ORD-11422,2024-04-22,April,Q2,Air Purifiers,Home Tech,Philips,37400.0,15,31790.0,3,95370.0,64273.47,31096.53,32.61,Ahmedabad,West,Distributor,Credit Card,No,Enterprise,False
ORD-11423,2024-08-28,August,Q3,Headphones,Audio,Apple,14200.0,30,9940.0,1,9940.0,9917.6,22.4,0.23,Pune,West,Retail Store,Debit Card,No,Enterprise,False
ORD-11424,2024-10-31,October,Q4,Smart TVs,Entertainment,LG,165800.0,15,140930.0,3,422790.0,321658.23,101131.77,23.92,Pune,West,Corporate,Credit Card,Yes,Student,True
ORD-11425,2024-01-27,January,Q1,Gaming Consoles,Gaming,Microsoft,48100.0,10,43290.0,2,86580.0,54959.0,31621.0,36.52,Bangalore,South,Retail Store,EMI,No,Small Business,False
ORD-11426,2024-08-25,August,Q3,Tablets,Mobile,Samsung,44900.0,20,35920.0,4,143680.0,111818.72,31861.28,22.18,Kolkata,East,Retail Store,Credit Card,No,Small Business,False
ORD-11427,2024-11-15,November,Q4,Air Purifiers,Home Tech,Dyson,32100.0,0,32100.0,3,96300.0,61355.100000000006,34944.9,36.29,Kolkata,East,Online,Credit Card,No,Enterprise,True
ORD-11428,2024-03-01,March,Q1,Headphones,Audio,Boat,12400.0,15,10540.0,1,10540.0,9121.03,1418.97,13.46,Kolkata,East,Retail Store,Credit Card,No,Enterprise,False
ORD-11429,2024-05-04,May,Q2,Gaming Consoles,Gaming,Sony,31800.0,20,25440.0,1,25440.0,19570.63,5869.37,23.07,Kolkata,East,Distributor,UPI,No,Individual,False
ORD-11430,2024-03-17,March,Q1,Routers,Networking,D-Link,7900.0,0,7900.0,2,15800.0,11642.62,4157.38,26.31,Bangalore,South,Corporate,UPI,No,Small Business,False
ORD-11431,2024-05-29,May,Q2,Smartwatches,Wearables,Garmin,30500.0,0,30500.0,3,91500.0,51064.86,40435.14,44.19,Hyderabad,South,Online,UPI,No,Individual,False
ORD-11432,2024-11-10,November,Q4,Smartphones,Mobile,Apple,64800.0,15,55080.0,2,110160.0,92643.02,17516.98,15.9,Ahmedabad,West,Online,Debit Card,No,Individual,True
ORD-11433,2024-11-09,November,Q4,Headphones,Audio,Boat,2100.0,20,1680.0,3,5040.0,4539.03,500.97,9.94,Bangalore,South,Retail Store,Debit Card,No,Small Business,True
ORD-11434,2024-12-18,December,Q4,Headphones,Audio,Sony,10100.0,10,9090.0,1,9090.0,6898.32,2191.68,24.11,Ahmedabad,West,Distributor,Credit Card,No,Enterprise,True
ORD-11435,2024-11-30,November,Q4,Cameras,Imaging,Fujifilm,122600.0,5,116470.0,2,232940.0,173810.38,59129.62,25.38,Hyderabad,South,Retail Store,UPI,No,Small Business,True
ORD-11436,2024-01-19,January,Q1,Laptops,Computing,Dell,80800.0,0,80800.0,4,323200.0,187306.04,135893.96,42.05,Ahmedabad,West,Online,Debit Card,No,Enterprise,False
ORD-11437,2024-12-18,December,Q4,Smartwatches,Wearables,Boat,11900.0,15,10115.0,5,50575.0,37905.5,12669.5,25.05,Delhi,North,Corporate,Debit Card,No,Enterprise,True
ORD-11438,2024-12-29,December,Q4,Smart TVs,Entertainment,OnePlus,136400.0,10,122760.0,1,122760.0,79290.16,43469.84,35.41,Chennai,South,Online,UPI,No,Enterprise,True
ORD-11439,2024-07-18,July,Q3,Tablets,Mobile,Huawei,33200.0,15,28220.0,3,84660.0,70391.79000000001,14268.21,16.85,Pune,West,Retail Store,EMI,No,Student,False
ORD-11440,2024-12-03,December,Q4,Smartwatches,Wearables,Boat,39300.0,5,37335.0,1,37335.0,21673.47,15661.53,41.95,Bangalore,South,Corporate,Credit Card,No,Enterprise,True
ORD-11441,2024-03-16,March,Q1,Smartphones,Mobile,Apple,25300.0,20,20240.0,2,40480.0,32843.02,7636.98,18.87,Hyderabad,South,Corporate,Debit Card,No,Individual,False
ORD-11442,2024-11-19,November,Q4,Smartwatches,Wearables,Garmin,36300.0,10,32670.0,6,196020.0,134477.58000000002,61542.42,31.4,Delhi,North,Retail Store,EMI,No,Small Business,True
ORD-11443,2024-03-16,March,Q1,Smartwatches,Wearables,Boat,13400.0,15,11390.0,1,11390.0,9754.09,1635.91,14.36,Lucknow,North,Retail Store,Debit Card,No,Individual,False
ORD-11444,2024-08-20,August,Q3,Gaming Consoles,Gaming,Nintendo,30200.0,30,21140.0,2,42280.0,38733.76,3546.24,8.39,Hyderabad,South,Online,Credit Card,No,Individual,False
ORD-11445,2024-08-30,August,Q3,Cameras,Imaging,Fujifilm,137800.0,20,110240.0,2,220480.0,183103.0,37377.0,16.95,Pune,West,Distributor,UPI,No,Individual,False
ORD-11446,2024-04-27,April,Q2,Gaming Consoles,Gaming,Microsoft,33800.0,0,33800.0,1,33800.0,22177.82,11622.18,34.39,Mumbai,West,Online,EMI,No,Individual,False
ORD-11447,2024-08-08,August,Q3,Smartphones,Mobile,Samsung,65800.0,10,59220.0,3,177660.0,129701.97,47958.03,26.99,Jaipur,North,Corporate,UPI,No,Enterprise,False
ORD-11448,2024-11-03,November,Q4,Smartphones,Mobile,Xiaomi,79200.0,5,75240.0,1,75240.0,52019.99,23220.01,30.86,Jaipur,North,Online,UPI,No,Student,True
ORD-11449,2024-10-14,October,Q4,Smartwatches,Wearables,Samsung,25200.0,5,23940.0,5,119700.0,69658.15,50041.85,41.81,Kolkata,East,Online,Debit Card,Yes,Individual,True
ORD-11450,2024-02-20,February,Q1,Tablets,Mobile,Lenovo,18500.0,10,16650.0,5,83250.0,63303.5,19946.5,23.96,Kolkata,East,Online,Credit Card,No,Enterprise,False
ORD-11451,2024-02-19,February,Q1,Headphones,Audio,JBL,24900.0,25,18675.0,3,56025.0,49282.29,6742.71,12.04,Delhi,North,Online,UPI,No,Individual,False
ORD-11452,2024-05-02,May,Q2,Laptops,Computing,Lenovo,116700.0,0,116700.0,1,116700.0,82037.77,34662.23,29.7,Pune,West,Online,EMI,No,Student,False
ORD-11453,2024-09-18,September,Q3,Laptops,Computing,Asus,88500.0,10,79650.0,1,79650.0,62578.3,17071.7,21.43,Pune,West,Distributor,Credit Card,No,Small Business,False
ORD-11454,2024-10-06,October,Q4,Headphones,Audio,Sony,22800.0,20,18240.0,3,54720.0,48623.850000000006,6096.15,11.14,Delhi,North,Corporate,UPI,No,Small Business,True
ORD-11455,2024-09-02,September,Q3,Smartwatches,Wearables,Apple,16300.0,15,13855.0,1,13855.0,11549.09,2305.91,16.64,Kolkata,East,Online,Credit Card,No,Small Business,False
ORD-11456,2024-03-26,March,Q1,Smart TVs,Entertainment,Mi,132900.0,30,93030.0,1,93030.0,88680.3,4349.7,4.68,Delhi,North,Corporate,Debit Card,No,Student,False
ORD-11457,2024-10-12,October,Q4,Air Purifiers,Home Tech,Sharp,16300.0,10,14670.0,1,14670.0,9614.11,5055.89,34.46,Mumbai,West,Online,UPI,No,Individual,True
ORD-11458,2024-12-06,December,Q4,Smartwatches,Wearables,Garmin,19600.0,30,13720.0,1,13720.0,10809.16,2910.84,21.22,Pune,West,Distributor,UPI,No,Individual,True
ORD-11459,2024-10-30,October,Q4,Tablets,Mobile,Huawei,34700.0,20,27760.0,2,55520.0,48245.54,7274.46,13.1,Pune,West,Online,EMI,No,Enterprise,True
ORD-11460,2024-05-05,May,Q2,Headphones,Audio,Apple,20600.0,10,18540.0,1,18540.0,11490.43,7049.57,38.02,Delhi,North,Online,Credit Card,Yes,Small Business,False
ORD-11461,2024-12-22,December,Q4,Headphones,Audio,Sennheiser,25000.0,10,22500.0,1,22500.0,15449.71,7050.29,31.33,Kolkata,East,Corporate,Net Banking,No,Student,True
ORD-11462,2024-06-06,June,Q2,Headphones,Audio,Sennheiser,1100.0,10,990.0,1,990.0,677.11,312.89,31.61,Delhi,North,Distributor,Cash,No,Individual,False
ORD-11463,2024-07-04,July,Q3,Laptops,Computing,Dell,117600.0,30,82320.0,5,411600.0,362653.15,48946.85,11.89,Delhi,North,Online,UPI,No,Small Business,False
ORD-11464,2024-01-26,January,Q1,Headphones,Audio,JBL,21100.0,20,16880.0,1,16880.0,14790.43,2089.57,12.38,Delhi,North,Distributor,Credit Card,No,Enterprise,False
ORD-11465,2024-10-09,October,Q4,Headphones,Audio,Sony,22400.0,30,15680.0,1,15680.0,16489.93,-809.93,-5.17,Hyderabad,South,Corporate,Credit Card,No,Enterprise,True
ORD-11466,2024-01-27,January,Q1,Tablets,Mobile,Samsung,14700.0,20,11760.0,1,11760.0,8096.79,3663.21,31.15,Ahmedabad,West,Online,EMI,No,Individual,False
ORD-11467,2024-05-15,May,Q2,Tablets,Mobile,Apple,14100.0,5,13395.0,1,13395.0,8277.06,5117.94,38.21,Lucknow,North,Retail Store,UPI,No,Student,False
ORD-11468,2024-04-21,April,Q2,Tablets,Mobile,Apple,46900.0,30,32830.0,3,98490.0,101693.04000000001,-3203.04,-3.25,Jaipur,North,Online,Credit Card,No,Enterprise,False
ORD-11469,2024-10-22,October,Q4,Smart TVs,Entertainment,OnePlus,116300.0,0,116300.0,1,116300.0,73960.36,42339.64,36.41,Lucknow,North,Retail Store,UPI,No,Enterprise,True
ORD-11470,2024-03-10,March,Q1,Cameras,Imaging,Fujifilm,137300.0,10,123570.0,1,123570.0,82911.63,40658.37,32.9,Lucknow,North,Distributor,UPI,No,Student,False
ORD-11471,2024-01-01,January,Q1,Laptops,Computing,Asus,81100.0,25,60825.0,1,60825.0,48707.63,12117.37,19.92,Bangalore,South,Retail Store,EMI,No,Small Business,False
ORD-11472,2024-03-08,March,Q1,Smartphones,Mobile,Apple,79900.0,25,59925.0,4,239700.0,178756.4,60943.6,25.42,Delhi,North,Retail Store,UPI,No,Individual,False
ORD-11473,2024-10-21,October,Q4,Smartphones,Mobile,Apple,59600.0,30,41720.0,2,83440.0,82157.98,1282.02,1.54,Kolkata,East,Online,UPI,No,Individual,True
ORD-11474,2024-07-07,July,Q3,Smartwatches,Wearables,Noise,18000.0,20,14400.0,1,14400.0,12349.13,2050.87,14.24,Ahmedabad,West,Retail Store,EMI,No,Student,False
ORD-11475,2024-06-29,June,Q2,Smart TVs,Entertainment,LG,105600.0,10,95040.0,2,190080.0,134637.92,55442.08,29.17,Hyderabad,South,Online,Credit Card,No,Individual,False
ORD-11476,2024-08-22,August,Q3,Routers,Networking,Asus,3900.0,0,3900.0,1,3900.0,2832.42,1067.58,27.37,Bangalore,South,Online,UPI,No,Student,False
ORD-11477,2024-09-28,September,Q3,Laptops,Computing,Apple,68200.0,10,61380.0,1,61380.0,46297.57,15082.43,24.57,Ahmedabad,West,Online,EMI,No,Student,False
ORD-11478,2024-05-18,May,Q2,Tablets,Mobile,Huawei,21000.0,5,19950.0,1,19950.0,11622.01,8327.99,41.74,Chennai,South,Retail Store,Credit Card,Yes,Small Business,False
ORD-11479,2024-02-26,February,Q1,Headphones,Audio,JBL,13300.0,25,9975.0,3,29925.0,22733.699999999997,7191.3,24.03,Jaipur,North,Distributor,Debit Card,No,Individual,False
ORD-11480,2024-05-03,May,Q2,Headphones,Audio,JBL,20300.0,30,14210.0,1,14210.0,15053.18,-843.18,-5.93,Jaipur,North,Distributor,Debit Card,Yes,Small Business,False
ORD-11481,2024-11-17,November,Q4,Air Purifiers,Home Tech,Dyson,10200.0,0,10200.0,1,10200.0,6277.85,3922.15,38.45,Jaipur,North,Retail Store,Credit Card,No,Small Business,True
ORD-11482,2024-02-25,February,Q1,Headphones,Audio,Sennheiser,6700.0,30,4690.0,2,9380.0,8098.8,1281.2,13.66,Chennai,South,Retail Store,Debit Card,Yes,Enterprise,False
ORD-11483,2024-02-19,February,Q1,Cameras,Imaging,Fujifilm,96700.0,5,91865.0,3,275595.0,178394.97,97200.03,35.27,Pune,West,Online,EMI,No,Student,False
ORD-11484,2024-04-26,April,Q2,Cameras,Imaging,Canon,105900.0,0,105900.0,1,105900.0,70215.07,35684.93,33.7,Bangalore,South,Online,EMI,No,Student,False
ORD-11485,2024-09-30,September,Q3,Laptops,Computing,Dell,89700.0,20,71760.0,5,358800.0,286257.9,72542.1,20.22,Bangalore,South,Online,UPI,No,Individual,False
ORD-11486,2024-05-11,May,Q2,Smartphones,Mobile,Vivo,37500.0,10,33750.0,2,67500.0,50895.28,16604.72,24.6,Ahmedabad,West,Distributor,UPI,Yes,Individual,False
ORD-11487,2024-02-17,February,Q1,Headphones,Audio,Apple,13700.0,25,10275.0,3,30825.0,30317.58,507.42,1.65,Chennai,South,Online,Debit Card,No,Individual,False
ORD-11488,2024-09-07,September,Q3,Smart TVs,Entertainment,OnePlus,179200.0,0,179200.0,4,716800.0,406957.48,309842.52,43.23,Lucknow,North,Online,Debit Card,No,Enterprise,False
ORD-11489,2024-07-01,July,Q3,Air Purifiers,Home Tech,Philips,5900.0,0,5900.0,1,5900.0,4402.23,1497.77,25.39,Lucknow,North,Online,UPI,No,Small Business,False
ORD-11490,2024-04-29,April,Q2,Smartphones,Mobile,Apple,22100.0,5,20995.0,2,41990.0,26057.18,15932.82,37.94,Hyderabad,South,Retail Store,Debit Card,No,Small Business,False
ORD-11491,2024-01-17,January,Q1,Laptops,Computing,HP,59800.0,30,41860.0,2,83720.0,86833.58,-3113.58,-3.72,Hyderabad,South,Distributor,Credit Card,No,Small Business,False
ORD-11492,2024-08-30,August,Q3,Cameras,Imaging,Canon,32300.0,0,32300.0,2,64600.0,42416.74,22183.26,34.34,Kolkata,East,Online,EMI,No,Small Business,False
ORD-11493,2024-07-31,July,Q3,Laptops,Computing,Asus,46800.0,30,32760.0,2,65520.0,54591.06,10928.94,16.68,Jaipur,North,Retail Store,EMI,No,Enterprise,False
ORD-11494,2024-08-19,August,Q3,Tablets,Mobile,Apple,57700.0,15,49045.0,3,147135.0,101164.32,45970.68,31.24,Ahmedabad,West,Online,UPI,No,Individual,False
ORD-11495,2024-04-10,April,Q2,Cameras,Imaging,Sony,61300.0,20,49040.0,3,147120.0,118242.87,28877.13,19.63,Delhi,North,Distributor,UPI,No,Individual,False
ORD-11496,2024-04-27,April,Q2,Routers,Networking,TP-Link,8800.0,15,7480.0,2,14960.0,12880.86,2079.14,13.9,Lucknow,North,Retail Store,EMI,No,Small Business,False
ORD-11497,2024-10-02,October,Q4,Smart TVs,Entertainment,LG,59500.0,0,59500.0,3,178500.0,116325.45000000001,62174.55,34.83,Lucknow,North,Retail Store,UPI,No,Individual,True
ORD-11498,2024-06-22,June,Q2,Routers,Networking,TP-Link,4600.0,10,4140.0,1,4140.0,3034.99,1105.01,26.69,Bangalore,South,Online,Credit Card,No,Small Business,False
ORD-11499,2024-04-22,April,Q2,Laptops,Computing,Apple,39000.0,15,33150.0,3,99450.0,66021.56999999999,33428.43,33.61,Jaipur,North,Online,EMI,No,Enterprise,False
ORD-11500,2024-06-21,June,Q2,Smartphones,Mobile,Samsung,63100.0,30,44170.0,4,176680.0,140199.2,36480.8,20.65,Mumbai,West,Distributor,Debit Card,No,Small Business,False
ORD-11501,2024-11-22,November,Q4,Gaming Consoles,Gaming,Sony,22900.0,5,21755.0,1,21755.0,14796.97,6958.03,31.98,Delhi,North,Retail Store,EMI,No,Individual,True
ORD-11502,2024-11-18,November,Q4,Gaming Consoles,Gaming,Sony,45200.0,10,40680.0,1,40680.0,27688.11,12991.89,31.94,Delhi,North,Distributor,Credit Card,No,Enterprise,True
ORD-11503,2024-05-13,May,Q2,Tablets,Mobile,Samsung,37300.0,5,35435.0,1,35435.0,24993.6,10441.4,29.47,Lucknow,North,Retail Store,UPI,No,Individual,False
ORD-11504,2024-03-18,March,Q1,Tablets,Mobile,Lenovo,35100.0,30,24570.0,1,24570.0,19603.07,4966.93,20.22,Kolkata,East,Retail Store,Credit Card,No,Individual,False
ORD-11505,2024-11-02,November,Q4,Smartphones,Mobile,Samsung,55700.0,5,52915.0,2,105830.0,69689.52,36140.48,34.15,Pune,West,Online,Debit Card,No,Small Business,True
ORD-11506,2024-07-26,July,Q3,Cameras,Imaging,Canon,41500.0,5,39425.0,1,39425.0,29445.91,9979.09,25.31,Jaipur,North,Online,Credit Card,No,Enterprise,False
ORD-11507,2024-06-07,June,Q2,Tablets,Mobile,Huawei,46500.0,20,37200.0,1,37200.0,32217.88,4982.12,13.39,Ahmedabad,West,Online,UPI,No,Student,False
ORD-11508,2024-11-12,November,Q4,Smartwatches,Wearables,Apple,35100.0,30,24570.0,1,24570.0,23771.44,798.56,3.25,Jaipur,North,Online,UPI,No,Individual,True
ORD-11509,2024-03-03,March,Q1,Cameras,Imaging,Sony,126600.0,0,126600.0,3,379800.0,276509.97000000003,103290.03,27.2,Jaipur,North,Retail Store,UPI,No,Small Business,False
ORD-11510,2024-10-07,October,Q4,Air Purifiers,Home Tech,Sharp,35800.0,5,34010.0,2,68020.0,46764.3,21255.7,31.25,Kolkata,East,Retail Store,UPI,No,Student,True
ORD-11511,2024-05-17,May,Q2,Smart TVs,Entertainment,LG,139500.0,5,132525.0,4,530100.0,384645.52,145454.48,27.44,Lucknow,North,Retail Store,Debit Card,No,Enterprise,False
ORD-11512,2024-07-27,July,Q3,Headphones,Audio,Boat,1000.0,15,850.0,3,2550.0,2103.8999999999996,446.1,17.49,Bangalore,South,Online,Debit Card,No,Small Business,False
ORD-11513,2024-02-23,February,Q1,Headphones,Audio,JBL,2500.0,30,1750.0,1,1750.0,1395.39,354.61,20.26,Kolkata,East,Online,Net Banking,No,Enterprise,False
ORD-11514,2024-07-10,July,Q3,Headphones,Audio,Sony,5100.0,30,3570.0,1,3570.0,3038.66,531.34,14.88,Pune,West,Online,Debit Card,No,Individual,False
ORD-11515,2024-12-08,December,Q4,Laptops,Computing,Asus,60800.0,15,51680.0,3,155040.0,129215.58,25824.42,16.66,Hyderabad,South,Retail Store,Net Banking,No,Individual,True
ORD-11516,2024-04-25,April,Q2,Laptops,Computing,Lenovo,47900.0,25,35925.0,1,35925.0,31144.29,4780.71,13.31,Bangalore,South,Distributor,UPI,No,Small Business,False
ORD-11517,2024-08-26,August,Q3,Gaming Consoles,Gaming,Nintendo,22200.0,25,16650.0,1,16650.0,13719.28,2930.72,17.6,Hyderabad,South,Retail Store,UPI,No,Small Business,False
ORD-11518,2024-04-14,April,Q2,Smart TVs,Entertainment,LG,194400.0,30,136080.0,1,136080.0,120724.87,15355.13,11.28,Jaipur,North,Online,Credit Card,No,Student,False
ORD-11519,2024-04-23,April,Q2,Tablets,Mobile,Samsung,14500.0,25,10875.0,1,10875.0,9714.58,1160.42,10.67,Jaipur,North,Retail Store,EMI,No,Individual,False
ORD-11520,2024-11-06,November,Q4,Smart TVs,Entertainment,LG,124800.0,25,93600.0,2,187200.0,171164.84,16035.16,8.57,Ahmedabad,West,Online,Credit Card,No,Small Business,True
ORD-11521,2024-01-21,January,Q1,Cameras,Imaging,Canon,110700.0,0,110700.0,4,442800.0,324849.64,117950.36,26.64,Lucknow,North,Distributor,Credit Card,Yes,Student,False
ORD-11522,2024-02-18,February,Q1,Air Purifiers,Home Tech,Sharp,32300.0,25,24225.0,2,48450.0,46693.08,1756.92,3.63,Mumbai,West,Online,UPI,No,Individual,False
ORD-11523,2024-10-27,October,Q4,Laptops,Computing,Lenovo,99000.0,0,99000.0,7,693000.0,457344.02,235655.98,34.01,Lucknow,North,Retail Store,UPI,No,Enterprise,True
ORD-11524,2024-08-29,August,Q3,Air Purifiers,Home Tech,Xiaomi,30500.0,30,21350.0,1,21350.0,22746.91,-1396.91,-6.54,Delhi,North,Corporate,Cash,No,Small Business,False
ORD-11525,2024-07-19,July,Q3,Smartwatches,Wearables,Boat,36000.0,5,34200.0,2,68400.0,52356.72,16043.28,23.46,Delhi,North,Online,UPI,No,Enterprise,False
ORD-11526,2024-02-25,February,Q1,Routers,Networking,Asus,4200.0,15,3570.0,1,3570.0,2755.11,814.89,22.83,Pune,West,Distributor,Debit Card,No,Student,False
ORD-11527,2024-04-09,April,Q2,Tablets,Mobile,Apple,57100.0,20,45680.0,3,137040.0,114838.32,22201.68,16.2,Bangalore,South,Online,Credit Card,No,Student,False
ORD-11528,2024-02-09,February,Q1,Laptops,Computing,Lenovo,113700.0,25,85275.0,3,255825.0,238498.19999999998,17326.8,6.77,Hyderabad,South,Online,Credit Card,Yes,Individual,False
ORD-11529,2024-07-06,July,Q3,Smartphones,Mobile,OnePlus,25100.0,15,21335.0,2,42670.0,31913.84,10756.16,25.21,Mumbai,West,Retail Store,UPI,No,Student,False
ORD-11530,2024-01-10,January,Q1,Smartphones,Mobile,Apple,71000.0,0,71000.0,4,284000.0,185750.56,98249.44,34.59,Chennai,South,Online,Credit Card,No,Individual,False
ORD-11531,2024-07-16,July,Q3,Tablets,Mobile,Huawei,13600.0,25,10200.0,2,20400.0,16117.92,4282.08,20.99,Bangalore,South,Distributor,UPI,No,Individual,False
ORD-11532,2024-08-08,August,Q3,Routers,Networking,Netgear,7100.0,0,7100.0,3,21300.0,13782.75,7517.25,35.29,Ahmedabad,West,Retail Store,Debit Card,No,Small Business,False
ORD-11533,2024-09-25,September,Q3,Headphones,Audio,JBL,18900.0,0,18900.0,2,37800.0,21665.66,16134.34,42.68,Hyderabad,South,Distributor,UPI,No,Student,False
ORD-11534,2024-04-09,April,Q2,Smartwatches,Wearables,Garmin,11800.0,30,8260.0,2,16520.0,16128.74,391.26,2.37,Jaipur,North,Retail Store,Credit Card,No,Small Business,False
ORD-11535,2024-04-29,April,Q2,Smartwatches,Wearables,Boat,33000.0,0,33000.0,1,33000.0,18826.33,14173.67,42.95,Pune,West,Retail Store,Debit Card,No,Individual,False
ORD-11536,2024-09-16,September,Q3,Smartwatches,Wearables,Boat,26800.0,0,26800.0,3,80400.0,57136.86,23263.14,28.93,Hyderabad,South,Retail Store,Cash,No,Student,False
ORD-11537,2024-05-10,May,Q2,Gaming Consoles,Gaming,Sony,34100.0,20,27280.0,2,54560.0,47142.04,7417.96,13.6,Lucknow,North,Corporate,Credit Card,No,Student,False
ORD-11538,2024-12-02,December,Q4,Headphones,Audio,Apple,16200.0,30,11340.0,2,22680.0,21710.02,969.98,4.28,Ahmedabad,West,Online,Credit Card,No,Enterprise,True
ORD-11539,2024-10-23,October,Q4,Cameras,Imaging,Nikon,28900.0,20,23120.0,1,23120.0,16490.02,6629.98,28.68,Mumbai,West,Distributor,EMI,No,Small Business,True
ORD-11540,2024-03-30,March,Q1,Smart TVs,Entertainment,Sony,49200.0,30,34440.0,1,34440.0,35001.64,-561.64,-1.63,Chennai,South,Online,UPI,Yes,Student,False
ORD-11541,2024-10-15,October,Q4,Routers,Networking,TP-Link,6700.0,25,5025.0,1,5025.0,3715.77,1309.23,26.05,Jaipur,North,Retail Store,Credit Card,No,Student,True
ORD-11542,2024-01-16,January,Q1,Air Purifiers,Home Tech,Philips,31200.0,10,28080.0,5,140400.0,103323.79999999999,37076.2,26.41,Chennai,South,Retail Store,UPI,No,Enterprise,False
ORD-11543,2024-11-28,November,Q4,Smart TVs,Entertainment,Mi,40600.0,20,32480.0,1,32480.0,28476.94,4003.06,12.32,Hyderabad,South,Distributor,EMI,Yes,Individual,True
ORD-11544,2024-03-13,March,Q1,Gaming Consoles,Gaming,Nintendo,35200.0,0,35200.0,3,105600.0,69680.22,35919.78,34.01,Bangalore,South,Retail Store,EMI,No,Small Business,False
ORD-11545,2024-08-10,August,Q3,Headphones,Audio,Sony,19700.0,15,16745.0,2,33490.0,26184.56,7305.44,21.81,Pune,West,Retail Store,UPI,No,Individual,False
ORD-11546,2024-10-14,October,Q4,Air Purifiers,Home Tech,Sharp,8400.0,30,5880.0,3,17640.0,17315.79,324.21,1.84,Bangalore,South,Distributor,EMI,No,Enterprise,True
ORD-11547,2024-03-02,March,Q1,Headphones,Audio,Boat,19500.0,15,16575.0,4,66300.0,51346.92,14953.08,22.55,Chennai,South,Retail Store,EMI,No,Enterprise,False
ORD-11548,2024-11-16,November,Q4,Smartphones,Mobile,Samsung,67900.0,5,64505.0,3,193515.0,131525.73,61989.27,32.03,Chennai,South,Online,Debit Card,No,Student,True
ORD-11549,2024-07-18,July,Q3,Laptops,Computing,Dell,36100.0,30,25270.0,3,75810.0,67951.47,7858.53,10.37,Chennai,South,Online,Debit Card,No,Enterprise,False
ORD-11550,2024-01-14,January,Q1,Smartphones,Mobile,Samsung,35000.0,0,35000.0,2,70000.0,47068.94,22931.06,32.76,Hyderabad,South,Online,Debit Card,No,Enterprise,False
ORD-11551,2024-01-28,January,Q1,Air Purifiers,Home Tech,Sharp,32100.0,30,22470.0,3,67410.0,65089.89,2320.11,3.44,Chennai,South,Distributor,Cash,No,Small Business,False
ORD-11552,2024-01-26,January,Q1,Smartwatches,Wearables,Samsung,29200.0,10,26280.0,2,52560.0,32316.44,20243.56,38.52,Ahmedabad,West,Retail Store,Debit Card,No,Individual,False
ORD-11553,2024-08-17,August,Q3,Tablets,Mobile,Huawei,48100.0,15,40885.0,2,81770.0,65827.6,15942.4,19.5,Lucknow,North,Online,UPI,No,Student,False
ORD-11554,2024-11-16,November,Q4,Air Purifiers,Home Tech,Sharp,37300.0,5,35435.0,6,212610.0,148398.24,64211.76,30.2,Lucknow,North,Online,EMI,No,Enterprise,True
ORD-11555,2024-02-04,February,Q1,Smart TVs,Entertainment,LG,52500.0,5,49875.0,4,199500.0,119245.84,80254.16,40.23,Bangalore,South,Corporate,Credit Card,No,Small Business,False
ORD-11556,2024-04-13,April,Q2,Smartwatches,Wearables,Noise,6200.0,20,4960.0,1,4960.0,4559.69,400.31,8.07,Ahmedabad,West,Online,EMI,No,Small Business,False
ORD-11557,2024-12-13,December,Q4,Laptops,Computing,Dell,82300.0,0,82300.0,2,164600.0,103033.98,61566.02,37.4,Chennai,South,Distributor,UPI,No,Enterprise,True
ORD-11558,2024-03-08,March,Q1,Air Purifiers,Home Tech,Sharp,24100.0,10,21690.0,3,65070.0,45201.69,19868.31,30.53,Chennai,South,Online,UPI,No,Enterprise,False
ORD-11559,2024-06-06,June,Q2,Headphones,Audio,Apple,1700.0,5,1615.0,1,1615.0,1228.95,386.05,23.9,Pune,West,Online,EMI,No,Individual,False
ORD-11560,2024-02-18,February,Q1,Cameras,Imaging,Sony,48400.0,0,48400.0,2,96800.0,57818.78,38981.22,40.27,Chennai,South,Retail Store,EMI,No,Individual,False
ORD-11561,2024-03-13,March,Q1,Air Purifiers,Home Tech,Sharp,28400.0,5,26980.0,1,26980.0,20818.17,6161.83,22.84,Delhi,North,Online,UPI,No,Student,False
ORD-11562,2024-10-28,October,Q4,Routers,Networking,Netgear,2400.0,5,2280.0,3,6840.0,4335.99,2504.01,36.61,Kolkata,East,Online,Credit Card,No,Student,True
ORD-11563,2024-12-17,December,Q4,Gaming Consoles,Gaming,Microsoft,28200.0,15,23970.0,2,47940.0,40795.06,7144.94,14.9,Chennai,South,Distributor,Credit Card,No,Small Business,True
ORD-11564,2024-10-05,October,Q4,Smartwatches,Wearables,Noise,2800.0,5,2660.0,3,7980.0,5581.68,2398.32,30.05,Ahmedabad,West,Corporate,UPI,No,Student,True
ORD-11565,2024-07-25,July,Q3,Laptops,Computing,Asus,70400.0,0,70400.0,2,140800.0,88778.88,52021.12,36.95,Ahmedabad,West,Online,Credit Card,No,Small Business,False
ORD-11566,2024-01-08,January,Q1,Smartwatches,Wearables,Apple,17900.0,5,17005.0,3,51015.0,30440.94,20574.06,40.33,Bangalore,South,Online,Debit Card,No,Small Business,False
ORD-11567,2024-02-14,February,Q1,Cameras,Imaging,Sony,10100.0,10,9090.0,2,18180.0,13287.86,4892.14,26.91,Ahmedabad,West,Corporate,Debit Card,No,Small Business,False
ORD-11568,2024-02-07,February,Q1,Routers,Networking,Netgear,2000.0,20,1600.0,2,3200.0,2311.0,889.0,27.78,Lucknow,North,Online,Credit Card,No,Individual,False
ORD-11569,2024-10-12,October,Q4,Gaming Consoles,Gaming,Nintendo,47000.0,10,42300.0,2,84600.0,56122.12,28477.88,33.66,Lucknow,North,Retail Store,UPI,No,Individual,True
ORD-11570,2024-03-22,March,Q1,Tablets,Mobile,Samsung,52500.0,30,36750.0,3,110250.0,87693.20999999999,22556.79,20.46,Lucknow,North,Retail Store,UPI,No,Student,False
ORD-11571,2024-11-02,November,Q4,Headphones,Audio,Apple,24200.0,25,18150.0,2,36300.0,27878.28,8421.72,23.2,Lucknow,North,Online,Debit Card,No,Individual,True
ORD-11572,2024-11-27,November,Q4,Laptops,Computing,Lenovo,57900.0,25,43425.0,1,43425.0,38164.12,5260.88,12.11,Ahmedabad,West,Corporate,EMI,No,Student,True
ORD-11573,2024-02-16,February,Q1,Smartwatches,Wearables,Samsung,11700.0,20,9360.0,1,9360.0,7374.87,1985.13,21.21,Kolkata,East,Retail Store,Credit Card,Yes,Small Business,False
ORD-11574,2024-01-14,January,Q1,Gaming Consoles,Gaming,Microsoft,29600.0,30,20720.0,3,62160.0,50225.13,11934.87,19.2,Lucknow,North,Online,Debit Card,Yes,Student,False
ORD-11575,2024-11-08,November,Q4,Routers,Networking,D-Link,6400.0,5,6080.0,1,6080.0,4616.99,1463.01,24.06,Lucknow,North,Corporate,Credit Card,No,Small Business,True
ORD-11576,2024-03-07,March,Q1,Smartwatches,Wearables,Boat,26600.0,15,22610.0,1,22610.0,19919.1,2690.9,11.9,Mumbai,West,Distributor,Credit Card,No,Individual,False
ORD-11577,2024-07-23,July,Q3,Tablets,Mobile,Apple,28400.0,25,21300.0,3,63900.0,51449.34,12450.66,19.48,Mumbai,West,Retail Store,EMI,No,Student,False
ORD-11578,2024-07-14,July,Q3,Gaming Consoles,Gaming,Microsoft,44000.0,20,35200.0,2,70400.0,49074.36,21325.64,30.29,Delhi,North,Online,EMI,No,Enterprise,False
ORD-11579,2024-07-10,July,Q3,Headphones,Audio,JBL,5000.0,20,4000.0,2,8000.0,6286.34,1713.66,21.42,Lucknow,North,Online,UPI,No,Enterprise,False
ORD-11580,2024-04-05,April,Q2,Smart TVs,Entertainment,LG,141500.0,25,106125.0,1,106125.0,94127.31,11997.69,11.31,Hyderabad,South,Distributor,EMI,No,Small Business,False
ORD-11581,2024-10-06,October,Q4,Gaming Consoles,Gaming,Sony,31900.0,5,30305.0,2,60610.0,38416.9,22193.1,36.62,Pune,West,Online,EMI,No,Student,True
ORD-11582,2024-04-01,April,Q2,Smartwatches,Wearables,Noise,8800.0,20,7040.0,1,7040.0,5142.47,1897.53,26.95,Lucknow,North,Online,Debit Card,No,Enterprise,False
ORD-11583,2024-02-22,February,Q1,Smart TVs,Entertainment,Mi,34600.0,25,25950.0,2,51900.0,43474.48,8425.52,16.23,Pune,West,Online,Debit Card,No,Student,False
ORD-11584,2024-10-13,October,Q4,Smartwatches,Wearables,Apple,28000.0,30,19600.0,3,58800.0,54394.5,4405.5,7.49,Hyderabad,South,Distributor,UPI,No,Individual,True
ORD-11585,2024-12-11,December,Q4,Routers,Networking,TP-Link,14000.0,0,14000.0,1,14000.0,10258.87,3741.13,26.72,Lucknow,North,Retail Store,UPI,No,Enterprise,True
ORD-11586,2024-10-24,October,Q4,Smart TVs,Entertainment,Samsung,161800.0,0,161800.0,6,970800.0,696755.34,274044.66,28.23,Chennai,South,Online,UPI,No,Individual,True
ORD-11587,2024-06-16,June,Q2,Smartwatches,Wearables,Samsung,6200.0,25,4650.0,1,4650.0,3625.15,1024.85,22.04,Lucknow,North,Distributor,EMI,No,Individual,False
ORD-11588,2024-05-01,May,Q2,Cameras,Imaging,Fujifilm,128900.0,0,128900.0,1,128900.0,71308.94,57591.06,44.68,Lucknow,North,Online,EMI,No,Individual,False
ORD-11589,2024-05-25,May,Q2,Laptops,Computing,Dell,98800.0,5,93860.0,1,93860.0,63363.07,30496.93,32.49,Lucknow,North,Retail Store,Net Banking,No,Student,False
ORD-11590,2024-10-14,October,Q4,Smartphones,Mobile,Vivo,60700.0,5,57665.0,1,57665.0,42584.26,15080.74,26.15,Mumbai,West,Online,UPI,No,Enterprise,True
ORD-11591,2024-07-24,July,Q3,Tablets,Mobile,Apple,56800.0,20,45440.0,3,136320.0,121294.04999999999,15025.95,11.02,Kolkata,East,Retail Store,Net Banking,No,Student,False
ORD-11592,2024-08-18,August,Q3,Routers,Networking,D-Link,4900.0,30,3430.0,1,3430.0,2859.24,570.76,16.64,Ahmedabad,West,Retail Store,Credit Card,Yes,Enterprise,False
ORD-11593,2024-10-04,October,Q4,Smartwatches,Wearables,Boat,19900.0,10,17910.0,1,17910.0,14115.48,3794.52,21.19,Pune,West,Distributor,EMI,No,Small Business,True
ORD-11594,2024-06-04,June,Q2,Gaming Consoles,Gaming,Sony,53900.0,30,37730.0,1,37730.0,37117.48,612.52,1.62,Pune,West,Online,Cash,No,Individual,False
ORD-11595,2024-01-22,January,Q1,Tablets,Mobile,Lenovo,28600.0,5,27170.0,1,27170.0,19083.82,8086.18,29.76,Chennai,South,Online,UPI,No,Individual,False
ORD-11596,2024-06-15,June,Q2,Smartwatches,Wearables,Apple,10600.0,10,9540.0,3,28620.0,19651.949999999997,8968.05,31.33,Mumbai,West,Retail Store,Debit Card,No,Small Business,False
ORD-11597,2024-12-15,December,Q4,Laptops,Computing,Lenovo,53800.0,30,37660.0,1,37660.0,35183.14,2476.86,6.58,Lucknow,North,Online,Debit Card,Yes,Student,True
ORD-11598,2024-03-14,March,Q1,Air Purifiers,Home Tech,Philips,19800.0,25,14850.0,1,14850.0,14013.76,836.24,5.63,Hyderabad,South,Retail Store,UPI,No,Enterprise,False
ORD-11599,2024-09-20,September,Q3,Tablets,Mobile,Lenovo,24400.0,0,24400.0,1,24400.0,15986.04,8413.96,34.48,Bangalore,South,Retail Store,EMI,No,Small Business,False
ORD-11600,2024-04-07,April,Q2,Laptops,Computing,HP,44000.0,5,41800.0,1,41800.0,31932.24,9867.76,23.61,Mumbai,West,Retail Store,Debit Card,No,Individual,False
ORD-11601,2024-02-16,February,Q1,Routers,Networking,Netgear,6800.0,15,5780.0,1,5780.0,3957.81,1822.19,31.53,Jaipur,North,Retail Store,UPI,No,Student,False
ORD-11602,2024-07-25,July,Q3,Routers,Networking,TP-Link,10300.0,5,9785.0,1,9785.0,7286.06,2498.94,25.54,Pune,West,Retail Store,Credit Card,No,Enterprise,False
ORD-11603,2024-10-14,October,Q4,Headphones,Audio,Sennheiser,3800.0,5,3610.0,1,3610.0,2745.68,864.32,23.94,Mumbai,West,Online,Debit Card,No,Student,True
ORD-11604,2024-07-14,July,Q3,Routers,Networking,Netgear,11200.0,15,9520.0,3,28560.0,18836.82,9723.18,34.04,Bangalore,South,Retail Store,Net Banking,No,Small Business,False
ORD-11605,2024-02-02,February,Q1,Air Purifiers,Home Tech,Philips,11900.0,30,8330.0,1,8330.0,8251.92,78.08,0.94,Chennai,South,Corporate,Debit Card,Yes,Individual,False
ORD-11606,2024-06-15,June,Q2,Tablets,Mobile,Apple,17800.0,20,14240.0,2,28480.0,26056.64,2423.36,8.51,Chennai,South,Retail Store,EMI,Yes,Student,False
ORD-11607,2024-06-16,June,Q2,Gaming Consoles,Gaming,Sony,42400.0,5,40280.0,1,40280.0,28010.6,12269.4,30.46,Bangalore,South,Online,UPI,No,Small Business,False
ORD-11608,2024-10-22,October,Q4,Routers,Networking,Netgear,5500.0,10,4950.0,7,34650.0,23229.22,11420.78,32.96,Delhi,North,Retail Store,Debit Card,No,Student,True
ORD-11609,2024-04-22,April,Q2,Tablets,Mobile,Huawei,24500.0,0,24500.0,1,24500.0,16273.11,8226.89,33.58,Hyderabad,South,Distributor,Debit Card,Yes,Student,False
ORD-11610,2024-11-08,November,Q4,Laptops,Computing,HP,109900.0,20,87920.0,2,175840.0,157151.24,18688.76,10.63,Lucknow,North,Retail Store,UPI,No,Individual,True
ORD-11611,2024-03-23,March,Q1,Smartphones,Mobile,OnePlus,25700.0,20,20560.0,1,20560.0,16543.15,4016.85,19.54,Jaipur,North,Corporate,Debit Card,No,Enterprise,False
ORD-11612,2024-03-11,March,Q1,Gaming Consoles,Gaming,Nintendo,53100.0,20,42480.0,1,42480.0,31785.95,10694.05,25.17,Bangalore,South,Online,Debit Card,Yes,Small Business,False
ORD-11613,2024-07-05,July,Q3,Cameras,Imaging,Canon,85800.0,5,81510.0,4,326040.0,191344.8,134695.2,41.31,Mumbai,West,Online,Debit Card,No,Student,False
ORD-11614,2024-09-22,September,Q3,Routers,Networking,D-Link,5900.0,5,5605.0,1,5605.0,4063.12,1541.88,27.51,Pune,West,Retail Store,Credit Card,No,Student,False
ORD-11615,2024-02-01,February,Q1,Smartphones,Mobile,Apple,9200.0,10,8280.0,2,16560.0,10989.54,5570.46,33.64,Kolkata,East,Retail Store,EMI,No,Enterprise,False
ORD-11616,2024-02-26,February,Q1,Air Purifiers,Home Tech,Dyson,17100.0,30,11970.0,3,35910.0,29887.44,6022.56,16.77,Chennai,South,Distributor,Debit Card,Yes,Individual,False
ORD-11617,2024-01-12,January,Q1,Tablets,Mobile,Apple,49000.0,25,36750.0,1,36750.0,36179.91,570.09,1.55,Pune,West,Retail Store,UPI,No,Enterprise,False
ORD-11618,2024-11-30,November,Q4,Routers,Networking,Netgear,1800.0,30,1260.0,1,1260.0,1060.68,199.32,15.82,Mumbai,West,Retail Store,Net Banking,No,Student,True
ORD-11619,2024-02-17,February,Q1,Gaming Consoles,Gaming,Sony,25100.0,0,25100.0,1,25100.0,16984.12,8115.88,32.33,Bangalore,South,Online,UPI,No,Student,False
ORD-11620,2024-07-28,July,Q3,Air Purifiers,Home Tech,Philips,6900.0,20,5520.0,1,5520.0,4859.5,660.5,11.97,Delhi,North,Online,Credit Card,No,Small Business,False
ORD-11621,2024-01-22,January,Q1,Laptops,Computing,Apple,93600.0,15,79560.0,3,238680.0,162077.01,76602.99,32.09,Pune,West,Retail Store,Cash,No,Small Business,False
ORD-11622,2024-04-11,April,Q2,Gaming Consoles,Gaming,Nintendo,45500.0,0,45500.0,1,45500.0,27696.87,17803.13,39.13,Chennai,South,Retail Store,Credit Card,No,Small Business,False
ORD-11623,2024-08-21,August,Q3,Headphones,Audio,Apple,3000.0,30,2100.0,2,4200.0,4242.0,-42.0,-1.0,Bangalore,South,Online,UPI,No,Student,False
ORD-11624,2024-11-16,November,Q4,Routers,Networking,Netgear,13900.0,30,9730.0,3,29190.0,23007.9,6182.1,21.18,Pune,West,Corporate,UPI,No,Small Business,True
ORD-11625,2024-01-09,January,Q1,Gaming Consoles,Gaming,Sony,44500.0,10,40050.0,1,40050.0,33326.65,6723.35,16.79,Pune,West,Retail Store,EMI,No,Individual,False
ORD-11626,2024-04-19,April,Q2,Gaming Consoles,Gaming,Nintendo,32100.0,30,22470.0,2,44940.0,44228.16,711.84,1.58,Ahmedabad,West,Distributor,EMI,No,Student,False
ORD-11627,2024-03-01,March,Q1,Tablets,Mobile,Lenovo,19500.0,10,17550.0,3,52650.0,38606.43,14043.57,26.67,Jaipur,North,Online,Credit Card,Yes,Small Business,False
ORD-11628,2024-01-14,January,Q1,Headphones,Audio,Sony,22300.0,30,15610.0,1,15610.0,12961.52,2648.48,16.97,Bangalore,South,Corporate,Cash,No,Enterprise,False
ORD-11629,2024-11-10,November,Q4,Tablets,Mobile,Huawei,21500.0,15,18275.0,2,36550.0,26040.2,10509.8,28.75,Bangalore,South,Retail Store,UPI,No,Individual,True
ORD-11630,2024-08-08,August,Q3,Cameras,Imaging,Canon,66600.0,5,63270.0,3,189810.0,114944.25,74865.75,39.44,Hyderabad,South,Retail Store,Cash,No,Enterprise,False
ORD-11631,2024-05-13,May,Q2,Tablets,Mobile,Samsung,21100.0,25,15825.0,1,15825.0,15261.44,563.56,3.56,Mumbai,West,Online,UPI,No,Student,False
ORD-11632,2024-09-11,September,Q3,Gaming Consoles,Gaming,Nintendo,35800.0,15,30430.0,1,30430.0,26084.18,4345.82,14.28,Hyderabad,South,Retail Store,Credit Card,No,Enterprise,False
ORD-11633,2024-07-09,July,Q3,Headphones,Audio,Sennheiser,21200.0,5,20140.0,3,60420.0,38176.29,22243.71,36.82,Delhi,North,Online,EMI,No,Individual,False
ORD-11634,2024-02-26,February,Q1,Smartphones,Mobile,Vivo,12300.0,0,12300.0,2,24600.0,17452.52,7147.48,29.05,Jaipur,North,Online,UPI,No,Student,False
ORD-11635,2024-10-10,October,Q4,Smart TVs,Entertainment,Sony,98100.0,10,88290.0,2,176580.0,137867.56,38712.44,21.92,Delhi,North,Retail Store,Credit Card,No,Individual,True
ORD-11636,2024-09-21,September,Q3,Laptops,Computing,Lenovo,67500.0,5,64125.0,1,64125.0,45127.09,18997.91,29.63,Delhi,North,Corporate,Debit Card,No,Small Business,False
ORD-11637,2024-09-17,September,Q3,Smartphones,Mobile,Xiaomi,40600.0,5,38570.0,1,38570.0,22767.53,15802.47,40.97,Chennai,South,Online,Net Banking,No,Enterprise,False
ORD-11638,2024-07-03,July,Q3,Routers,Networking,Asus,7900.0,5,7505.0,1,7505.0,5610.62,1894.38,25.24,Bangalore,South,Online,UPI,No,Student,False
ORD-11639,2024-04-03,April,Q2,Smartwatches,Wearables,Boat,38900.0,25,29175.0,1,29175.0,24159.49,5015.51,17.19,Kolkata,East,Retail Store,Debit Card,No,Small Business,False
ORD-11640,2024-03-02,March,Q1,Routers,Networking,TP-Link,5700.0,25,4275.0,1,4275.0,4051.16,223.84,5.24,Chennai,South,Retail Store,UPI,No,Student,False
ORD-11641,2024-05-10,May,Q2,Cameras,Imaging,Fujifilm,70000.0,5,66500.0,1,66500.0,39605.07,26894.93,40.44,Lucknow,North,Online,UPI,No,Student,False
ORD-11642,2024-01-10,January,Q1,Smartphones,Mobile,Samsung,78500.0,15,66725.0,3,200175.0,149062.26,51112.74,25.53,Delhi,North,Online,Credit Card,No,Individual,False
ORD-11643,2024-02-29,February,Q1,Smartphones,Mobile,Xiaomi,50400.0,25,37800.0,3,113400.0,97292.91,16107.09,14.2,Hyderabad,South,Online,Debit Card,No,Small Business,False
ORD-11644,2024-10-05,October,Q4,Routers,Networking,TP-Link,12500.0,20,10000.0,2,20000.0,17536.44,2463.56,12.32,Hyderabad,South,Retail Store,Credit Card,No,Individual,True
ORD-11645,2024-06-11,June,Q2,Tablets,Mobile,Samsung,22800.0,20,18240.0,1,18240.0,14828.37,3411.63,18.7,Lucknow,North,Online,EMI,No,Student,False
ORD-11646,2024-11-06,November,Q4,Routers,Networking,D-Link,9900.0,25,7425.0,5,37125.0,27869.65,9255.35,24.93,Ahmedabad,West,Retail Store,Debit Card,No,Student,True
ORD-11647,2024-11-04,November,Q4,Routers,Networking,Asus,2400.0,15,2040.0,1,2040.0,1778.62,261.38,12.81,Bangalore,South,Online,UPI,No,Student,True
ORD-11648,2024-10-19,October,Q4,Headphones,Audio,Boat,6200.0,5,5890.0,3,17670.0,13065.36,4604.64,26.06,Kolkata,East,Online,Debit Card,Yes,Enterprise,True
ORD-11649,2024-10-25,October,Q4,Gaming Consoles,Gaming,Sony,54800.0,15,46580.0,3,139740.0,116954.61000000002,22785.39,16.31,Delhi,North,Retail Store,Cash,No,Student,True
ORD-11650,2024-12-04,December,Q4,Tablets,Mobile,Samsung,20700.0,0,20700.0,5,103500.0,67597.29999999999,35902.7,34.69,Jaipur,North,Distributor,UPI,No,Small Business,True
ORD-11651,2024-12-04,December,Q4,Smartphones,Mobile,OnePlus,14800.0,20,11840.0,2,23680.0,21866.78,1813.22,7.66,Delhi,North,Online,Debit Card,No,Student,True
ORD-11652,2024-03-16,March,Q1,Laptops,Computing,Dell,117700.0,0,117700.0,4,470800.0,327766.88,143033.12,30.38,Jaipur,North,Retail Store,Debit Card,No,Individual,False
ORD-11653,2024-02-06,February,Q1,Routers,Networking,D-Link,13500.0,10,12150.0,3,36450.0,26609.340000000004,9840.66,27.0,Bangalore,South,Distributor,Credit Card,No,Enterprise,False
ORD-11654,2024-09-24,September,Q3,Routers,Networking,Netgear,9000.0,15,7650.0,2,15300.0,13401.06,1898.94,12.41,Pune,West,Retail Store,UPI,No,Individual,False
ORD-11655,2024-05-12,May,Q2,Routers,Networking,TP-Link,6900.0,10,6210.0,2,12420.0,8896.24,3523.76,28.37,Delhi,North,Distributor,UPI,No,Individual,False
ORD-11656,2024-06-02,June,Q2,Gaming Consoles,Gaming,Microsoft,23200.0,25,17400.0,1,17400.0,15859.44,1540.56,8.85,Bangalore,South,Retail Store,Credit Card,No,Enterprise,False
ORD-11657,2024-03-25,March,Q1,Gaming Consoles,Gaming,Nintendo,34800.0,20,27840.0,2,55680.0,40374.08,15305.92,27.49,Kolkata,East,Retail Store,Net Banking,Yes,Student,False
ORD-11658,2024-12-06,December,Q4,Smartphones,Mobile,OnePlus,11100.0,10,9990.0,5,49950.0,33070.65,16879.35,33.79,Delhi,North,Online,EMI,No,Student,True
ORD-11659,2024-02-27,February,Q1,Smartwatches,Wearables,Noise,3400.0,20,2720.0,4,10880.0,9227.12,1652.88,15.19,Bangalore,South,Retail Store,Debit Card,No,Small Business,False
ORD-11660,2024-06-19,June,Q2,Cameras,Imaging,Sony,23200.0,15,19720.0,1,19720.0,15456.0,4264.0,21.62,Kolkata,East,Online,Debit Card,No,Student,False
ORD-11661,2024-12-25,December,Q4,Headphones,Audio,Apple,9700.0,20,7760.0,1,7760.0,5817.39,1942.61,25.03,Hyderabad,South,Corporate,Credit Card,No,Enterprise,True
ORD-11662,2024-03-18,March,Q1,Laptops,Computing,Asus,26100.0,20,20880.0,1,20880.0,16119.45,4760.55,22.8,Kolkata,East,Online,Net Banking,No,Small Business,False
ORD-11663,2024-11-18,November,Q4,Cameras,Imaging,Sony,85100.0,5,80845.0,3,242535.0,140432.52,102102.48,42.1,Lucknow,North,Corporate,EMI,No,Student,True
ORD-11664,2024-09-29,September,Q3,Routers,Networking,Netgear,9600.0,15,8160.0,1,8160.0,5543.92,2616.08,32.06,Hyderabad,South,Online,UPI,Yes,Student,False
ORD-11665,2024-11-04,November,Q4,Gaming Consoles,Gaming,Sony,34900.0,20,27920.0,7,195440.0,175066.36,20373.64,10.42,Delhi,North,Online,UPI,No,Small Business,True
ORD-11666,2024-07-02,July,Q3,Gaming Consoles,Gaming,Nintendo,48500.0,30,33950.0,1,33950.0,35144.39,-1194.39,-3.52,Kolkata,East,Online,UPI,No,Individual,False
ORD-11667,2024-06-23,June,Q2,Tablets,Mobile,Apple,12200.0,10,10980.0,1,10980.0,7493.77,3486.23,31.75,Jaipur,North,Online,Credit Card,No,Individual,False
ORD-11668,2024-03-25,March,Q1,Smartwatches,Wearables,Garmin,34100.0,15,28985.0,3,86955.0,59224.44,27730.56,31.89,Delhi,North,Retail Store,Credit Card,No,Small Business,False
ORD-11669,2024-12-22,December,Q4,Headphones,Audio,JBL,1200.0,20,960.0,3,2880.0,2279.79,600.21,20.84,Delhi,North,Retail Store,Debit Card,No,Individual,True
ORD-11670,2024-09-21,September,Q3,Tablets,Mobile,Lenovo,39700.0,20,31760.0,1,31760.0,27813.88,3946.12,12.42,Mumbai,West,Retail Store,Net Banking,No,Student,False
ORD-11671,2024-08-24,August,Q3,Routers,Networking,Netgear,2400.0,0,2400.0,2,4800.0,3065.14,1734.86,36.14,Kolkata,East,Retail Store,Net Banking,No,Enterprise,False
ORD-11672,2024-11-14,November,Q4,Tablets,Mobile,Huawei,41300.0,10,37170.0,1,37170.0,27224.26,9945.74,26.76,Lucknow,North,Retail Store,Debit Card,No,Student,True
ORD-11673,2024-12-22,December,Q4,Gaming Consoles,Gaming,Nintendo,35400.0,20,28320.0,3,84960.0,66505.89,18454.11,21.72,Hyderabad,South,Retail Store,EMI,No,Enterprise,True
ORD-11674,2024-06-09,June,Q2,Smartphones,Mobile,Samsung,16900.0,5,16055.0,1,16055.0,11736.65,4318.35,26.9,Bangalore,South,Online,Debit Card,No,Enterprise,False
ORD-11675,2024-05-06,May,Q2,Cameras,Imaging,Canon,57900.0,0,57900.0,2,115800.0,74678.98,41121.02,35.51,Kolkata,East,Retail Store,UPI,No,Student,False
ORD-11676,2024-04-16,April,Q2,Cameras,Imaging,Sony,43300.0,25,32475.0,5,162375.0,147116.9,15258.1,9.4,Delhi,North,Retail Store,UPI,No,Individual,False
ORD-11677,2024-07-13,July,Q3,Air Purifiers,Home Tech,Dyson,6700.0,20,5360.0,1,5360.0,4564.13,795.87,14.85,Lucknow,North,Online,UPI,No,Enterprise,False
ORD-11678,2024-04-01,April,Q2,Smartphones,Mobile,OnePlus,74300.0,15,63155.0,1,63155.0,51005.59,12149.41,19.24,Hyderabad,South,Distributor,Debit Card,No,Student,False
ORD-11679,2024-08-08,August,Q3,Air Purifiers,Home Tech,Sharp,6800.0,30,4760.0,2,9520.0,8665.38,854.62,8.98,Bangalore,South,Online,EMI,No,Student,False
ORD-11680,2024-07-05,July,Q3,Air Purifiers,Home Tech,Sharp,16900.0,0,16900.0,1,16900.0,11225.69,5674.31,33.58,Hyderabad,South,Distributor,Net Banking,No,Individual,False
ORD-11681,2024-08-05,August,Q3,Tablets,Mobile,Apple,52900.0,10,47610.0,5,238050.0,159127.90000000002,78922.1,33.15,Kolkata,East,Distributor,EMI,No,Small Business,False
ORD-11682,2024-08-02,August,Q3,Smartwatches,Wearables,Garmin,3900.0,15,3315.0,1,3315.0,2638.45,676.55,20.41,Lucknow,North,Retail Store,UPI,No,Student,False
ORD-11683,2024-03-23,March,Q1,Tablets,Mobile,Samsung,18700.0,10,16830.0,3,50490.0,32886.3,17603.7,34.87,Ahmedabad,West,Retail Store,EMI,No,Student,False
ORD-11684,2024-06-08,June,Q2,Cameras,Imaging,Nikon,116500.0,20,93200.0,1,93200.0,65643.84,27556.16,29.57,Mumbai,West,Online,UPI,No,Individual,False
ORD-11685,2024-02-17,February,Q1,Smartwatches,Wearables,Boat,37000.0,10,33300.0,2,66600.0,48594.46,18005.54,27.04,Jaipur,North,Retail Store,Net Banking,No,Individual,False
ORD-11686,2024-02-25,February,Q1,Air Purifiers,Home Tech,Sharp,21800.0,15,18530.0,1,18530.0,16313.54,2216.46,11.96,Bangalore,South,Online,UPI,No,Enterprise,False
ORD-11687,2024-08-15,August,Q3,Smartphones,Mobile,OnePlus,40100.0,25,30075.0,2,60150.0,50663.12,9486.88,15.77,Hyderabad,South,Distributor,Debit Card,No,Small Business,False
ORD-11688,2024-02-26,February,Q1,Tablets,Mobile,Samsung,20200.0,10,18180.0,2,36360.0,24068.76,12291.24,33.8,Ahmedabad,West,Online,Credit Card,No,Student,False
ORD-11689,2024-09-29,September,Q3,Smartphones,Mobile,Xiaomi,47900.0,30,33530.0,4,134120.0,129734.6,4385.4,3.27,Pune,West,Corporate,Cash,No,Small Business,False
ORD-11690,2024-03-04,March,Q1,Routers,Networking,Netgear,8000.0,10,7200.0,1,7200.0,4979.25,2220.75,30.84,Hyderabad,South,Online,Debit Card,No,Enterprise,False
ORD-11691,2024-11-30,November,Q4,Smartwatches,Wearables,Garmin,29900.0,10,26910.0,3,80730.0,62606.43000000001,18123.57,22.45,Chennai,South,Distributor,UPI,No,Small Business,True
ORD-11692,2024-03-19,March,Q1,Air Purifiers,Home Tech,Xiaomi,31900.0,20,25520.0,3,76560.0,67283.79000000001,9276.21,12.12,Ahmedabad,West,Retail Store,Debit Card,No,Individual,False
ORD-11693,2024-08-18,August,Q3,Air Purifiers,Home Tech,Sharp,31700.0,5,30115.0,3,90345.0,64943.759999999995,25401.24,28.12,Bangalore,South,Retail Store,UPI,No,Student,False
ORD-11694,2024-12-16,December,Q4,Tablets,Mobile,Samsung,54900.0,10,49410.0,2,98820.0,76074.2,22745.8,23.02,Jaipur,North,Online,EMI,No,Student,True
ORD-11695,2024-05-06,May,Q2,Smartphones,Mobile,OnePlus,31700.0,25,23775.0,1,23775.0,18667.25,5107.75,21.48,Kolkata,East,Retail Store,EMI,No,Small Business,False
ORD-11696,2024-05-16,May,Q2,Gaming Consoles,Gaming,Sony,31600.0,5,30020.0,1,30020.0,22948.53,7071.47,23.56,Mumbai,West,Online,Cash,No,Individual,False
ORD-11697,2024-09-20,September,Q3,Laptops,Computing,Asus,66900.0,20,53520.0,2,107040.0,81259.56,25780.44,24.08,Delhi,North,Distributor,Credit Card,No,Enterprise,False
ORD-11698,2024-05-10,May,Q2,Smartwatches,Wearables,Garmin,12900.0,0,12900.0,1,12900.0,9225.7,3674.3,28.48,Chennai,South,Distributor,EMI,No,Student,False
ORD-11699,2024-11-04,November,Q4,Gaming Consoles,Gaming,Sony,35800.0,30,25060.0,1,25060.0,23645.69,1414.31,5.64,Mumbai,West,Retail Store,Debit Card,No,Enterprise,True
ORD-11700,2024-05-03,May,Q2,Gaming Consoles,Gaming,Sony,25100.0,15,21335.0,1,21335.0,18625.93,2709.07,12.7,Jaipur,North,Retail Store,EMI,No,Student,False
ORD-11701,2024-10-27,October,Q4,Routers,Networking,Netgear,13400.0,30,9380.0,1,9380.0,9220.81,159.19,1.7,Mumbai,West,Online,Net Banking,No,Small Business,True
ORD-11702,2024-09-02,September,Q3,Laptops,Computing,Lenovo,104800.0,25,78600.0,1,78600.0,60522.63,18077.37,23.0,Kolkata,East,Online,EMI,No,Student,False
ORD-11703,2024-12-29,December,Q4,Headphones,Audio,Boat,7100.0,5,6745.0,2,13490.0,10171.86,3318.14,24.6,Chennai,South,Retail Store,UPI,No,Individual,True
ORD-11704,2024-03-18,March,Q1,Laptops,Computing,Apple,72500.0,15,61625.0,1,61625.0,53214.28,8410.72,13.65,Bangalore,South,Corporate,Debit Card,Yes,Individual,False
ORD-11705,2024-12-30,December,Q4,Gaming Consoles,Gaming,Nintendo,52300.0,5,49685.0,3,149055.0,90867.24,58187.76,39.04,Mumbai,West,Distributor,UPI,No,Individual,True
ORD-11706,2024-01-09,January,Q1,Laptops,Computing,Apple,61700.0,15,52445.0,1,52445.0,38616.83,13828.17,26.37,Mumbai,West,Corporate,Credit Card,No,Student,False
ORD-11707,2024-07-16,July,Q3,Laptops,Computing,Dell,77000.0,30,53900.0,1,53900.0,46900.26,6999.74,12.99,Pune,West,Online,UPI,No,Small Business,False
ORD-11708,2024-10-10,October,Q4,Headphones,Audio,JBL,16400.0,25,12300.0,7,86100.0,84800.59000000001,1299.41,1.51,Lucknow,North,Retail Store,UPI,No,Student,True
ORD-11709,2024-10-08,October,Q4,Tablets,Mobile,Apple,25700.0,15,21845.0,3,65535.0,55764.18000000001,9770.82,14.91,Lucknow,North,Online,Debit Card,No,Individual,True
ORD-11710,2024-04-11,April,Q2,Smartphones,Mobile,Xiaomi,68100.0,15,57885.0,1,57885.0,49930.91,7954.09,13.74,Mumbai,West,Online,EMI,Yes,Student,False
ORD-11711,2024-08-12,August,Q3,Laptops,Computing,Lenovo,26900.0,25,20175.0,1,20175.0,15042.9,5132.1,25.44,Kolkata,East,Corporate,Debit Card,No,Individual,False
ORD-11712,2024-02-07,February,Q1,Smartphones,Mobile,Xiaomi,74000.0,10,66600.0,4,266400.0,214156.24,52243.76,19.61,Delhi,North,Retail Store,EMI,Yes,Enterprise,False
ORD-11713,2024-01-01,January,Q1,Air Purifiers,Home Tech,Xiaomi,8500.0,20,6800.0,3,20400.0,18196.53,2203.47,10.8,Lucknow,North,Online,Debit Card,No,Individual,False
ORD-11714,2024-07-07,July,Q3,Routers,Networking,Netgear,7000.0,20,5600.0,1,5600.0,4133.22,1466.78,26.19,Jaipur,North,Online,Credit Card,No,Student,False
ORD-11715,2024-03-22,March,Q1,Cameras,Imaging,Fujifilm,119500.0,20,95600.0,1,95600.0,71319.51,24280.49,25.4,Kolkata,East,Retail Store,Credit Card,No,Individual,False
ORD-11716,2024-08-29,August,Q3,Routers,Networking,D-Link,11900.0,0,11900.0,3,35700.0,22234.56,13465.44,37.72,Pune,West,Distributor,Credit Card,No,Individual,False
ORD-11717,2024-10-18,October,Q4,Air Purifiers,Home Tech,Sharp,5800.0,20,4640.0,3,13920.0,10393.89,3526.11,25.33,Mumbai,West,Corporate,UPI,No,Enterprise,True
ORD-11718,2024-08-20,August,Q3,Routers,Networking,Netgear,6300.0,10,5670.0,4,22680.0,18788.0,3892.0,17.16,Jaipur,North,Distributor,EMI,Yes,Enterprise,False
ORD-11719,2024-03-12,March,Q1,Laptops,Computing,Asus,59300.0,20,47440.0,2,94880.0,72686.5,22193.5,23.39,Delhi,North,Retail Store,Credit Card,No,Small Business,False
ORD-11720,2024-09-06,September,Q3,Headphones,Audio,Sennheiser,15300.0,30,10710.0,1,10710.0,8643.36,2066.64,19.3,Jaipur,North,Retail Store,EMI,No,Enterprise,False
ORD-11721,2024-02-17,February,Q1,Gaming Consoles,Gaming,Nintendo,40700.0,5,38665.0,4,154660.0,103727.76,50932.24,32.93,Bangalore,South,Online,Debit Card,No,Individual,False
ORD-11722,2024-08-18,August,Q3,Smartphones,Mobile,OnePlus,59900.0,10,53910.0,2,107820.0,72272.96,35547.04,32.97,Bangalore,South,Online,Debit Card,No,Enterprise,False
ORD-11723,2024-09-05,September,Q3,Smartphones,Mobile,OnePlus,39300.0,20,31440.0,1,31440.0,22608.65,8831.35,28.09,Lucknow,North,Online,EMI,No,Individual,False
ORD-11724,2024-12-29,December,Q4,Gaming Consoles,Gaming,Sony,52800.0,0,52800.0,2,105600.0,59418.36,46181.64,43.73,Kolkata,East,Online,Debit Card,No,Enterprise,True
ORD-11725,2024-01-28,January,Q1,Air Purifiers,Home Tech,Philips,12400.0,5,11780.0,2,23560.0,15021.1,8538.9,36.24,Ahmedabad,West,Corporate,Credit Card,No,Enterprise,False
ORD-11726,2024-05-23,May,Q2,Smartphones,Mobile,Samsung,14400.0,20,11520.0,1,11520.0,9797.61,1722.39,14.95,Jaipur,North,Online,Debit Card,No,Small Business,False
ORD-11727,2024-02-16,February,Q1,Tablets,Mobile,Huawei,13600.0,20,10880.0,1,10880.0,9993.81,886.19,8.15,Pune,West,Online,UPI,No,Individual,False
ORD-11728,2024-02-16,February,Q1,Laptops,Computing,Apple,60300.0,0,60300.0,1,60300.0,40526.65,19773.35,32.79,Ahmedabad,West,Distributor,UPI,No,Individual,False
ORD-11729,2024-06-10,June,Q2,Tablets,Mobile,Huawei,14000.0,0,14000.0,2,28000.0,19565.66,8434.34,30.12,Chennai,South,Corporate,EMI,No,Small Business,False
ORD-11730,2024-04-12,April,Q2,Smartphones,Mobile,Samsung,41300.0,30,28910.0,4,115640.0,105073.4,10566.6,9.14,Pune,West,Retail Store,UPI,No,Individual,False
ORD-11731,2024-09-15,September,Q3,Gaming Consoles,Gaming,Microsoft,39700.0,10,35730.0,6,214380.0,164316.41999999998,50063.58,23.35,Chennai,South,Distributor,UPI,No,Student,False
ORD-11732,2024-07-30,July,Q3,Gaming Consoles,Gaming,Nintendo,40100.0,30,28070.0,4,112280.0,115727.44,-3447.44,-3.07,Pune,West,Online,UPI,Yes,Individual,False
ORD-11733,2024-07-30,July,Q3,Laptops,Computing,Apple,100300.0,20,80240.0,2,160480.0,147468.9,13011.1,8.11,Ahmedabad,West,Online,Credit Card,No,Small Business,False
ORD-11734,2024-02-06,February,Q1,Smartphones,Mobile,OnePlus,31900.0,5,30305.0,1,30305.0,19789.45,10515.55,34.7,Jaipur,North,Retail Store,Credit Card,No,Individual,False
ORD-11735,2024-08-27,August,Q3,Headphones,Audio,Boat,24300.0,30,17010.0,4,68040.0,68830.6,-790.6,-1.16,Pune,West,Retail Store,Credit Card,No,Small Business,False
ORD-11736,2024-06-21,June,Q2,Tablets,Mobile,Huawei,36500.0,15,31025.0,1,31025.0,26367.92,4657.08,15.01,Jaipur,North,Retail Store,Debit Card,No,Small Business,False
ORD-11737,2024-05-08,May,Q2,Headphones,Audio,Apple,12800.0,20,10240.0,2,20480.0,15634.64,4845.36,23.66,Bangalore,South,Online,UPI,Yes,Enterprise,False
ORD-11738,2024-07-26,July,Q3,Tablets,Mobile,Samsung,26500.0,0,26500.0,2,53000.0,33872.48,19127.52,36.09,Ahmedabad,West,Corporate,Debit Card,No,Student,False
ORD-11739,2024-11-13,November,Q4,Smartwatches,Wearables,Garmin,5000.0,15,4250.0,3,12750.0,8728.380000000001,4021.62,31.54,Lucknow,North,Online,EMI,No,Enterprise,True
ORD-11740,2024-06-15,June,Q2,Laptops,Computing,Dell,71900.0,25,53925.0,1,53925.0,43995.23,9929.77,18.41,Mumbai,West,Retail Store,Debit Card,No,Individual,False
ORD-11741,2024-02-12,February,Q1,Laptops,Computing,Asus,99000.0,15,84150.0,2,168300.0,112652.28,55647.72,33.06,Mumbai,West,Online,EMI,No,Student,False
ORD-11742,2024-12-15,December,Q4,Cameras,Imaging,Canon,105500.0,5,100225.0,2,200450.0,123147.62,77302.38,38.56,Mumbai,West,Retail Store,Debit Card,No,Enterprise,True
ORD-11743,2024-05-17,May,Q2,Laptops,Computing,HP,119800.0,0,119800.0,1,119800.0,81868.0,37932.0,31.66,Bangalore,South,Retail Store,Credit Card,No,Enterprise,False
ORD-11744,2024-01-31,January,Q1,Smartphones,Mobile,Apple,69900.0,30,48930.0,3,146790.0,149409.41999999998,-2619.42,-1.78,Mumbai,West,Online,UPI,No,Small Business,False
ORD-11745,2024-06-26,June,Q2,Gaming Consoles,Gaming,Microsoft,35400.0,20,28320.0,1,28320.0,21875.67,6444.33,22.76,Ahmedabad,West,Online,Net Banking,No,Student,False
ORD-11746,2024-12-26,December,Q4,Smart TVs,Entertainment,LG,100800.0,20,80640.0,2,161280.0,112876.54,48403.46,30.01,Pune,West,Retail Store,Debit Card,No,Individual,True
ORD-11747,2024-04-28,April,Q2,Laptops,Computing,Dell,25900.0,15,22015.0,3,66045.0,47208.12,18836.88,28.52,Lucknow,North,Online,Credit Card,No,Small Business,False
ORD-11748,2024-12-19,December,Q4,Gaming Consoles,Gaming,Sony,20100.0,10,18090.0,6,108540.0,69370.5,39169.5,36.09,Mumbai,West,Distributor,Credit Card,No,Enterprise,True
ORD-11749,2024-02-02,February,Q1,Laptops,Computing,Apple,53500.0,20,42800.0,3,128400.0,117481.41,10918.59,8.5,Chennai,South,Corporate,Credit Card,No,Small Business,False
ORD-11750,2024-10-06,October,Q4,Smartwatches,Wearables,Garmin,34600.0,5,32870.0,1,32870.0,25322.37,7547.63,22.96,Lucknow,North,Online,UPI,No,Individual,True
ORD-11751,2024-01-31,January,Q1,Cameras,Imaging,Fujifilm,88900.0,20,71120.0,2,142240.0,98254.0,43986.0,30.92,Mumbai,West,Online,Credit Card,No,Individual,False
ORD-11752,2024-02-07,February,Q1,Routers,Networking,D-Link,11000.0,15,9350.0,3,28050.0,19884.27,8165.73,29.11,Chennai,South,Corporate,Credit Card,No,Small Business,False
ORD-11753,2024-04-21,April,Q2,Smart TVs,Entertainment,Mi,171900.0,10,154710.0,2,309420.0,229043.22,80376.78,25.98,Pune,West,Distributor,UPI,No,Student,False
ORD-11754,2024-07-12,July,Q3,Tablets,Mobile,Lenovo,26400.0,5,25080.0,3,75240.0,46105.17,29134.83,38.72,Pune,West,Distributor,UPI,No,Student,False
ORD-11755,2024-06-09,June,Q2,Headphones,Audio,Boat,22500.0,5,21375.0,1,21375.0,13661.41,7713.59,36.09,Ahmedabad,West,Retail Store,UPI,No,Small Business,False
ORD-11756,2024-12-04,December,Q4,Gaming Consoles,Gaming,Nintendo,47300.0,5,44935.0,1,44935.0,33481.56,11453.44,25.49,Hyderabad,South,Online,UPI,No,Individual,True
ORD-11757,2024-10-19,October,Q4,Smartphones,Mobile,Xiaomi,68400.0,0,68400.0,2,136800.0,84984.8,51815.2,37.88,Mumbai,West,Retail Store,Net Banking,No,Student,True
ORD-11758,2024-09-18,September,Q3,Headphones,Audio,Boat,800.0,0,800.0,1,800.0,454.14,345.86,43.23,Kolkata,East,Retail Store,EMI,No,Individual,False
ORD-11759,2024-05-24,May,Q2,Smartwatches,Wearables,Noise,16000.0,20,12800.0,1,12800.0,10580.75,2219.25,17.34,Jaipur,North,Retail Store,EMI,No,Individual,False
ORD-11760,2024-03-28,March,Q1,Gaming Consoles,Gaming,Nintendo,40800.0,15,34680.0,2,69360.0,49966.7,19393.3,27.96,Kolkata,East,Online,Net Banking,No,Small Business,False
ORD-11761,2024-01-05,January,Q1,Tablets,Mobile,Huawei,28500.0,20,22800.0,4,91200.0,66953.08,24246.92,26.59,Hyderabad,South,Retail Store,Credit Card,No,Small Business,False
ORD-11762,2024-01-01,January,Q1,Air Purifiers,Home Tech,Dyson,8200.0,10,7380.0,1,7380.0,5890.64,1489.36,20.18,Chennai,South,Retail Store,Debit Card,No,Student,False
ORD-11763,2024-12-24,December,Q4,Tablets,Mobile,Samsung,42400.0,20,33920.0,2,67840.0,58945.44,8894.56,13.11,Bangalore,South,Online,Cash,No,Individual,True
ORD-11764,2024-09-24,September,Q3,Gaming Consoles,Gaming,Microsoft,45300.0,25,33975.0,1,33975.0,28231.34,5743.66,16.91,Delhi,North,Retail Store,EMI,No,Small Business,False
ORD-11765,2024-10-01,October,Q4,Smartwatches,Wearables,Garmin,25400.0,0,25400.0,1,25400.0,17680.08,7719.92,30.39,Pune,West,Retail Store,Credit Card,Yes,Small Business,True
ORD-11766,2024-12-26,December,Q4,Laptops,Computing,Asus,77800.0,0,77800.0,1,77800.0,53819.39,23980.61,30.82,Pune,West,Corporate,Credit Card,No,Small Business,True
ORD-11767,2024-02-04,February,Q1,Routers,Networking,D-Link,9500.0,5,9025.0,2,18050.0,12382.38,5667.62,31.4,Lucknow,North,Retail Store,UPI,No,Enterprise,False
ORD-11768,2024-06-08,June,Q2,Smartphones,Mobile,Samsung,79700.0,5,75715.0,1,75715.0,46514.85,29200.15,38.57,Ahmedabad,West,Online,UPI,No,Enterprise,False
ORD-11769,2024-10-01,October,Q4,Tablets,Mobile,Apple,16800.0,5,15960.0,1,15960.0,9438.78,6521.22,40.86,Delhi,North,Online,Credit Card,No,Small Business,True
ORD-11770,2024-03-08,March,Q1,Routers,Networking,TP-Link,1900.0,10,1710.0,4,6840.0,5057.44,1782.56,26.06,Chennai,South,Retail Store,Debit Card,No,Individual,False
ORD-11771,2024-03-06,March,Q1,Smartphones,Mobile,Apple,78500.0,10,70650.0,3,211950.0,173662.62,38287.38,18.06,Bangalore,South,Online,UPI,No,Student,False
ORD-11772,2024-07-02,July,Q3,Tablets,Mobile,Samsung,22200.0,25,16650.0,4,66600.0,52284.8,14315.2,21.49,Bangalore,South,Retail Store,Credit Card,No,Student,False
ORD-11773,2024-05-09,May,Q2,Cameras,Imaging,Nikon,8400.0,30,5880.0,1,5880.0,4716.5,1163.5,19.79,Lucknow,North,Online,EMI,No,Enterprise,False
ORD-11774,2024-07-22,July,Q3,Gaming Consoles,Gaming,Sony,41400.0,5,39330.0,2,78660.0,47726.24,30933.76,39.33,Delhi,North,Retail Store,Debit Card,Yes,Individual,False
ORD-11775,2024-07-31,July,Q3,Laptops,Computing,Asus,53400.0,30,37380.0,2,74760.0,71729.42,3030.58,4.05,Bangalore,South,Retail Store,Net Banking,No,Individual,False
ORD-11776,2024-05-14,May,Q2,Smart TVs,Entertainment,Mi,166900.0,0,166900.0,1,166900.0,112493.56,54406.44,32.6,Kolkata,East,Online,Debit Card,No,Small Business,False
ORD-11777,2024-03-01,March,Q1,Cameras,Imaging,Fujifilm,10000.0,0,10000.0,1,10000.0,6233.78,3766.22,37.66,Jaipur,North,Distributor,Net Banking,No,Student,False
ORD-11778,2024-08-23,August,Q3,Smartphones,Mobile,Xiaomi,24800.0,15,21080.0,1,21080.0,18252.11,2827.89,13.42,Delhi,North,Retail Store,EMI,No,Individual,False
ORD-11779,2024-06-04,June,Q2,Gaming Consoles,Gaming,Microsoft,47300.0,30,33110.0,1,33110.0,28424.8,4685.2,14.15,Mumbai,West,Retail Store,Credit Card,Yes,Enterprise,False
ORD-11780,2024-11-05,November,Q4,Smart TVs,Entertainment,LG,120000.0,10,108000.0,3,324000.0,198614.61,125385.39,38.7,Lucknow,North,Online,Credit Card,No,Small Business,True
ORD-11781,2024-07-16,July,Q3,Tablets,Mobile,Huawei,54100.0,0,54100.0,2,108200.0,61424.26,46775.74,43.23,Bangalore,South,Online,EMI,No,Enterprise,False
ORD-11782,2024-12-01,December,Q4,Routers,Networking,Asus,4700.0,5,4465.0,2,8930.0,5360.66,3569.34,39.97,Jaipur,North,Distributor,Debit Card,Yes,Student,True
ORD-11783,2024-10-31,October,Q4,Gaming Consoles,Gaming,Sony,45900.0,15,39015.0,2,78030.0,53198.44,24831.56,31.82,Chennai,South,Retail Store,Cash,No,Student,True
ORD-11784,2024-05-14,May,Q2,Smart TVs,Entertainment,LG,118500.0,30,82950.0,1,82950.0,70849.3,12100.7,14.59,Bangalore,South,Retail Store,Net Banking,No,Student,False
ORD-11785,2024-04-05,April,Q2,Smartwatches,Wearables,Apple,17400.0,5,16530.0,1,16530.0,10352.7,6177.3,37.37,Hyderabad,South,Corporate,Cash,No,Small Business,False
ORD-11786,2024-02-09,February,Q1,Laptops,Computing,Lenovo,105600.0,20,84480.0,4,337920.0,274518.44,63401.56,18.76,Mumbai,West,Online,Debit Card,No,Student,False
ORD-11787,2024-07-18,July,Q3,Gaming Consoles,Gaming,Nintendo,29400.0,10,26460.0,2,52920.0,41701.74,11218.26,21.2,Kolkata,East,Retail Store,EMI,No,Enterprise,False
ORD-11788,2024-11-21,November,Q4,Smartwatches,Wearables,Samsung,17200.0,5,16340.0,5,81700.0,54809.3,26890.7,32.91,Lucknow,North,Retail Store,EMI,No,Student,True
ORD-11789,2024-02-02,February,Q1,Cameras,Imaging,Nikon,136600.0,5,129770.0,4,519080.0,309161.72,209918.28,40.44,Pune,West,Online,UPI,No,Individual,False
ORD-11790,2024-10-20,October,Q4,Smartwatches,Wearables,Boat,41400.0,10,37260.0,2,74520.0,53953.24,20566.76,27.6,Pune,West,Online,Credit Card,No,Enterprise,True
ORD-11791,2024-10-21,October,Q4,Cameras,Imaging,Fujifilm,50900.0,15,43265.0,1,43265.0,29844.95,13420.05,31.02,Chennai,South,Online,EMI,No,Small Business,True
ORD-11792,2024-07-07,July,Q3,Gaming Consoles,Gaming,Sony,29300.0,15,24905.0,3,74715.0,50499.240000000005,24215.76,32.41,Hyderabad,South,Online,Debit Card,No,Small Business,False
ORD-11793,2024-05-06,May,Q2,Tablets,Mobile,Huawei,50800.0,10,45720.0,2,91440.0,71663.6,19776.4,21.63,Hyderabad,South,Online,EMI,No,Student,False
ORD-11794,2024-04-22,April,Q2,Air Purifiers,Home Tech,Philips,8600.0,25,6450.0,1,6450.0,6284.31,165.69,2.57,Mumbai,West,Retail Store,Debit Card,No,Enterprise,False
ORD-11795,2024-03-26,March,Q1,Tablets,Mobile,Samsung,14000.0,25,10500.0,1,10500.0,9237.15,1262.85,12.03,Delhi,North,Corporate,Debit Card,No,Small Business,False
ORD-11796,2024-07-04,July,Q3,Headphones,Audio,Boat,11100.0,20,8880.0,4,35520.0,31501.88,4018.12,11.31,Hyderabad,South,Online,Debit Card,No,Student,False
ORD-11797,2024-01-25,January,Q1,Laptops,Computing,Asus,43400.0,5,41230.0,1,41230.0,31418.94,9811.06,23.8,Mumbai,West,Retail Store,Credit Card,No,Small Business,False
ORD-11798,2024-04-23,April,Q2,Air Purifiers,Home Tech,Sharp,20900.0,20,16720.0,4,66880.0,53169.16,13710.84,20.5,Pune,West,Retail Store,UPI,No,Enterprise,False
ORD-11799,2024-02-01,February,Q1,Smartphones,Mobile,OnePlus,66700.0,30,46690.0,1,46690.0,42545.64,4144.36,8.88,Jaipur,North,Online,Cash,No,Individual,False
ORD-11800,2024-01-19,January,Q1,Smartphones,Mobile,Apple,42800.0,25,32100.0,3,96300.0,75195.69,21104.31,21.92,Bangalore,South,Online,UPI,No,Small Business,False
ORD-11801,2024-03-02,March,Q1,Cameras,Imaging,Canon,93800.0,5,89110.0,3,267330.0,209229.87,58100.13,21.73,Delhi,North,Distributor,UPI,No,Individual,False
ORD-11802,2024-09-10,September,Q3,Tablets,Mobile,Samsung,19900.0,5,18905.0,3,56715.0,37349.31,19365.69,34.15,Pune,West,Online,UPI,No,Small Business,False
ORD-11803,2024-01-14,January,Q1,Gaming Consoles,Gaming,Nintendo,26500.0,25,19875.0,2,39750.0,35840.38,3909.62,9.84,Ahmedabad,West,Distributor,Credit Card,No,Enterprise,False
ORD-11804,2024-12-03,December,Q4,Smart TVs,Entertainment,LG,42400.0,5,40280.0,1,40280.0,28746.66,11533.34,28.63,Ahmedabad,West,Online,Debit Card,No,Small Business,True
ORD-11805,2024-01-01,January,Q1,Headphones,Audio,JBL,21400.0,25,16050.0,1,16050.0,14738.15,1311.85,8.17,Chennai,South,Distributor,UPI,No,Student,False
ORD-11806,2024-02-14,February,Q1,Routers,Networking,Asus,14600.0,15,12410.0,2,24820.0,18379.04,6440.96,25.95,Mumbai,West,Retail Store,Credit Card,No,Student,False
ORD-11807,2024-11-06,November,Q4,Air Purifiers,Home Tech,Dyson,31800.0,30,22260.0,2,44520.0,36994.78,7525.22,16.9,Chennai,South,Online,UPI,No,Small Business,True
ORD-11808,2024-07-21,July,Q3,Laptops,Computing,Lenovo,86300.0,30,60410.0,2,120820.0,128776.3,-7956.3,-6.59,Chennai,South,Distributor,Debit Card,No,Small Business,False
ORD-11809,2024-12-27,December,Q4,Laptops,Computing,Asus,88300.0,30,61810.0,3,185430.0,179086.53,6343.47,3.42,Hyderabad,South,Retail Store,UPI,No,Small Business,True
ORD-11810,2024-06-15,June,Q2,Air Purifiers,Home Tech,Xiaomi,9600.0,5,9120.0,2,18240.0,14321.96,3918.04,21.48,Chennai,South,Corporate,Net Banking,No,Small Business,False
ORD-11811,2024-12-30,December,Q4,Routers,Networking,TP-Link,9900.0,30,6930.0,1,6930.0,6647.71,282.29,4.07,Hyderabad,South,Corporate,Credit Card,Yes,Small Business,True
ORD-11812,2024-12-06,December,Q4,Tablets,Mobile,Apple,46700.0,10,42030.0,2,84060.0,58935.92,25124.08,29.89,Kolkata,East,Online,EMI,Yes,Enterprise,True
ORD-11813,2024-04-18,April,Q2,Smartwatches,Wearables,Apple,40700.0,5,38665.0,1,38665.0,29166.57,9498.43,24.57,Ahmedabad,West,Distributor,UPI,No,Individual,False
ORD-11814,2024-09-29,September,Q3,Smartphones,Mobile,OnePlus,36600.0,30,25620.0,2,51240.0,47459.6,3780.4,7.38,Delhi,North,Distributor,UPI,No,Small Business,False
ORD-11815,2024-10-13,October,Q4,Headphones,Audio,Sony,16500.0,10,14850.0,1,14850.0,9565.04,5284.96,35.59,Delhi,North,Online,Credit Card,No,Individual,True
ORD-11816,2024-09-17,September,Q3,Headphones,Audio,Sennheiser,6100.0,30,4270.0,1,4270.0,4233.52,36.48,0.85,Pune,West,Online,Credit Card,No,Student,False
ORD-11817,2024-01-24,January,Q1,Smartwatches,Wearables,Garmin,12400.0,0,12400.0,1,12400.0,8802.22,3597.78,29.01,Delhi,North,Online,Credit Card,No,Individual,False
ORD-11818,2024-02-09,February,Q1,Gaming Consoles,Gaming,Nintendo,32000.0,15,27200.0,2,54400.0,38676.72,15723.28,28.9,Lucknow,North,Corporate,UPI,No,Small Business,False
ORD-11819,2024-10-29,October,Q4,Smartwatches,Wearables,Noise,25300.0,10,22770.0,1,22770.0,17987.56,4782.44,21.0,Mumbai,West,Retail Store,UPI,No,Enterprise,True
ORD-11820,2024-03-27,March,Q1,Cameras,Imaging,Nikon,102700.0,0,102700.0,1,102700.0,69276.27,33423.73,32.55,Ahmedabad,West,Online,Debit Card,No,Enterprise,False
ORD-11821,2024-02-07,February,Q1,Smart TVs,Entertainment,Mi,60100.0,25,45075.0,2,90150.0,76447.12,13702.88,15.2,Lucknow,North,Retail Store,Credit Card,No,Student,False
ORD-11822,2024-01-19,January,Q1,Gaming Consoles,Gaming,Nintendo,36600.0,0,36600.0,4,146400.0,85350.44,61049.56,41.7,Ahmedabad,West,Distributor,UPI,No,Small Business,False
ORD-11823,2024-03-08,March,Q1,Air Purifiers,Home Tech,Sharp,28600.0,0,28600.0,1,28600.0,18363.39,10236.61,35.79,Pune,West,Retail Store,Net Banking,No,Student,False
ORD-11824,2024-11-28,November,Q4,Routers,Networking,D-Link,5900.0,30,4130.0,1,4130.0,3997.13,132.87,3.22,Chennai,South,Corporate,Debit Card,No,Enterprise,True
ORD-11825,2024-04-13,April,Q2,Laptops,Computing,Apple,33700.0,30,23590.0,4,94360.0,84444.96,9915.04,10.51,Hyderabad,South,Online,Net Banking,No,Enterprise,False
ORD-11826,2024-04-03,April,Q2,Smart TVs,Entertainment,Sony,41800.0,5,39710.0,2,79420.0,48003.98,31416.02,39.56,Delhi,North,Online,UPI,No,Student,False
ORD-11827,2024-05-19,May,Q2,Headphones,Audio,Apple,16200.0,30,11340.0,1,11340.0,11896.18,-556.18,-4.9,Ahmedabad,West,Online,UPI,No,Student,False
ORD-11828,2024-07-21,July,Q3,Headphones,Audio,JBL,13800.0,30,9660.0,1,9660.0,8791.31,868.69,8.99,Kolkata,East,Online,Credit Card,No,Enterprise,False
ORD-11829,2024-02-15,February,Q1,Cameras,Imaging,Nikon,62800.0,10,56520.0,3,169560.0,119695.44,49864.56,29.41,Mumbai,West,Online,Credit Card,No,Small Business,False
ORD-11830,2024-06-29,June,Q2,Smartwatches,Wearables,Samsung,22000.0,0,22000.0,1,22000.0,14691.0,7309.0,33.22,Kolkata,East,Corporate,Debit Card,No,Student,False
ORD-11831,2024-08-13,August,Q3,Laptops,Computing,Dell,108900.0,20,87120.0,3,261360.0,222160.83000000002,39199.17,15.0,Bangalore,South,Retail Store,Credit Card,No,Individual,False
ORD-11832,2024-12-21,December,Q4,Smartwatches,Wearables,Boat,21800.0,0,21800.0,3,65400.0,38314.53,27085.47,41.42,Pune,West,Online,Credit Card,No,Small Business,True
ORD-11833,2024-08-06,August,Q3,Headphones,Audio,Boat,24700.0,30,17290.0,2,34580.0,30272.46,4307.54,12.46,Hyderabad,South,Corporate,Debit Card,No,Enterprise,False
ORD-11834,2024-11-09,November,Q4,Cameras,Imaging,Sony,139000.0,15,118150.0,2,236300.0,189454.72,46845.28,19.82,Chennai,South,Online,Credit Card,No,Enterprise,True
ORD-11835,2024-04-23,April,Q2,Headphones,Audio,JBL,19700.0,30,13790.0,4,55160.0,57471.8,-2311.8,-4.19,Lucknow,North,Online,Debit Card,No,Small Business,False
ORD-11836,2024-11-07,November,Q4,Smart TVs,Entertainment,Samsung,66000.0,15,56100.0,1,56100.0,40063.17,16036.83,28.59,Lucknow,North,Distributor,EMI,No,Small Business,True
ORD-11837,2024-03-15,March,Q1,Smart TVs,Entertainment,Sony,124800.0,20,99840.0,1,99840.0,79126.4,20713.6,20.75,Lucknow,North,Retail Store,Debit Card,No,Enterprise,False
ORD-11838,2024-02-21,February,Q1,Smart TVs,Entertainment,LG,34200.0,0,34200.0,2,68400.0,51268.62,17131.38,25.05,Lucknow,North,Retail Store,UPI,No,Student,False
ORD-11839,2024-01-23,January,Q1,Air Purifiers,Home Tech,Xiaomi,15500.0,30,10850.0,1,10850.0,10132.57,717.43,6.61,Chennai,South,Online,Debit Card,No,Enterprise,False
ORD-11840,2024-08-29,August,Q3,Gaming Consoles,Gaming,Sony,50100.0,5,47595.0,3,142785.0,83786.01,58998.99,41.32,Mumbai,West,Online,UPI,No,Enterprise,False
ORD-11841,2024-07-14,July,Q3,Laptops,Computing,HP,93700.0,5,89015.0,3,267045.0,186457.77,80587.23,30.18,Mumbai,West,Online,Debit Card,No,Small Business,False
ORD-11842,2024-02-28,February,Q1,Smart TVs,Entertainment,OnePlus,76700.0,15,65195.0,4,260780.0,221774.64,39005.36,14.96,Jaipur,North,Retail Store,Credit Card,No,Enterprise,False
ORD-11843,2024-11-17,November,Q4,Air Purifiers,Home Tech,Dyson,24400.0,15,20740.0,1,20740.0,18157.76,2582.24,12.45,Delhi,North,Corporate,Debit Card,Yes,Enterprise,True
ORD-11844,2024-12-27,December,Q4,Smartwatches,Wearables,Boat,14500.0,10,13050.0,1,13050.0,9992.71,3057.29,23.43,Kolkata,East,Online,UPI,No,Enterprise,True
ORD-11845,2024-01-25,January,Q1,Smart TVs,Entertainment,Samsung,179700.0,5,170715.0,1,170715.0,128622.56,42092.44,24.66,Bangalore,South,Corporate,Debit Card,No,Small Business,False
ORD-11846,2024-04-09,April,Q2,Headphones,Audio,Sennheiser,7700.0,10,6930.0,1,6930.0,4861.13,2068.87,29.85,Delhi,North,Online,UPI,No,Student,False
ORD-11847,2024-09-15,September,Q3,Cameras,Imaging,Canon,12600.0,30,8820.0,2,17640.0,18404.1,-764.1,-4.33,Pune,West,Retail Store,EMI,No,Enterprise,False
ORD-11848,2024-07-14,July,Q3,Gaming Consoles,Gaming,Sony,25400.0,30,17780.0,1,17780.0,17291.4,488.6,2.75,Ahmedabad,West,Retail Store,UPI,No,Small Business,False
ORD-11849,2024-01-20,January,Q1,Headphones,Audio,Boat,21100.0,0,21100.0,1,21100.0,12259.8,8840.2,41.9,Jaipur,North,Distributor,EMI,Yes,Small Business,False
ORD-11850,2024-03-23,March,Q1,Routers,Networking,Asus,6900.0,10,6210.0,2,12420.0,8090.04,4329.96,34.86,Pune,West,Retail Store,EMI,No,Small Business,False
ORD-11851,2024-04-12,April,Q2,Tablets,Mobile,Apple,41200.0,5,39140.0,4,156560.0,90947.16,65612.84,41.91,Mumbai,West,Online,Credit Card,Yes,Small Business,False
ORD-11852,2024-04-14,April,Q2,Smartphones,Mobile,Apple,9600.0,5,9120.0,1,9120.0,5766.99,3353.01,36.77,Ahmedabad,West,Retail Store,Debit Card,No,Student,False
ORD-11853,2024-08-21,August,Q3,Smartwatches,Wearables,Apple,20500.0,15,17425.0,1,17425.0,11857.18,5567.82,31.95,Ahmedabad,West,Retail Store,Credit Card,No,Small Business,False
ORD-11854,2024-01-30,January,Q1,Tablets,Mobile,Lenovo,42100.0,5,39995.0,1,39995.0,23626.94,16368.06,40.93,Bangalore,South,Corporate,Debit Card,No,Enterprise,False
ORD-11855,2024-09-06,September,Q3,Tablets,Mobile,Apple,11500.0,10,10350.0,1,10350.0,7973.5,2376.5,22.96,Bangalore,South,Online,Credit Card,No,Individual,False
ORD-11856,2024-02-16,February,Q1,Air Purifiers,Home Tech,Philips,38500.0,25,28875.0,4,115500.0,109249.72,6250.28,5.41,Hyderabad,South,Online,Credit Card,No,Student,False
ORD-11857,2024-05-12,May,Q2,Routers,Networking,D-Link,11200.0,0,11200.0,1,11200.0,8023.0,3177.0,28.37,Ahmedabad,West,Retail Store,Debit Card,No,Enterprise,False
ORD-11858,2024-07-30,July,Q3,Laptops,Computing,Apple,99700.0,20,79760.0,2,159520.0,146986.32,12533.68,7.86,Bangalore,South,Corporate,UPI,No,Small Business,False
ORD-11859,2024-10-01,October,Q4,Air Purifiers,Home Tech,Philips,32600.0,15,27710.0,2,55420.0,44061.14,11358.86,20.5,Pune,West,Retail Store,Cash,No,Enterprise,True
ORD-11860,2024-11-02,November,Q4,Smartphones,Mobile,Vivo,64300.0,10,57870.0,6,347220.0,241918.02,105301.98,30.33,Jaipur,North,Online,UPI,No,Small Business,True
ORD-11861,2024-05-06,May,Q2,Air Purifiers,Home Tech,Philips,27000.0,15,22950.0,2,45900.0,35892.76,10007.24,21.8,Delhi,North,Distributor,UPI,No,Individual,False
ORD-11862,2024-03-02,March,Q1,Routers,Networking,D-Link,14500.0,0,14500.0,4,58000.0,34634.2,23365.8,40.29,Pune,West,Corporate,Debit Card,No,Individual,False
ORD-11863,2024-12-08,December,Q4,Laptops,Computing,Asus,106200.0,30,74340.0,3,223020.0,227759.43,-4739.43,-2.13,Hyderabad,South,Retail Store,EMI,Yes,Small Business,True
ORD-11864,2024-06-29,June,Q2,Laptops,Computing,Apple,117300.0,20,93840.0,1,93840.0,70422.68,23417.32,24.95,Pune,West,Online,Credit Card,No,Individual,False
ORD-11865,2024-09-09,September,Q3,Laptops,Computing,HP,41700.0,15,35445.0,3,106335.0,92457.56999999999,13877.43,13.05,Hyderabad,South,Online,Debit Card,No,Individual,False
ORD-11866,2024-07-03,July,Q3,Headphones,Audio,Boat,4000.0,15,3400.0,2,6800.0,4681.84,2118.16,31.15,Pune,West,Retail Store,UPI,No,Student,False
ORD-11867,2024-04-08,April,Q2,Smart TVs,Entertainment,Sony,143100.0,30,100170.0,3,300510.0,252900.81,47609.19,15.84,Hyderabad,South,Online,Credit Card,No,Individual,False
ORD-11868,2024-06-05,June,Q2,Routers,Networking,D-Link,8100.0,20,6480.0,2,12960.0,11898.74,1061.26,8.19,Mumbai,West,Online,UPI,No,Enterprise,False
ORD-11869,2024-11-10,November,Q4,Cameras,Imaging,Sony,18100.0,30,12670.0,1,12670.0,13122.34,-452.34,-3.57,Chennai,South,Distributor,Credit Card,No,Small Business,True
ORD-11870,2024-07-22,July,Q3,Cameras,Imaging,Nikon,30700.0,20,24560.0,1,24560.0,21435.24,3124.76,12.72,Kolkata,East,Online,UPI,Yes,Student,False
ORD-11871,2024-06-12,June,Q2,Tablets,Mobile,Apple,55600.0,20,44480.0,3,133440.0,96864.45000000001,36575.55,27.41,Kolkata,East,Online,Credit Card,No,Small Business,False
ORD-11872,2024-11-05,November,Q4,Tablets,Mobile,Samsung,42700.0,20,34160.0,1,34160.0,29677.59,4482.41,13.12,Bangalore,South,Online,UPI,No,Student,True
ORD-11873,2024-04-21,April,Q2,Smartphones,Mobile,Apple,50600.0,10,45540.0,2,91080.0,70990.8,20089.2,22.06,Lucknow,North,Retail Store,Credit Card,No,Small Business,False
ORD-11874,2024-11-26,November,Q4,Cameras,Imaging,Nikon,125400.0,25,94050.0,3,282150.0,229230.63,52919.37,18.76,Bangalore,South,Online,Credit Card,No,Enterprise,True
ORD-11875,2024-11-15,November,Q4,Routers,Networking,TP-Link,10000.0,20,8000.0,1,8000.0,6179.28,1820.72,22.76,Chennai,South,Online,UPI,No,Individual,True
ORD-11876,2024-01-23,January,Q1,Headphones,Audio,Apple,13600.0,30,9520.0,1,9520.0,8090.5,1429.5,15.02,Bangalore,South,Online,Debit Card,No,Small Business,False
ORD-11877,2024-02-18,February,Q1,Tablets,Mobile,Samsung,28600.0,10,25740.0,3,77220.0,55964.97,21255.03,27.53,Delhi,North,Retail Store,Credit Card,No,Student,False
ORD-11878,2024-10-01,October,Q4,Air Purifiers,Home Tech,Sharp,15400.0,0,15400.0,2,30800.0,17580.52,13219.48,42.92,Lucknow,North,Online,Credit Card,No,Individual,True
ORD-11879,2024-07-18,July,Q3,Headphones,Audio,JBL,18900.0,30,13230.0,1,13230.0,13558.18,-328.18,-2.48,Mumbai,West,Online,Credit Card,No,Student,False
ORD-11880,2024-08-14,August,Q3,Routers,Networking,D-Link,4400.0,10,3960.0,2,7920.0,5756.58,2163.42,27.32,Kolkata,East,Retail Store,UPI,No,Enterprise,False
ORD-11881,2024-03-01,March,Q1,Gaming Consoles,Gaming,Microsoft,45300.0,5,43035.0,1,43035.0,27598.52,15436.48,35.87,Bangalore,South,Online,UPI,Yes,Small Business,False
ORD-11882,2024-04-01,April,Q2,Laptops,Computing,HP,42400.0,10,38160.0,1,38160.0,29172.7,8987.3,23.55,Mumbai,West,Online,Debit Card,No,Individual,False
ORD-11883,2024-05-24,May,Q2,Air Purifiers,Home Tech,Dyson,8200.0,30,5740.0,1,5740.0,5518.6,221.4,3.86,Bangalore,South,Distributor,Credit Card,No,Enterprise,False
ORD-11884,2024-10-21,October,Q4,Routers,Networking,TP-Link,10100.0,20,8080.0,1,8080.0,6965.58,1114.42,13.79,Delhi,North,Retail Store,UPI,No,Student,True
ORD-11885,2024-08-04,August,Q3,Cameras,Imaging,Canon,112700.0,25,84525.0,3,253575.0,197321.34,56253.66,22.18,Mumbai,West,Online,Credit Card,No,Small Business,False
ORD-11886,2024-10-03,October,Q4,Smartwatches,Wearables,Samsung,25200.0,5,23940.0,2,47880.0,36519.52,11360.48,23.73,Mumbai,West,Online,UPI,No,Enterprise,True
ORD-11887,2024-05-05,May,Q2,Routers,Networking,Netgear,8700.0,0,8700.0,3,26100.0,19237.35,6862.65,26.29,Jaipur,North,Retail Store,Cash,No,Small Business,False
ORD-11888,2024-12-03,December,Q4,Gaming Consoles,Gaming,Nintendo,22200.0,15,18870.0,1,18870.0,13977.6,4892.4,25.93,Kolkata,East,Online,Credit Card,No,Small Business,True
ORD-11889,2024-04-26,April,Q2,Tablets,Mobile,Apple,54100.0,20,43280.0,1,43280.0,36348.86,6931.14,16.01,Kolkata,East,Retail Store,EMI,No,Student,False
ORD-11890,2024-07-27,July,Q3,Laptops,Computing,Apple,56900.0,0,56900.0,1,56900.0,41346.64,15553.36,27.33,Jaipur,North,Corporate,EMI,No,Small Business,False
ORD-11891,2024-07-22,July,Q3,Air Purifiers,Home Tech,Dyson,13700.0,20,10960.0,4,43840.0,33479.56,10360.44,23.63,Delhi,North,Online,UPI,No,Small Business,False
ORD-11892,2024-04-12,April,Q2,Smart TVs,Entertainment,Mi,43200.0,25,32400.0,1,32400.0,28430.48,3969.52,12.25,Jaipur,North,Retail Store,UPI,No,Student,False
ORD-11893,2024-11-03,November,Q4,Laptops,Computing,Apple,70300.0,25,52725.0,6,316350.0,311110.86,5239.14,1.66,Mumbai,West,Retail Store,EMI,No,Individual,True
ORD-11894,2024-11-29,November,Q4,Smartphones,Mobile,Xiaomi,62400.0,25,46800.0,1,46800.0,38940.52,7859.48,16.79,Lucknow,North,Online,Debit Card,Yes,Individual,True
ORD-11895,2024-11-30,November,Q4,Headphones,Audio,Boat,19400.0,20,15520.0,3,46560.0,33493.350000000006,13066.65,28.06,Lucknow,North,Retail Store,Credit Card,No,Individual,True
ORD-11896,2024-06-29,June,Q2,Gaming Consoles,Gaming,Microsoft,40300.0,20,32240.0,1,32240.0,27349.61,4890.39,15.17,Jaipur,North,Retail Store,Credit Card,No,Individual,False
ORD-11897,2024-03-18,March,Q1,Cameras,Imaging,Fujifilm,60300.0,30,42210.0,1,42210.0,37980.0,4230.0,10.02,Kolkata,East,Distributor,Debit Card,No,Individual,False
ORD-11898,2024-03-11,March,Q1,Smartwatches,Wearables,Noise,10400.0,20,8320.0,1,8320.0,6775.04,1544.96,18.57,Lucknow,North,Distributor,UPI,No,Enterprise,False
ORD-11899,2024-12-09,December,Q4,Cameras,Imaging,Canon,116500.0,25,87375.0,1,87375.0,71015.17,16359.83,18.72,Bangalore,South,Retail Store,Debit Card,No,Student,True
ORD-11900,2024-03-14,March,Q1,Gaming Consoles,Gaming,Microsoft,34800.0,10,31320.0,2,62640.0,39155.98,23484.02,37.49,Ahmedabad,West,Retail Store,Credit Card,No,Individual,False
ORD-11901,2024-10-10,October,Q4,Gaming Consoles,Gaming,Microsoft,30700.0,25,23025.0,3,69075.0,59828.729999999996,9246.27,13.39,Jaipur,North,Online,Debit Card,No,Student,True
ORD-11902,2024-05-21,May,Q2,Laptops,Computing,Apple,43400.0,20,34720.0,1,34720.0,30831.21,3888.79,11.2,Hyderabad,South,Online,Credit Card,No,Student,False
ORD-11903,2024-09-22,September,Q3,Smartwatches,Wearables,Samsung,18800.0,20,15040.0,3,45120.0,37070.97,8049.03,17.84,Jaipur,North,Online,Credit Card,No,Individual,False
ORD-11904,2024-05-15,May,Q2,Headphones,Audio,JBL,700.0,20,560.0,2,1120.0,816.66,303.34,27.08,Jaipur,North,Distributor,EMI,No,Small Business,False
ORD-11905,2024-03-01,March,Q1,Smartphones,Mobile,Apple,36700.0,15,31195.0,1,31195.0,20471.88,10723.12,34.37,Kolkata,East,Online,Debit Card,No,Small Business,False
ORD-11906,2024-05-18,May,Q2,Routers,Networking,Asus,6000.0,0,6000.0,1,6000.0,4224.21,1775.79,29.6,Mumbai,West,Retail Store,Credit Card,No,Individual,False
ORD-11907,2024-06-17,June,Q2,Air Purifiers,Home Tech,Xiaomi,28300.0,20,22640.0,1,22640.0,18684.03,3955.97,17.47,Lucknow,North,Retail Store,Credit Card,No,Individual,False
ORD-11908,2024-10-10,October,Q4,Smartwatches,Wearables,Noise,44300.0,5,42085.0,2,84170.0,48988.16,35181.84,41.8,Ahmedabad,West,Distributor,Cash,No,Small Business,True
ORD-11909,2024-01-24,January,Q1,Smartwatches,Wearables,Noise,34600.0,15,29410.0,4,117640.0,78938.44,38701.56,32.9,Lucknow,North,Online,UPI,No,Enterprise,False
ORD-11910,2024-07-17,July,Q3,Headphones,Audio,Sony,14200.0,30,9940.0,1,9940.0,9415.55,524.45,5.28,Ahmedabad,West,Corporate,Debit Card,No,Enterprise,False
ORD-11911,2024-08-09,August,Q3,Air Purifiers,Home Tech,Dyson,22600.0,15,19210.0,1,19210.0,16561.19,2648.81,13.79,Mumbai,West,Retail Store,Credit Card,No,Individual,False
ORD-11912,2024-01-16,January,Q1,Laptops,Computing,HP,65600.0,25,49200.0,1,49200.0,37692.12,11507.88,23.39,Chennai,South,Online,UPI,Yes,Enterprise,False
ORD-11913,2024-03-08,March,Q1,Gaming Consoles,Gaming,Nintendo,52800.0,15,44880.0,2,89760.0,68300.98,21459.02,23.91,Pune,West,Corporate,Debit Card,Yes,Enterprise,False
ORD-11914,2024-03-25,March,Q1,Headphones,Audio,Sony,9800.0,30,6860.0,1,6860.0,6915.11,-55.11,-0.8,Delhi,North,Online,Credit Card,No,Student,False
ORD-11915,2024-03-11,March,Q1,Smartwatches,Wearables,Noise,34900.0,5,33155.0,1,33155.0,25748.81,7406.19,22.34,Bangalore,South,Online,UPI,No,Enterprise,False
ORD-11916,2024-08-13,August,Q3,Smartphones,Mobile,OnePlus,43900.0,15,37315.0,1,37315.0,32053.73,5261.27,14.1,Hyderabad,South,Retail Store,Debit Card,No,Small Business,False
ORD-11917,2024-11-03,November,Q4,Cameras,Imaging,Sony,32200.0,30,22540.0,2,45080.0,46034.28,-954.28,-2.12,Chennai,South,Retail Store,Credit Card,No,Individual,True
ORD-11918,2024-03-11,March,Q1,Headphones,Audio,JBL,18400.0,5,17480.0,2,34960.0,20987.98,13972.02,39.97,Lucknow,North,Online,Debit Card,No,Small Business,False
ORD-11919,2024-02-16,February,Q1,Laptops,Computing,Asus,47500.0,30,33250.0,3,99750.0,96617.64,3132.36,3.14,Ahmedabad,West,Retail Store,Credit Card,No,Small Business,False
ORD-11920,2024-11-12,November,Q4,Smartwatches,Wearables,Boat,15500.0,25,11625.0,1,11625.0,9520.81,2104.19,18.1,Pune,West,Online,Debit Card,No,Enterprise,True
ORD-11921,2024-03-12,March,Q1,Smartwatches,Wearables,Apple,19200.0,20,15360.0,5,76800.0,59091.7,17708.3,23.06,Pune,West,Retail Store,Credit Card,No,Individual,False
ORD-11922,2024-09-27,September,Q3,Smartphones,Mobile,OnePlus,30200.0,0,30200.0,5,151000.0,90851.45000000001,60148.55,39.83,Ahmedabad,West,Online,Credit Card,No,Small Business,False
ORD-11923,2024-07-01,July,Q3,Tablets,Mobile,Lenovo,31900.0,20,25520.0,1,25520.0,22213.88,3306.12,12.96,Hyderabad,South,Online,EMI,No,Enterprise,False
ORD-11924,2024-10-24,October,Q4,Headphones,Audio,Apple,11800.0,10,10620.0,5,53100.0,35864.75,17235.25,32.46,Lucknow,North,Online,Credit Card,No,Individual,True
ORD-11925,2024-04-23,April,Q2,Smart TVs,Entertainment,Sony,113000.0,15,96050.0,2,192100.0,128058.2,64041.8,33.34,Delhi,North,Retail Store,UPI,No,Small Business,False
ORD-11926,2024-08-06,August,Q3,Smartphones,Mobile,Vivo,42200.0,20,33760.0,3,101280.0,92155.29000000001,9124.71,9.01,Jaipur,North,Online,EMI,No,Student,False
ORD-11927,2024-04-10,April,Q2,Smartphones,Mobile,OnePlus,67600.0,15,57460.0,2,114920.0,79334.12,35585.88,30.97,Delhi,North,Online,UPI,No,Student,False
ORD-11928,2024-06-16,June,Q2,Smart TVs,Entertainment,Samsung,149900.0,15,127415.0,2,254830.0,213587.58,41242.42,16.18,Jaipur,North,Online,Credit Card,No,Enterprise,False
ORD-11929,2024-08-05,August,Q3,Air Purifiers,Home Tech,Philips,15200.0,30,10640.0,2,21280.0,19039.62,2240.38,10.53,Delhi,North,Retail Store,Credit Card,No,Small Business,False
ORD-11930,2024-10-30,October,Q4,Cameras,Imaging,Canon,148100.0,5,140695.0,2,281390.0,175344.48,106045.52,37.69,Kolkata,East,Online,Debit Card,No,Student,True
ORD-11931,2024-11-18,November,Q4,Cameras,Imaging,Sony,146000.0,10,131400.0,2,262800.0,163675.24,99124.76,37.72,Lucknow,North,Retail Store,EMI,No,Individual,True
ORD-11932,2024-01-25,January,Q1,Routers,Networking,Asus,7700.0,20,6160.0,2,12320.0,8522.24,3797.76,30.83,Chennai,South,Distributor,Debit Card,No,Individual,False
ORD-11933,2024-12-26,December,Q4,Laptops,Computing,Apple,81500.0,25,61125.0,1,61125.0,53334.7,7790.3,12.74,Hyderabad,South,Online,UPI,No,Enterprise,True
ORD-11934,2024-11-13,November,Q4,Gaming Consoles,Gaming,Nintendo,36000.0,10,32400.0,5,162000.0,114769.45,47230.55,29.15,Jaipur,North,Corporate,Credit Card,No,Student,True
ORD-11935,2024-06-17,June,Q2,Gaming Consoles,Gaming,Microsoft,46400.0,5,44080.0,3,132240.0,102881.28,29358.72,22.2,Delhi,North,Distributor,UPI,No,Student,False
ORD-11936,2024-10-25,October,Q4,Air Purifiers,Home Tech,Dyson,33700.0,10,30330.0,1,30330.0,22099.22,8230.78,27.14,Chennai,South,Retail Store,Cash,No,Individual,True
ORD-11937,2024-08-24,August,Q3,Smartphones,Mobile,OnePlus,62000.0,20,49600.0,3,148800.0,113432.04000000001,35367.96,23.77,Hyderabad,South,Corporate,EMI,No,Small Business,False
ORD-11938,2024-08-05,August,Q3,Air Purifiers,Home Tech,Philips,23300.0,15,19805.0,1,19805.0,17391.32,2413.68,12.19,Delhi,North,Online,Debit Card,No,Small Business,False
ORD-11939,2024-09-27,September,Q3,Routers,Networking,Asus,11500.0,30,8050.0,2,16100.0,15117.32,982.68,6.1,Delhi,North,Retail Store,Debit Card,Yes,Individual,False
ORD-11940,2024-05-20,May,Q2,Smartwatches,Wearables,Boat,2000.0,30,1400.0,1,1400.0,1109.07,290.93,20.78,Lucknow,North,Retail Store,EMI,No,Small Business,False
ORD-11941,2024-02-23,February,Q1,Air Purifiers,Home Tech,Sharp,25200.0,10,22680.0,3,68040.0,46352.22,21687.78,31.88,Jaipur,North,Distributor,Cash,No,Small Business,False
ORD-11942,2024-07-10,July,Q3,Laptops,Computing,Lenovo,95700.0,20,76560.0,2,153120.0,134012.84,19107.16,12.48,Ahmedabad,West,Corporate,UPI,No,Enterprise,False
ORD-11943,2024-04-09,April,Q2,Tablets,Mobile,Huawei,11000.0,25,8250.0,1,8250.0,6317.38,1932.62,23.43,Lucknow,North,Online,Debit Card,No,Small Business,False
ORD-11944,2024-10-20,October,Q4,Air Purifiers,Home Tech,Xiaomi,9700.0,30,6790.0,1,6790.0,5946.39,843.61,12.42,Delhi,North,Online,Credit Card,No,Enterprise,True
ORD-11945,2024-09-30,September,Q3,Laptops,Computing,Apple,93100.0,0,93100.0,1,93100.0,56482.04,36617.96,39.33,Mumbai,West,Distributor,UPI,No,Small Business,False
ORD-11946,2024-07-24,July,Q3,Laptops,Computing,Lenovo,113600.0,30,79520.0,4,318080.0,321444.16,-3364.16,-1.06,Ahmedabad,West,Online,EMI,No,Student,False
ORD-11947,2024-02-10,February,Q1,Smart TVs,Entertainment,Samsung,109300.0,20,87440.0,2,174880.0,137759.24,37120.76,21.23,Chennai,South,Online,UPI,No,Individual,False
ORD-11948,2024-11-16,November,Q4,Smartwatches,Wearables,Boat,15500.0,30,10850.0,2,21700.0,23104.74,-1404.74,-6.47,Kolkata,East,Online,Debit Card,No,Small Business,True
ORD-11949,2024-02-14,February,Q1,Smartwatches,Wearables,Noise,37200.0,5,35340.0,3,106020.0,74432.37,31587.63,29.79,Lucknow,North,Online,Credit Card,No,Individual,False
ORD-11950,2024-07-13,July,Q3,Headphones,Audio,Boat,10100.0,25,7575.0,5,37875.0,33970.8,3904.2,10.31,Bangalore,South,Distributor,Cash,No,Small Business,False
ORD-11951,2024-08-21,August,Q3,Smartphones,Mobile,Apple,47200.0,15,40120.0,3,120360.0,106108.47,14251.53,11.84,Kolkata,East,Retail Store,Credit Card,No,Small Business,False
ORD-11952,2024-09-23,September,Q3,Laptops,Computing,Asus,101700.0,10,91530.0,1,91530.0,57332.11,34197.89,37.36,Kolkata,East,Online,EMI,No,Student,False
ORD-11953,2024-06-14,June,Q2,Smart TVs,Entertainment,Samsung,114100.0,30,79870.0,1,79870.0,77241.44,2628.56,3.29,Hyderabad,South,Retail Store,UPI,Yes,Individual,False
ORD-11954,2024-01-20,January,Q1,Smart TVs,Entertainment,Mi,116200.0,5,110390.0,2,220780.0,150614.48,70165.52,31.78,Chennai,South,Online,UPI,No,Student,False
ORD-11955,2024-03-09,March,Q1,Routers,Networking,TP-Link,4700.0,10,4230.0,2,8460.0,6441.7,2018.3,23.86,Ahmedabad,West,Online,EMI,No,Enterprise,False
ORD-11956,2024-04-18,April,Q2,Smartphones,Mobile,Vivo,37600.0,30,26320.0,2,52640.0,42035.36,10604.64,20.15,Ahmedabad,West,Retail Store,Debit Card,No,Individual,False
ORD-11957,2024-10-18,October,Q4,Tablets,Mobile,Apple,35300.0,30,24710.0,3,74130.0,76421.61,-2291.61,-3.09,Lucknow,North,Retail Store,EMI,No,Enterprise,True
ORD-11958,2024-02-27,February,Q1,Smart TVs,Entertainment,Samsung,114500.0,15,97325.0,1,97325.0,66084.47,31240.53,32.1,Ahmedabad,West,Online,UPI,No,Student,False
ORD-11959,2024-10-10,October,Q4,Routers,Networking,TP-Link,12000.0,30,8400.0,1,8400.0,7520.99,879.01,10.46,Hyderabad,South,Distributor,EMI,No,Enterprise,True
ORD-11960,2024-04-16,April,Q2,Gaming Consoles,Gaming,Nintendo,46600.0,0,46600.0,3,139800.0,91072.92,48727.08,34.85,Chennai,South,Retail Store,Credit Card,No,Small Business,False
ORD-11961,2024-04-29,April,Q2,Smart TVs,Entertainment,OnePlus,67500.0,15,57375.0,2,114750.0,86386.7,28363.3,24.72,Hyderabad,South,Online,Debit Card,No,Individual,False
ORD-11962,2024-06-27,June,Q2,Smart TVs,Entertainment,Mi,167800.0,30,117460.0,2,234920.0,212712.08,22207.92,9.45,Mumbai,West,Online,UPI,No,Enterprise,False
ORD-11963,2024-03-26,March,Q1,Smartphones,Mobile,OnePlus,12900.0,30,9030.0,1,9030.0,7534.6,1495.4,16.56,Chennai,South,Distributor,Debit Card,No,Enterprise,False
ORD-11964,2024-08-18,August,Q3,Air Purifiers,Home Tech,Philips,5300.0,30,3710.0,3,11130.0,9633.81,1496.19,13.44,Mumbai,West,Online,Debit Card,No,Enterprise,False
ORD-11965,2024-02-21,February,Q1,Gaming Consoles,Gaming,Sony,25600.0,10,23040.0,3,69120.0,57566.67,11553.33,16.71,Chennai,South,Distributor,Debit Card,No,Student,False
ORD-11966,2024-11-11,November,Q4,Headphones,Audio,Sony,23900.0,5,22705.0,1,22705.0,13834.27,8870.73,39.07,Hyderabad,South,Retail Store,Credit Card,No,Student,True
ORD-11967,2024-03-18,March,Q1,Cameras,Imaging,Sony,130900.0,20,104720.0,3,314160.0,247940.88,66219.12,21.08,Bangalore,South,Online,UPI,No,Enterprise,False
ORD-11968,2024-03-14,March,Q1,Tablets,Mobile,Lenovo,10700.0,30,7490.0,4,29960.0,31159.04,-1199.04,-4.0,Chennai,South,Online,UPI,No,Individual,False
ORD-11969,2024-01-19,January,Q1,Smart TVs,Entertainment,Samsung,85800.0,15,72930.0,2,145860.0,97785.12,48074.88,32.96,Kolkata,East,Online,Credit Card,No,Student,False
ORD-11970,2024-08-17,August,Q3,Tablets,Mobile,Samsung,56700.0,5,53865.0,1,53865.0,40019.27,13845.73,25.7,Mumbai,West,Retail Store,EMI,No,Student,False
ORD-11971,2024-03-10,March,Q1,Laptops,Computing,Apple,59200.0,15,50320.0,4,201280.0,175631.52,25648.48,12.74,Lucknow,North,Online,Credit Card,No,Enterprise,False
ORD-11972,2024-01-16,January,Q1,Smartphones,Mobile,Samsung,43600.0,5,41420.0,1,41420.0,26888.45,14531.55,35.08,Lucknow,North,Corporate,UPI,No,Student,False
ORD-11973,2024-02-15,February,Q1,Smart TVs,Entertainment,Sony,136100.0,5,129295.0,1,129295.0,79216.94,50078.06,38.73,Delhi,North,Online,EMI,No,Student,False
ORD-11974,2024-02-08,February,Q1,Cameras,Imaging,Fujifilm,28200.0,0,28200.0,3,84600.0,46952.19,37647.81,44.5,Hyderabad,South,Online,Cash,No,Student,False
ORD-11975,2024-02-27,February,Q1,Air Purifiers,Home Tech,Dyson,24900.0,20,19920.0,1,19920.0,17717.56,2202.44,11.06,Delhi,North,Retail Store,UPI,No,Small Business,False
ORD-11976,2024-07-27,July,Q3,Smartphones,Mobile,Apple,67400.0,30,47180.0,4,188720.0,164538.72,24181.28,12.81,Bangalore,South,Online,UPI,No,Individual,False
ORD-11977,2024-03-14,March,Q1,Smartwatches,Wearables,Samsung,10800.0,20,8640.0,3,25920.0,19568.82,6351.18,24.5,Delhi,North,Online,Debit Card,Yes,Individual,False
ORD-11978,2024-10-25,October,Q4,Headphones,Audio,JBL,18700.0,15,15895.0,1,15895.0,13268.91,2626.09,16.52,Ahmedabad,West,Distributor,Credit Card,No,Small Business,True
ORD-11979,2024-08-03,August,Q3,Smartwatches,Wearables,Garmin,5600.0,5,5320.0,2,10640.0,7213.52,3426.48,32.2,Delhi,North,Retail Store,Debit Card,No,Individual,False
ORD-11980,2024-12-12,December,Q4,Tablets,Mobile,Lenovo,57400.0,30,40180.0,3,120540.0,118543.92,1996.08,1.66,Lucknow,North,Retail Store,UPI,No,Individual,True
ORD-11981,2024-02-24,February,Q1,Gaming Consoles,Gaming,Nintendo,23900.0,20,19120.0,2,38240.0,31848.58,6391.42,16.71,Delhi,North,Online,Credit Card,No,Enterprise,False
ORD-11982,2024-11-06,November,Q4,Routers,Networking,D-Link,4600.0,20,3680.0,1,3680.0,2923.72,756.28,20.55,Jaipur,North,Retail Store,UPI,No,Individual,True
ORD-11983,2024-01-05,January,Q1,Routers,Networking,Asus,5400.0,10,4860.0,4,19440.0,11982.12,7457.88,38.36,Chennai,South,Retail Store,Debit Card,Yes,Individual,False
ORD-11984,2024-10-19,October,Q4,Smartphones,Mobile,Xiaomi,29000.0,30,20300.0,1,20300.0,19240.07,1059.93,5.22,Delhi,North,Retail Store,UPI,No,Small Business,True
ORD-11985,2024-07-20,July,Q3,Gaming Consoles,Gaming,Nintendo,41900.0,30,29330.0,1,29330.0,24699.05,4630.95,15.79,Pune,West,Corporate,UPI,No,Student,False
ORD-11986,2024-05-18,May,Q2,Air Purifiers,Home Tech,Dyson,22600.0,0,22600.0,1,22600.0,13442.49,9157.51,40.52,Jaipur,North,Retail Store,UPI,No,Individual,False
ORD-11987,2024-03-27,March,Q1,Laptops,Computing,HP,43900.0,25,32925.0,3,98775.0,85385.52,13389.48,13.56,Bangalore,South,Distributor,Credit Card,No,Small Business,False
ORD-11988,2024-04-21,April,Q2,Smartphones,Mobile,Samsung,9500.0,20,7600.0,1,7600.0,6211.09,1388.91,18.28,Chennai,South,Distributor,Debit Card,Yes,Student,False
ORD-11989,2024-05-02,May,Q2,Gaming Consoles,Gaming,Sony,41400.0,0,41400.0,1,41400.0,27043.79,14356.21,34.68,Lucknow,North,Distributor,Debit Card,No,Enterprise,False
ORD-11990,2024-03-01,March,Q1,Cameras,Imaging,Canon,11300.0,30,7910.0,1,7910.0,8136.89,-226.89,-2.87,Kolkata,East,Retail Store,Debit Card,No,Small Business,False
ORD-11991,2024-03-12,March,Q1,Air Purifiers,Home Tech,Philips,37700.0,25,28275.0,1,28275.0,27005.79,1269.21,4.49,Jaipur,North,Corporate,Debit Card,No,Individual,False
ORD-11992,2024-07-17,July,Q3,Smartphones,Mobile,Vivo,65300.0,10,58770.0,2,117540.0,79671.26,37868.74,32.22,Delhi,North,Corporate,EMI,No,Student,False
ORD-11993,2024-05-12,May,Q2,Cameras,Imaging,Nikon,13800.0,0,13800.0,3,41400.0,30398.850000000002,11001.15,26.57,Lucknow,North,Retail Store,Debit Card,No,Individual,False
ORD-11994,2024-02-19,February,Q1,Smart TVs,Entertainment,OnePlus,30300.0,0,30300.0,4,121200.0,79347.0,41853.0,34.53,Delhi,North,Online,Debit Card,No,Enterprise,False
ORD-11995,2024-12-21,December,Q4,Headphones,Audio,JBL,12800.0,30,8960.0,3,26880.0,25523.19,1356.81,5.05,Hyderabad,South,Online,UPI,No,Individual,True
ORD-11996,2024-02-05,February,Q1,Smartwatches,Wearables,Samsung,15600.0,5,14820.0,4,59280.0,37786.12,21493.88,36.26,Kolkata,East,Online,Credit Card,Yes,Enterprise,False
ORD-11997,2024-05-25,May,Q2,Gaming Consoles,Gaming,Nintendo,29600.0,15,25160.0,1,25160.0,18837.1,6322.9,25.13,Bangalore,South,Retail Store,UPI,No,Enterprise,False
ORD-11998,2024-11-25,November,Q4,Smartphones,Mobile,Apple,58900.0,20,47120.0,2,94240.0,86235.48,8004.52,8.49,Jaipur,North,Online,UPI,No,Student,True
ORD-11999,2024-11-01,November,Q4,Headphones,Audio,Sony,4200.0,15,3570.0,1,3570.0,2428.22,1141.78,31.98,Jaipur,North,Online,EMI,No,Enterprise,True
ORD-12000,2024-03-10,March,Q1,Air Purifiers,Home Tech,Philips,32600.0,10,29340.0,1,29340.0,22084.37,7255.63,24.73,Chennai,South,Retail Store,UPI,Yes,Enterprise,False
ORD-12001,2024-08-20,August,Q3,Smartphones,Mobile,Samsung,29200.0,5,27740.0,4,110960.0,78717.48,32242.52,29.06,Jaipur,North,Corporate,Debit Card,No,Individual,False
ORD-12002,2024-12-17,December,Q4,Cameras,Imaging,Canon,97200.0,30,68040.0,2,136080.0,131474.54,4605.46,3.38,Pune,West,Online,UPI,No,Student,True
ORD-12003,2024-02-28,February,Q1,Smartphones,Mobile,Samsung,41500.0,5,39425.0,1,39425.0,24643.23,14781.77,37.49,Hyderabad,South,Retail Store,UPI,No,Small Business,False
ORD-12004,2024-09-24,September,Q3,Tablets,Mobile,Huawei,14300.0,0,14300.0,3,42900.0,29801.82,13098.18,30.53,Bangalore,South,Online,Cash,No,Student,False
ORD-12005,2024-02-05,February,Q1,Smartwatches,Wearables,Apple,6900.0,25,5175.0,1,5175.0,5043.14,131.86,2.55,Jaipur,North,Retail Store,UPI,No,Student,False
ORD-12006,2024-06-15,June,Q2,Smart TVs,Entertainment,Samsung,72700.0,25,54525.0,1,54525.0,40653.89,13871.11,25.44,Hyderabad,South,Retail Store,EMI,Yes,Student,False
ORD-12007,2024-04-22,April,Q2,Headphones,Audio,Sennheiser,20700.0,0,20700.0,2,41400.0,23656.54,17743.46,42.86,Delhi,North,Online,UPI,No,Small Business,False
ORD-12008,2024-06-07,June,Q2,Air Purifiers,Home Tech,Philips,14100.0,10,12690.0,1,12690.0,9329.5,3360.5,26.48,Kolkata,East,Online,Net Banking,No,Small Business,False
ORD-12009,2024-06-11,June,Q2,Laptops,Computing,HP,103500.0,25,77625.0,1,77625.0,76646.18,978.82,1.26,Kolkata,East,Retail Store,UPI,No,Student,False
ORD-12010,2024-12-26,December,Q4,Cameras,Imaging,Sony,140300.0,30,98210.0,6,589260.0,530365.86,58894.14,9.99,Bangalore,South,Distributor,UPI,No,Student,True
ORD-12011,2024-07-28,July,Q3,Routers,Networking,D-Link,8100.0,30,5670.0,2,11340.0,9783.38,1556.62,13.73,Lucknow,North,Online,Credit Card,No,Small Business,False
ORD-12012,2024-10-23,October,Q4,Smartphones,Mobile,Apple,34000.0,0,34000.0,3,102000.0,64520.729999999996,37479.27,36.74,Delhi,North,Distributor,Credit Card,No,Enterprise,True
ORD-12013,2024-03-15,March,Q1,Tablets,Mobile,Apple,25700.0,10,23130.0,1,23130.0,18307.11,4822.89,20.85,Hyderabad,South,Online,Debit Card,No,Student,False
ORD-12014,2024-10-07,October,Q4,Tablets,Mobile,Samsung,17500.0,10,15750.0,2,31500.0,24784.4,6715.6,21.32,Kolkata,East,Distributor,Debit Card,No,Small Business,True
ORD-12015,2024-07-01,July,Q3,Headphones,Audio,Apple,19700.0,0,19700.0,1,19700.0,14656.39,5043.61,25.6,Hyderabad,South,Distributor,Debit Card,No,Individual,False
ORD-12016,2024-02-21,February,Q1,Gaming Consoles,Gaming,Microsoft,47100.0,20,37680.0,3,113040.0,93270.18000000001,19769.82,17.49,Jaipur,North,Online,UPI,No,Student,False
ORD-12017,2024-04-29,April,Q2,Headphones,Audio,Boat,8800.0,20,7040.0,2,14080.0,12457.12,1622.88,11.53,Jaipur,North,Distributor,Credit Card,No,Individual,False
ORD-12018,2024-09-27,September,Q3,Routers,Networking,Asus,9200.0,15,7820.0,1,7820.0,6047.79,1772.21,22.66,Kolkata,East,Retail Store,EMI,No,Individual,False
ORD-12019,2024-02-21,February,Q1,Smartphones,Mobile,Apple,14600.0,30,10220.0,2,20440.0,21188.46,-748.46,-3.66,Hyderabad,South,Online,Debit Card,No,Small Business,False
ORD-12020,2024-05-06,May,Q2,Smartphones,Mobile,Samsung,59000.0,0,59000.0,1,59000.0,36119.27,22880.73,38.78,Jaipur,North,Retail Store,EMI,No,Small Business,False
ORD-12021,2024-02-21,February,Q1,Routers,Networking,D-Link,1700.0,0,1700.0,2,3400.0,2007.8,1392.2,40.95,Mumbai,West,Corporate,UPI,No,Individual,False
ORD-12022,2024-02-11,February,Q1,Laptops,Computing,Lenovo,28100.0,0,28100.0,5,140500.0,83171.95,57328.05,40.8,Ahmedabad,West,Distributor,UPI,No,Student,False
ORD-12023,2024-02-20,February,Q1,Gaming Consoles,Gaming,Microsoft,46700.0,20,37360.0,3,112080.0,88681.65,23398.35,20.88,Delhi,North,Distributor,EMI,No,Small Business,False
ORD-12024,2024-06-30,June,Q2,Gaming Consoles,Gaming,Sony,45300.0,10,40770.0,3,122310.0,77422.83,44887.17,36.7,Hyderabad,South,Distributor,Debit Card,No,Enterprise,False
ORD-12025,2024-07-05,July,Q3,Smartphones,Mobile,Samsung,13500.0,15,11475.0,2,22950.0,16689.92,6260.08,27.28,Pune,West,Retail Store,Debit Card,No,Small Business,False
ORD-12026,2024-10-12,October,Q4,Routers,Networking,D-Link,8300.0,0,8300.0,2,16600.0,10695.96,5904.04,35.57,Ahmedabad,West,Retail Store,UPI,No,Individual,True
ORD-12027,2024-07-31,July,Q3,Laptops,Computing,Asus,27600.0,25,20700.0,1,20700.0,18006.16,2693.84,13.01,Lucknow,North,Retail Store,EMI,No,Small Business,False
ORD-12028,2024-12-12,December,Q4,Gaming Consoles,Gaming,Nintendo,42200.0,15,35870.0,2,71740.0,50662.18,21077.82,29.38,Ahmedabad,West,Distributor,Credit Card,No,Small Business,True
ORD-12029,2024-01-21,January,Q1,Air Purifiers,Home Tech,Sharp,24600.0,0,24600.0,1,24600.0,17956.38,6643.62,27.01,Mumbai,West,Online,UPI,No,Enterprise,False
ORD-12030,2024-06-29,June,Q2,Air Purifiers,Home Tech,Dyson,5500.0,25,4125.0,1,4125.0,3307.58,817.42,19.82,Hyderabad,South,Online,EMI,No,Student,False
ORD-12031,2024-04-05,April,Q2,Tablets,Mobile,Samsung,29500.0,0,29500.0,2,59000.0,41764.24,17235.76,29.21,Kolkata,East,Retail Store,EMI,No,Student,False
ORD-12032,2024-05-12,May,Q2,Cameras,Imaging,Fujifilm,10800.0,30,7560.0,2,15120.0,13791.54,1328.46,8.79,Pune,West,Online,Debit Card,No,Enterprise,False
ORD-12033,2024-12-22,December,Q4,Tablets,Mobile,Samsung,26100.0,25,19575.0,1,19575.0,14957.6,4617.4,23.59,Kolkata,East,Distributor,EMI,No,Individual,True
ORD-12034,2024-09-02,September,Q3,Smartphones,Mobile,Apple,22200.0,0,22200.0,2,44400.0,33115.52,11284.48,25.42,Jaipur,North,Distributor,EMI,No,Small Business,False
ORD-12035,2024-12-25,December,Q4,Laptops,Computing,Apple,76100.0,5,72295.0,1,72295.0,50650.44,21644.56,29.94,Hyderabad,South,Retail Store,UPI,No,Individual,True
ORD-12036,2024-01-06,January,Q1,Headphones,Audio,Sony,18600.0,20,14880.0,2,29760.0,26481.7,3278.3,11.02,Delhi,North,Distributor,Credit Card,No,Small Business,False
ORD-12037,2024-02-21,February,Q1,Smartwatches,Wearables,Apple,17900.0,25,13425.0,1,13425.0,11150.73,2274.27,16.94,Jaipur,North,Corporate,Debit Card,No,Small Business,False
ORD-12038,2024-04-28,April,Q2,Gaming Consoles,Gaming,Microsoft,28100.0,20,22480.0,1,22480.0,15964.82,6515.18,28.98,Mumbai,West,Online,EMI,No,Enterprise,False
ORD-12039,2024-09-12,September,Q3,Cameras,Imaging,Sony,117200.0,5,111340.0,3,334020.0,227877.87,106142.13,31.78,Lucknow,North,Distributor,EMI,No,Student,False
ORD-12040,2024-05-06,May,Q2,Routers,Networking,Asus,5500.0,30,3850.0,2,7700.0,8061.66,-361.66,-4.7,Delhi,North,Online,EMI,No,Student,False
ORD-12041,2024-06-17,June,Q2,Laptops,Computing,HP,47200.0,10,42480.0,1,42480.0,33182.33,9297.67,21.89,Ahmedabad,West,Retail Store,Credit Card,No,Student,False
ORD-12042,2024-11-23,November,Q4,Smartphones,Mobile,Vivo,41300.0,5,39235.0,1,39235.0,28780.75,10454.25,26.65,Mumbai,West,Online,EMI,No,Enterprise,True
ORD-12043,2024-05-23,May,Q2,Cameras,Imaging,Fujifilm,74500.0,0,74500.0,2,149000.0,92621.48,56378.52,37.84,Ahmedabad,West,Online,Credit Card,No,Student,False
ORD-12044,2024-03-03,March,Q1,Smartwatches,Wearables,Noise,36500.0,30,25550.0,3,76650.0,74511.20999999999,2138.79,2.79,Jaipur,North,Corporate,EMI,No,Individual,False
ORD-12045,2024-04-20,April,Q2,Laptops,Computing,Asus,55200.0,5,52440.0,3,157320.0,108636.12,48683.88,30.95,Bangalore,South,Distributor,UPI,No,Enterprise,False
ORD-12046,2024-09-14,September,Q3,Smartwatches,Wearables,Noise,30700.0,15,26095.0,1,26095.0,17190.84,8904.16,34.12,Lucknow,North,Online,UPI,No,Student,False
ORD-12047,2024-03-16,March,Q1,Air Purifiers,Home Tech,Philips,24400.0,30,17080.0,1,17080.0,14885.26,2194.74,12.85,Mumbai,West,Retail Store,Credit Card,No,Student,False
ORD-12048,2024-11-30,November,Q4,Cameras,Imaging,Nikon,28400.0,0,28400.0,1,28400.0,20502.91,7897.09,27.81,Chennai,South,Corporate,UPI,No,Student,True
ORD-12049,2024-08-31,August,Q3,Cameras,Imaging,Nikon,58900.0,5,55955.0,4,223820.0,139846.88,83973.12,37.52,Jaipur,North,Retail Store,Credit Card,No,Individual,False
ORD-12050,2024-07-27,July,Q3,Smartphones,Mobile,OnePlus,45200.0,20,36160.0,1,36160.0,33842.58,2317.42,6.41,Lucknow,North,Retail Store,UPI,No,Enterprise,False
ORD-12051,2024-04-30,April,Q2,Headphones,Audio,Sony,9000.0,0,9000.0,3,27000.0,18561.449999999997,8438.55,31.25,Lucknow,North,Distributor,Credit Card,No,Individual,False
ORD-12052,2024-06-16,June,Q2,Gaming Consoles,Gaming,Microsoft,35000.0,10,31500.0,1,31500.0,24685.58,6814.42,21.63,Pune,West,Online,Debit Card,No,Student,False
ORD-12053,2024-01-30,January,Q1,Air Purifiers,Home Tech,Sharp,22500.0,10,20250.0,1,20250.0,13924.18,6325.82,31.24,Bangalore,South,Retail Store,UPI,No,Individual,False
ORD-12054,2024-05-03,May,Q2,Routers,Networking,Asus,3100.0,5,2945.0,3,8835.0,6001.950000000001,2833.05,32.07,Kolkata,East,Retail Store,UPI,No,Small Business,False
ORD-12055,2024-01-31,January,Q1,Tablets,Mobile,Apple,57200.0,5,54340.0,1,54340.0,36975.74,17364.26,31.95,Delhi,North,Distributor,EMI,No,Student,False
ORD-12056,2024-08-06,August,Q3,Gaming Consoles,Gaming,Sony,53900.0,0,53900.0,2,107800.0,68408.46,39391.54,36.54,Mumbai,West,Distributor,UPI,No,Enterprise,False
ORD-12057,2024-02-28,February,Q1,Headphones,Audio,JBL,21000.0,15,17850.0,4,71400.0,55895.68,15504.32,21.71,Chennai,South,Online,UPI,No,Student,False
ORD-12058,2024-10-23,October,Q4,Smartphones,Mobile,Apple,50100.0,30,35070.0,1,35070.0,29350.3,5719.7,16.31,Mumbai,West,Distributor,Debit Card,Yes,Individual,True
ORD-12059,2024-02-18,February,Q1,Headphones,Audio,Boat,17100.0,10,15390.0,1,15390.0,11099.46,4290.54,27.88,Delhi,North,Online,Credit Card,No,Student,False
ORD-12060,2024-08-25,August,Q3,Smartphones,Mobile,Apple,66000.0,0,66000.0,1,66000.0,41580.82,24419.18,37.0,Chennai,South,Retail Store,EMI,No,Individual,False
ORD-12061,2024-01-17,January,Q1,Headphones,Audio,Apple,5400.0,5,5130.0,2,10260.0,6832.66,3427.34,33.4,Ahmedabad,West,Online,Cash,No,Small Business,False
ORD-12062,2024-02-27,February,Q1,Air Purifiers,Home Tech,Philips,24700.0,30,17290.0,1,17290.0,15776.39,1513.61,8.75,Chennai,South,Corporate,UPI,No,Individual,False
ORD-12063,2024-07-22,July,Q3,Smartwatches,Wearables,Garmin,4100.0,10,3690.0,1,3690.0,2759.94,930.06,25.2,Lucknow,North,Distributor,Debit Card,No,Small Business,False
ORD-12064,2024-11-05,November,Q4,Smart TVs,Entertainment,LG,100500.0,5,95475.0,1,95475.0,75200.26,20274.74,21.24,Ahmedabad,West,Online,EMI,No,Individual,True
ORD-12065,2024-07-17,July,Q3,Smart TVs,Entertainment,Samsung,135700.0,10,122130.0,3,366390.0,303284.64,63105.36,17.22,Lucknow,North,Distributor,UPI,No,Student,False
ORD-12066,2024-08-19,August,Q3,Cameras,Imaging,Sony,125000.0,15,106250.0,1,106250.0,90325.32,15924.68,14.99,Jaipur,North,Retail Store,Credit Card,No,Student,False
ORD-12067,2024-05-15,May,Q2,Gaming Consoles,Gaming,Nintendo,41900.0,10,37710.0,1,37710.0,23241.05,14468.95,38.37,Mumbai,West,Retail Store,Credit Card,No,Individual,False
ORD-12068,2024-08-02,August,Q3,Air Purifiers,Home Tech,Xiaomi,31400.0,30,21980.0,3,65940.0,68220.33,-2280.33,-3.46,Bangalore,South,Online,UPI,No,Individual,False
ORD-12069,2024-10-16,October,Q4,Tablets,Mobile,Samsung,18300.0,30,12810.0,1,12810.0,10349.58,2460.42,19.21,Pune,West,Distributor,Cash,No,Small Business,True
ORD-12070,2024-11-13,November,Q4,Smartphones,Mobile,OnePlus,26700.0,20,21360.0,2,42720.0,39130.12,3589.88,8.4,Lucknow,North,Online,EMI,No,Small Business,True
ORD-12071,2024-05-06,May,Q2,Smart TVs,Entertainment,LG,16200.0,5,15390.0,1,15390.0,9702.76,5687.24,36.95,Delhi,North,Online,EMI,No,Enterprise,False
ORD-12072,2024-06-25,June,Q2,Smartphones,Mobile,Samsung,52500.0,25,39375.0,1,39375.0,31250.54,8124.46,20.63,Pune,West,Online,EMI,No,Individual,False
ORD-12073,2024-04-25,April,Q2,Cameras,Imaging,Sony,106700.0,5,101365.0,3,304095.0,215989.5,88105.5,28.97,Chennai,South,Online,UPI,No,Student,False
ORD-12074,2024-03-24,March,Q1,Gaming Consoles,Gaming,Microsoft,24600.0,30,17220.0,1,17220.0,16174.03,1045.97,6.07,Pune,West,Retail Store,Debit Card,Yes,Small Business,False
ORD-12075,2024-03-03,March,Q1,Tablets,Mobile,Lenovo,47600.0,0,47600.0,4,190400.0,110877.24,79522.76,41.77,Lucknow,North,Online,EMI,No,Student,False
ORD-12076,2024-06-09,June,Q2,Gaming Consoles,Gaming,Nintendo,41500.0,0,41500.0,1,41500.0,23803.61,17696.39,42.64,Chennai,South,Corporate,Credit Card,No,Student,False
ORD-12077,2024-06-07,June,Q2,Gaming Consoles,Gaming,Microsoft,29700.0,0,29700.0,1,29700.0,21719.1,7980.9,26.87,Kolkata,East,Online,EMI,No,Individual,False
ORD-12078,2024-10-16,October,Q4,Smart TVs,Entertainment,OnePlus,78300.0,30,54810.0,5,274050.0,222981.85,51068.15,18.63,Bangalore,South,Online,Credit Card,No,Individual,True
ORD-12079,2024-09-03,September,Q3,Smartwatches,Wearables,Samsung,32900.0,5,31255.0,2,62510.0,48615.06,13894.94,22.23,Hyderabad,South,Retail Store,UPI,No,Student,False
ORD-12080,2024-05-08,May,Q2,Cameras,Imaging,Canon,135400.0,5,128630.0,1,128630.0,93459.02,35170.98,27.34,Lucknow,North,Retail Store,Credit Card,No,Individual,False
ORD-12081,2024-01-03,January,Q1,Gaming Consoles,Gaming,Nintendo,25500.0,25,19125.0,1,19125.0,18509.73,615.27,3.22,Hyderabad,South,Online,UPI,No,Small Business,False
ORD-12082,2024-12-27,December,Q4,Laptops,Computing,Dell,58600.0,5,55670.0,2,111340.0,84619.8,26720.2,24.0,Pune,West,Online,UPI,No,Small Business,True
ORD-12083,2024-02-21,February,Q1,Gaming Consoles,Gaming,Nintendo,23700.0,5,22515.0,1,22515.0,16192.74,6322.26,28.08,Mumbai,West,Retail Store,Credit Card,No,Student,False
ORD-12084,2024-11-22,November,Q4,Tablets,Mobile,Lenovo,33300.0,5,31635.0,2,63270.0,41616.5,21653.5,34.22,Hyderabad,South,Distributor,UPI,No,Small Business,True
ORD-12085,2024-12-28,December,Q4,Headphones,Audio,JBL,17700.0,20,14160.0,2,28320.0,25071.82,3248.18,11.47,Lucknow,North,Online,Cash,No,Student,True
ORD-12086,2024-09-09,September,Q3,Smartphones,Mobile,Xiaomi,43500.0,15,36975.0,1,36975.0,31141.78,5833.22,15.78,Chennai,South,Corporate,EMI,No,Student,False
ORD-12087,2024-06-30,June,Q2,Laptops,Computing,Lenovo,107900.0,0,107900.0,1,107900.0,62925.75,44974.25,41.68,Ahmedabad,West,Retail Store,Debit Card,Yes,Enterprise,False
ORD-12088,2024-01-30,January,Q1,Routers,Networking,Asus,9900.0,30,6930.0,5,34650.0,34990.45,-340.45,-0.98,Jaipur,North,Retail Store,EMI,No,Enterprise,False
ORD-12089,2024-12-24,December,Q4,Cameras,Imaging,Fujifilm,27200.0,30,19040.0,1,19040.0,15895.14,3144.86,16.52,Jaipur,North,Online,Credit Card,No,Small Business,True
ORD-12090,2024-07-04,July,Q3,Headphones,Audio,Boat,21600.0,25,16200.0,6,97200.0,93957.29999999999,3242.7,3.34,Pune,West,Online,Debit Card,No,Small Business,False
ORD-12091,2024-03-29,March,Q1,Tablets,Mobile,Lenovo,10400.0,0,10400.0,4,41600.0,27316.92,14283.08,34.33,Pune,West,Retail Store,Debit Card,No,Small Business,False
ORD-12092,2024-06-02,June,Q2,Air Purifiers,Home Tech,Philips,24300.0,5,23085.0,1,23085.0,16227.45,6857.55,29.71,Hyderabad,South,Distributor,Debit Card,No,Small Business,False
ORD-12093,2024-03-24,March,Q1,Smart TVs,Entertainment,Samsung,31100.0,20,24880.0,1,24880.0,20671.53,4208.47,16.92,Lucknow,North,Online,UPI,No,Student,False
ORD-12094,2024-07-20,July,Q3,Tablets,Mobile,Huawei,12000.0,15,10200.0,1,10200.0,7556.4,2643.6,25.92,Hyderabad,South,Corporate,EMI,No,Individual,False
ORD-12095,2024-10-24,October,Q4,Smartwatches,Wearables,Noise,9900.0,0,9900.0,3,29700.0,19169.64,10530.36,35.46,Hyderabad,South,Retail Store,UPI,No,Individual,True
ORD-12096,2024-01-26,January,Q1,Laptops,Computing,Apple,45900.0,10,41310.0,2,82620.0,64498.96,18121.04,21.93,Jaipur,North,Retail Store,UPI,No,Student,False
ORD-12097,2024-02-17,February,Q1,Laptops,Computing,Apple,46100.0,30,32270.0,1,32270.0,25408.37,6861.63,21.26,Mumbai,West,Retail Store,UPI,No,Student,False
ORD-12098,2024-09-05,September,Q3,Smartphones,Mobile,OnePlus,36800.0,15,31280.0,4,125120.0,84224.8,40895.2,32.68,Kolkata,East,Distributor,UPI,Yes,Small Business,False
ORD-12099,2024-07-19,July,Q3,Headphones,Audio,Boat,17900.0,25,13425.0,2,26850.0,26416.06,433.94,1.62,Mumbai,West,Online,Credit Card,No,Small Business,False
ORD-12100,2024-05-18,May,Q2,Cameras,Imaging,Canon,71100.0,15,60435.0,1,60435.0,48476.47,11958.53,19.79,Chennai,South,Retail Store,UPI,No,Small Business,False
ORD-12101,2024-07-29,July,Q3,Laptops,Computing,Dell,86100.0,30,60270.0,3,180810.0,173950.5,6859.5,3.79,Hyderabad,South,Retail Store,Net Banking,No,Small Business,False
ORD-12102,2024-02-20,February,Q1,Cameras,Imaging,Sony,47200.0,30,33040.0,2,66080.0,57351.88,8728.12,13.21,Chennai,South,Retail Store,Credit Card,No,Student,False
ORD-12103,2024-09-24,September,Q3,Smartwatches,Wearables,Noise,42900.0,30,30030.0,4,120120.0,95466.08,24653.92,20.52,Chennai,South,Distributor,Debit Card,No,Individual,False
ORD-12104,2024-05-22,May,Q2,Cameras,Imaging,Canon,75200.0,30,52640.0,3,157920.0,139428.96,18491.04,11.71,Jaipur,North,Retail Store,UPI,No,Student,False
ORD-12105,2024-11-13,November,Q4,Gaming Consoles,Gaming,Nintendo,26600.0,10,23940.0,1,23940.0,18339.81,5600.19,23.39,Mumbai,West,Distributor,UPI,No,Enterprise,True
ORD-12106,2024-05-16,May,Q2,Headphones,Audio,Sony,19300.0,5,18335.0,3,55005.0,34381.29,20623.71,37.49,Pune,West,Retail Store,Credit Card,No,Student,False
ORD-12107,2024-10-20,October,Q4,Headphones,Audio,Sennheiser,14500.0,0,14500.0,1,14500.0,8454.97,6045.03,41.69,Hyderabad,South,Distributor,Credit Card,No,Small Business,True
ORD-12108,2024-08-02,August,Q3,Routers,Networking,TP-Link,4900.0,15,4165.0,3,12495.0,8593.5,3901.5,31.22,Jaipur,North,Retail Store,Debit Card,No,Individual,False
ORD-12109,2024-01-02,January,Q1,Gaming Consoles,Gaming,Microsoft,27900.0,30,19530.0,3,58590.0,51680.009999999995,6909.99,11.79,Pune,West,Retail Store,Cash,No,Student,False
ORD-12110,2024-05-22,May,Q2,Smart TVs,Entertainment,Samsung,159300.0,20,127440.0,1,127440.0,88124.87,39315.13,30.85,Mumbai,West,Retail Store,UPI,No,Enterprise,False
ORD-12111,2024-12-10,December,Q4,Cameras,Imaging,Canon,51300.0,30,35910.0,3,107730.0,104576.40000000001,3153.6,2.93,Kolkata,East,Retail Store,UPI,No,Enterprise,True
ORD-12112,2024-05-21,May,Q2,Smart TVs,Entertainment,OnePlus,24500.0,25,18375.0,1,18375.0,15313.36,3061.64,16.66,Jaipur,North,Distributor,EMI,Yes,Enterprise,False
ORD-12113,2024-07-31,July,Q3,Headphones,Audio,Sennheiser,21300.0,5,20235.0,4,80940.0,58437.6,22502.4,27.8,Kolkata,East,Distributor,Credit Card,Yes,Individual,False
ORD-12114,2024-07-07,July,Q3,Headphones,Audio,Sony,13200.0,30,9240.0,3,27720.0,25878.840000000004,1841.16,6.64,Lucknow,North,Retail Store,Cash,No,Student,False
ORD-12115,2024-12-22,December,Q4,Tablets,Mobile,Samsung,10600.0,20,8480.0,1,8480.0,6483.1,1996.9,23.55,Mumbai,West,Retail Store,Debit Card,No,Student,True
ORD-12116,2024-01-11,January,Q1,Headphones,Audio,Boat,9400.0,30,6580.0,2,13160.0,13657.46,-497.46,-3.78,Mumbai,West,Online,UPI,No,Student,False
ORD-12117,2024-05-16,May,Q2,Cameras,Imaging,Nikon,38000.0,15,32300.0,1,32300.0,24571.16,7728.84,23.93,Ahmedabad,West,Retail Store,UPI,No,Individual,False
ORD-12118,2024-10-07,October,Q4,Tablets,Mobile,Apple,46700.0,15,39695.0,1,39695.0,29517.32,10177.68,25.64,Ahmedabad,West,Corporate,Debit Card,No,Individual,True
ORD-12119,2024-09-19,September,Q3,Air Purifiers,Home Tech,Sharp,16500.0,20,13200.0,3,39600.0,34748.28,4851.72,12.25,Lucknow,North,Distributor,UPI,No,Small Business,False
ORD-12120,2024-10-20,October,Q4,Cameras,Imaging,Nikon,51300.0,30,35910.0,1,35910.0,29950.58,5959.42,16.6,Jaipur,North,Retail Store,EMI,No,Student,True
ORD-12121,2024-07-23,July,Q3,Smartphones,Mobile,OnePlus,65500.0,25,49125.0,1,49125.0,40251.75,8873.25,18.06,Mumbai,West,Distributor,Debit Card,No,Small Business,False
ORD-12122,2024-03-01,March,Q1,Air Purifiers,Home Tech,Dyson,14200.0,30,9940.0,1,9940.0,9403.34,536.66,5.4,Delhi,North,Retail Store,Credit Card,No,Individual,False
ORD-12123,2024-07-27,July,Q3,Cameras,Imaging,Nikon,34500.0,0,34500.0,4,138000.0,96946.0,41054.0,29.75,Kolkata,East,Distributor,Debit Card,Yes,Individual,False
ORD-12124,2024-08-30,August,Q3,Smart TVs,Entertainment,Mi,122600.0,30,85820.0,3,257460.0,263858.1,-6398.1,-2.49,Lucknow,North,Online,Net Banking,No,Small Business,False
ORD-12125,2024-09-08,September,Q3,Laptops,Computing,Apple,39600.0,25,29700.0,1,29700.0,24337.04,5362.96,18.06,Chennai,South,Distributor,UPI,No,Individual,False
ORD-12126,2024-09-30,September,Q3,Cameras,Imaging,Sony,94700.0,5,89965.0,1,89965.0,59759.96,30205.04,33.57,Hyderabad,South,Online,UPI,No,Small Business,False
ORD-12127,2024-02-14,February,Q1,Smart TVs,Entertainment,Samsung,71000.0,25,53250.0,4,213000.0,190365.44,22634.56,10.63,Mumbai,West,Online,Credit Card,No,Student,False
ORD-12128,2024-08-18,August,Q3,Smartphones,Mobile,Xiaomi,51100.0,0,51100.0,2,102200.0,68820.06,33379.94,32.66,Jaipur,North,Retail Store,UPI,No,Small Business,False
ORD-12129,2024-05-19,May,Q2,Smart TVs,Entertainment,Mi,183800.0,25,137850.0,1,137850.0,129607.44,8242.56,5.98,Chennai,South,Distributor,Debit Card,No,Individual,False
ORD-12130,2024-08-26,August,Q3,Routers,Networking,TP-Link,6800.0,20,5440.0,2,10880.0,9819.28,1060.72,9.75,Mumbai,West,Online,Credit Card,No,Small Business,False
ORD-12131,2024-12-13,December,Q4,Laptops,Computing,Lenovo,108900.0,20,87120.0,1,87120.0,72525.19,14594.81,16.75,Mumbai,West,Online,Debit Card,No,Small Business,True
ORD-12132,2024-11-30,November,Q4,Routers,Networking,TP-Link,5600.0,5,5320.0,3,15960.0,12396.66,3563.34,22.33,Mumbai,West,Online,UPI,No,Small Business,True
ORD-12133,2024-07-30,July,Q3,Headphones,Audio,Sony,11400.0,0,11400.0,3,34200.0,20202.54,13997.46,40.93,Jaipur,North,Retail Store,UPI,No,Individual,False
ORD-12134,2024-08-20,August,Q3,Tablets,Mobile,Huawei,17500.0,5,16625.0,6,99750.0,70363.38,29386.62,29.46,Kolkata,East,Retail Store,Debit Card,No,Enterprise,False
ORD-12135,2024-09-26,September,Q3,Smartwatches,Wearables,Apple,30200.0,0,30200.0,1,30200.0,19374.17,10825.83,35.85,Jaipur,North,Retail Store,Debit Card,No,Small Business,False
ORD-12136,2024-11-24,November,Q4,Air Purifiers,Home Tech,Xiaomi,8100.0,15,6885.0,3,20655.0,15988.619999999999,4666.38,22.59,Kolkata,East,Corporate,Debit Card,No,Student,True
ORD-12137,2024-02-26,February,Q1,Tablets,Mobile,Huawei,30300.0,5,28785.0,1,28785.0,16759.27,12025.73,41.78,Mumbai,West,Retail Store,EMI,No,Individual,False
ORD-12138,2024-08-21,August,Q3,Smartphones,Mobile,Apple,79600.0,15,67660.0,4,270640.0,187513.28,83126.72,30.71,Hyderabad,South,Online,UPI,No,Student,False
ORD-12139,2024-11-18,November,Q4,Tablets,Mobile,Lenovo,26700.0,20,21360.0,2,42720.0,36637.38,6082.62,14.24,Ahmedabad,West,Distributor,UPI,No,Enterprise,True
ORD-12140,2024-12-04,December,Q4,Tablets,Mobile,Lenovo,18100.0,10,16290.0,3,48870.0,32199.36,16670.64,34.11,Lucknow,North,Online,UPI,Yes,Small Business,True
ORD-12141,2024-08-22,August,Q3,Smartwatches,Wearables,Samsung,1900.0,20,1520.0,1,1520.0,1390.6,129.4,8.51,Lucknow,North,Retail Store,EMI,Yes,Individual,False
ORD-12142,2024-05-07,May,Q2,Gaming Consoles,Gaming,Microsoft,42700.0,15,36295.0,1,36295.0,23491.57,12803.43,35.28,Hyderabad,South,Online,Credit Card,No,Enterprise,False
ORD-12143,2024-01-22,January,Q1,Smartwatches,Wearables,Garmin,11200.0,30,7840.0,2,15680.0,14223.62,1456.38,9.29,Jaipur,North,Distributor,Debit Card,No,Enterprise,False
ORD-12144,2024-05-22,May,Q2,Smartphones,Mobile,Apple,70900.0,30,49630.0,1,49630.0,48944.91,685.09,1.38,Jaipur,North,Retail Store,UPI,No,Student,False
ORD-12145,2024-09-12,September,Q3,Smart TVs,Entertainment,Mi,83300.0,25,62475.0,1,62475.0,52480.1,9994.9,16.0,Bangalore,South,Corporate,Net Banking,No,Individual,False
ORD-12146,2024-07-14,July,Q3,Cameras,Imaging,Fujifilm,93800.0,20,75040.0,4,300160.0,279160.52,20999.48,7.0,Kolkata,East,Online,UPI,No,Enterprise,False
ORD-12147,2024-10-17,October,Q4,Air Purifiers,Home Tech,Philips,9700.0,0,9700.0,1,9700.0,7180.55,2519.45,25.97,Bangalore,South,Retail Store,Credit Card,No,Student,True
ORD-12148,2024-10-15,October,Q4,Gaming Consoles,Gaming,Sony,20400.0,15,17340.0,1,17340.0,12844.47,4495.53,25.93,Ahmedabad,West,Corporate,Debit Card,No,Small Business,True
ORD-12149,2024-06-25,June,Q2,Cameras,Imaging,Nikon,91500.0,25,68625.0,1,68625.0,61363.61,7261.39,10.58,Jaipur,North,Online,Credit Card,No,Student,False
ORD-12150,2024-07-23,July,Q3,Routers,Networking,D-Link,10900.0,15,9265.0,2,18530.0,14653.58,3876.42,20.92,Pune,West,Corporate,Credit Card,No,Small Business,False
ORD-12151,2024-05-10,May,Q2,Routers,Networking,Netgear,1700.0,30,1190.0,4,4760.0,4838.16,-78.16,-1.64,Lucknow,North,Distributor,UPI,No,Small Business,False
ORD-12152,2024-11-02,November,Q4,Laptops,Computing,HP,119100.0,15,101235.0,1,101235.0,65739.47,35495.53,35.06,Mumbai,West,Distributor,UPI,No,Student,True
ORD-12153,2024-07-23,July,Q3,Tablets,Mobile,Samsung,57800.0,10,52020.0,1,52020.0,40358.17,11661.83,22.42,Chennai,South,Distributor,EMI,No,Individual,False
ORD-12154,2024-04-21,April,Q2,Headphones,Audio,Sony,900.0,20,720.0,2,1440.0,1282.14,157.86,10.96,Ahmedabad,West,Online,Cash,No,Student,False
ORD-12155,2024-03-08,March,Q1,Smartphones,Mobile,Vivo,52100.0,15,44285.0,1,44285.0,35369.93,8915.07,20.13,Kolkata,East,Online,Debit Card,No,Small Business,False
ORD-12156,2024-05-31,May,Q2,Smartphones,Mobile,OnePlus,52700.0,25,39525.0,3,118575.0,107475.26999999999,11099.73,9.36,Mumbai,West,Retail Store,UPI,No,Individual,False
ORD-12157,2024-10-18,October,Q4,Air Purifiers,Home Tech,Sharp,20000.0,30,14000.0,5,70000.0,57046.1,12953.9,18.51,Hyderabad,South,Retail Store,Debit Card,No,Individual,True
ORD-12158,2024-11-28,November,Q4,Smartwatches,Wearables,Noise,24700.0,0,24700.0,2,49400.0,28011.52,21388.48,43.3,Pune,West,Online,Cash,No,Student,True
ORD-12159,2024-07-28,July,Q3,Laptops,Computing,Apple,65900.0,10,59310.0,1,59310.0,49137.29,10172.71,17.15,Bangalore,South,Distributor,Debit Card,No,Enterprise,False
ORD-12160,2024-01-04,January,Q1,Headphones,Audio,Boat,20000.0,10,18000.0,1,18000.0,12963.01,5036.99,27.98,Delhi,North,Retail Store,Credit Card,Yes,Small Business,False
ORD-12161,2024-09-03,September,Q3,Gaming Consoles,Gaming,Microsoft,49800.0,0,49800.0,4,199200.0,110067.28,89132.72,44.75,Ahmedabad,West,Retail Store,UPI,No,Student,False
ORD-12162,2024-06-28,June,Q2,Smartphones,Mobile,Apple,38200.0,30,26740.0,1,26740.0,25407.57,1332.43,4.98,Bangalore,South,Corporate,UPI,No,Individual,False
ORD-12163,2024-10-29,October,Q4,Smart TVs,Entertainment,Mi,104600.0,5,99370.0,10,993700.0,671452.8999999999,322247.1,32.43,Chennai,South,Online,UPI,No,Enterprise,True
ORD-12164,2024-05-20,May,Q2,Air Purifiers,Home Tech,Xiaomi,24200.0,0,24200.0,1,24200.0,17083.9,7116.1,29.41,Ahmedabad,West,Retail Store,Credit Card,Yes,Student,False
ORD-12165,2024-03-06,March,Q1,Smart TVs,Entertainment,Samsung,197500.0,0,197500.0,1,197500.0,135952.21,61547.79,31.16,Ahmedabad,West,Retail Store,UPI,No,Individual,False
ORD-12166,2024-08-29,August,Q3,Smartphones,Mobile,Vivo,69400.0,10,62460.0,3,187380.0,118250.45999999999,69129.54,36.89,Chennai,South,Corporate,UPI,No,Enterprise,False
ORD-12167,2024-02-10,February,Q1,Headphones,Audio,JBL,9900.0,10,8910.0,1,8910.0,5518.34,3391.66,38.07,Delhi,North,Retail Store,Credit Card,No,Enterprise,False
ORD-12168,2024-10-05,October,Q4,Laptops,Computing,Dell,55500.0,30,38850.0,3,116550.0,106623.0,9927.0,8.52,Hyderabad,South,Retail Store,Debit Card,No,Small Business,True
ORD-12169,2024-11-04,November,Q4,Laptops,Computing,Asus,29500.0,15,25075.0,2,50150.0,42140.84,8009.16,15.97,Mumbai,West,Online,UPI,No,Individual,True
ORD-12170,2024-06-08,June,Q2,Smartwatches,Wearables,Garmin,6600.0,10,5940.0,1,5940.0,4929.82,1010.18,17.01,Chennai,South,Retail Store,EMI,No,Small Business,False
ORD-12171,2024-02-11,February,Q1,Routers,Networking,TP-Link,10500.0,20,8400.0,1,8400.0,6578.5,1821.5,21.68,Bangalore,South,Distributor,Debit Card,No,Enterprise,False
ORD-12172,2024-10-05,October,Q4,Routers,Networking,D-Link,10600.0,10,9540.0,2,19080.0,14324.18,4755.82,24.93,Mumbai,West,Retail Store,Credit Card,No,Student,True
ORD-12173,2024-06-13,June,Q2,Tablets,Mobile,Lenovo,14500.0,15,12325.0,1,12325.0,8794.21,3530.79,28.65,Kolkata,East,Retail Store,UPI,No,Small Business,False
ORD-12174,2024-06-24,June,Q2,Cameras,Imaging,Nikon,36400.0,5,34580.0,1,34580.0,24423.68,10156.32,29.37,Ahmedabad,West,Online,EMI,No,Individual,False
ORD-12175,2024-08-09,August,Q3,Air Purifiers,Home Tech,Dyson,22700.0,20,18160.0,1,18160.0,15020.09,3139.91,17.29,Mumbai,West,Retail Store,UPI,No,Individual,False
ORD-12176,2024-11-02,November,Q4,Gaming Consoles,Gaming,Sony,38900.0,25,29175.0,6,175050.0,166756.13999999998,8293.86,4.74,Hyderabad,South,Distributor,UPI,No,Small Business,True
ORD-12177,2024-07-18,July,Q3,Cameras,Imaging,Canon,21700.0,20,17360.0,4,69440.0,52525.76,16914.24,24.36,Pune,West,Retail Store,Credit Card,No,Small Business,False
ORD-12178,2024-04-05,April,Q2,Laptops,Computing,Dell,81400.0,15,69190.0,3,207570.0,135889.88999999998,71680.11,34.53,Ahmedabad,West,Distributor,Debit Card,No,Individual,False
ORD-12179,2024-06-09,June,Q2,Smart TVs,Entertainment,Mi,182400.0,25,136800.0,1,136800.0,100575.74,36224.26,26.48,Ahmedabad,West,Corporate,Credit Card,No,Student,False
ORD-12180,2024-12-23,December,Q4,Smartphones,Mobile,Vivo,56900.0,25,42675.0,2,85350.0,80173.82,5176.18,6.06,Chennai,South,Online,EMI,No,Individual,True
ORD-12181,2024-11-12,November,Q4,Gaming Consoles,Gaming,Microsoft,45500.0,20,36400.0,1,36400.0,27502.92,8897.08,24.44,Ahmedabad,West,Distributor,Net Banking,No,Student,True
ORD-12182,2024-04-02,April,Q2,Smart TVs,Entertainment,Samsung,145100.0,20,116080.0,4,464320.0,362857.6,101462.4,21.85,Mumbai,West,Online,Net Banking,No,Student,False
ORD-12183,2024-02-07,February,Q1,Routers,Networking,Asus,1200.0,10,1080.0,1,1080.0,776.68,303.32,28.09,Jaipur,North,Corporate,UPI,No,Student,False
ORD-12184,2024-01-25,January,Q1,Smartwatches,Wearables,Apple,18600.0,0,18600.0,1,18600.0,11703.96,6896.04,37.08,Chennai,South,Retail Store,UPI,No,Individual,False
ORD-12185,2024-11-27,November,Q4,Cameras,Imaging,Sony,126900.0,20,101520.0,3,304560.0,250882.71000000002,53677.29,17.62,Delhi,North,Online,UPI,No,Individual,True
ORD-12186,2024-03-25,March,Q1,Smartphones,Mobile,Apple,54000.0,5,51300.0,1,51300.0,33640.23,17659.77,34.42,Mumbai,West,Retail Store,Credit Card,No,Student,False
ORD-12187,2024-07-08,July,Q3,Gaming Consoles,Gaming,Microsoft,44400.0,10,39960.0,3,119880.0,79420.92,40459.08,33.75,Delhi,North,Retail Store,EMI,Yes,Individual,False
ORD-12188,2024-01-26,January,Q1,Gaming Consoles,Gaming,Nintendo,38700.0,0,38700.0,1,38700.0,22314.79,16385.21,42.34,Ahmedabad,West,Online,EMI,No,Enterprise,False
ORD-12189,2024-12-04,December,Q4,Smartwatches,Wearables,Garmin,36800.0,25,27600.0,2,55200.0,49172.68,6027.32,10.92,Bangalore,South,Online,UPI,No,Enterprise,True
ORD-12190,2024-12-21,December,Q4,Headphones,Audio,JBL,6000.0,0,6000.0,2,12000.0,6898.46,5101.54,42.51,Mumbai,West,Retail Store,UPI,No,Student,True
ORD-12191,2024-06-27,June,Q2,Smartwatches,Wearables,Boat,10700.0,30,7490.0,1,7490.0,7693.87,-203.87,-2.72,Pune,West,Online,Credit Card,No,Enterprise,False
ORD-12192,2024-03-17,March,Q1,Laptops,Computing,Asus,83600.0,0,83600.0,3,250800.0,153735.24,97064.76,38.7,Kolkata,East,Online,UPI,No,Individual,False
ORD-12193,2024-08-03,August,Q3,Tablets,Mobile,Lenovo,37100.0,0,37100.0,3,111300.0,71179.59,40120.41,36.05,Hyderabad,South,Retail Store,Debit Card,No,Student,False
ORD-12194,2024-01-09,January,Q1,Tablets,Mobile,Apple,27700.0,0,27700.0,1,27700.0,17262.49,10437.51,37.68,Pune,West,Online,Credit Card,No,Individual,False
ORD-12195,2024-02-04,February,Q1,Air Purifiers,Home Tech,Philips,28800.0,25,21600.0,1,21600.0,21318.5,281.5,1.3,Kolkata,East,Retail Store,UPI,No,Enterprise,False
ORD-12196,2024-09-26,September,Q3,Air Purifiers,Home Tech,Dyson,18100.0,5,17195.0,3,51585.0,32641.47,18943.53,36.72,Delhi,North,Online,Debit Card,No,Enterprise,False
ORD-12197,2024-01-29,January,Q1,Cameras,Imaging,Sony,111900.0,10,100710.0,1,100710.0,66329.71,34380.29,34.14,Pune,West,Retail Store,Net Banking,No,Individual,False
ORD-12198,2024-06-12,June,Q2,Air Purifiers,Home Tech,Dyson,25000.0,25,18750.0,1,18750.0,14149.76,4600.24,24.53,Jaipur,North,Retail Store,Credit Card,No,Enterprise,False
ORD-12199,2024-07-26,July,Q3,Gaming Consoles,Gaming,Sony,35000.0,15,29750.0,1,29750.0,25446.22,4303.78,14.47,Jaipur,North,Online,EMI,No,Student,False
ORD-12200,2024-05-15,May,Q2,Routers,Networking,D-Link,6500.0,0,6500.0,2,13000.0,8123.06,4876.94,37.51,Ahmedabad,West,Online,UPI,No,Student,False
ORD-12201,2024-08-30,August,Q3,Laptops,Computing,Apple,50200.0,30,35140.0,4,140560.0,110680.12,29879.88,21.26,Delhi,North,Retail Store,UPI,No,Student,False
ORD-12202,2024-09-07,September,Q3,Smart TVs,Entertainment,LG,50100.0,30,35070.0,2,70140.0,57988.88,12151.12,17.32,Lucknow,North,Retail Store,UPI,No,Small Business,False
ORD-12203,2024-10-16,October,Q4,Cameras,Imaging,Sony,44800.0,5,42560.0,1,42560.0,32422.45,10137.55,23.82,Bangalore,South,Online,EMI,No,Student,True
ORD-12204,2024-07-11,July,Q3,Gaming Consoles,Gaming,Nintendo,42800.0,10,38520.0,2,77040.0,49910.58,27129.42,35.21,Ahmedabad,West,Corporate,Debit Card,No,Small Business,False
ORD-12205,2024-09-30,September,Q3,Smartwatches,Wearables,Samsung,3500.0,5,3325.0,1,3325.0,2405.21,919.79,27.66,Mumbai,West,Retail Store,UPI,Yes,Individual,False
ORD-12206,2024-08-04,August,Q3,Gaming Consoles,Gaming,Sony,28000.0,30,19600.0,3,58800.0,49143.149999999994,9656.85,16.42,Hyderabad,South,Online,UPI,No,Individual,False
ORD-12207,2024-11-05,November,Q4,Gaming Consoles,Gaming,Nintendo,25200.0,20,20160.0,2,40320.0,27811.66,12508.34,31.02,Ahmedabad,West,Online,Credit Card,No,Enterprise,True
ORD-12208,2024-12-19,December,Q4,Smartwatches,Wearables,Samsung,40500.0,0,40500.0,2,81000.0,59370.38,21629.62,26.7,Ahmedabad,West,Online,Debit Card,No,Individual,True
ORD-12209,2024-04-13,April,Q2,Routers,Networking,Netgear,2700.0,0,2700.0,2,5400.0,3743.96,1656.04,30.67,Kolkata,East,Distributor,Net Banking,No,Small Business,False
ORD-12210,2024-04-04,April,Q2,Cameras,Imaging,Nikon,137700.0,15,117045.0,1,117045.0,88111.48,28933.52,24.72,Ahmedabad,West,Online,Cash,No,Individual,False
ORD-12211,2024-07-22,July,Q3,Cameras,Imaging,Sony,111700.0,0,111700.0,3,335100.0,246332.88,88767.12,26.49,Ahmedabad,West,Online,Debit Card,No,Student,False
ORD-12212,2024-01-18,January,Q1,Smartwatches,Wearables,Boat,15100.0,20,12080.0,2,24160.0,19650.68,4509.32,18.66,Hyderabad,South,Online,UPI,No,Individual,False
ORD-12213,2024-11-23,November,Q4,Air Purifiers,Home Tech,Xiaomi,30500.0,5,28975.0,1,28975.0,22251.62,6723.38,23.2,Hyderabad,South,Online,Debit Card,No,Enterprise,True
ORD-12214,2024-09-16,September,Q3,Tablets,Mobile,Huawei,32700.0,5,31065.0,2,62130.0,40825.96,21304.04,34.29,Mumbai,West,Distributor,Credit Card,No,Individual,False
ORD-12215,2024-05-05,May,Q2,Cameras,Imaging,Nikon,122300.0,25,91725.0,1,91725.0,91287.46,437.54,0.48,Kolkata,East,Distributor,EMI,Yes,Individual,False
ORD-12216,2024-05-24,May,Q2,Gaming Consoles,Gaming,Microsoft,29400.0,20,23520.0,1,23520.0,19025.92,4494.08,19.11,Lucknow,North,Online,Credit Card,No,Student,False
ORD-12217,2024-10-21,October,Q4,Routers,Networking,Asus,12800.0,20,10240.0,2,20480.0,18122.72,2357.28,11.51,Hyderabad,South,Retail Store,Debit Card,No,Enterprise,True
ORD-12218,2024-06-09,June,Q2,Smartphones,Mobile,OnePlus,51000.0,30,35700.0,2,71400.0,69601.52,1798.48,2.52,Bangalore,South,Distributor,EMI,No,Small Business,False
ORD-12219,2024-03-06,March,Q1,Tablets,Mobile,Apple,58800.0,10,52920.0,1,52920.0,42843.89,10076.11,19.04,Delhi,North,Online,UPI,No,Individual,False
ORD-12220,2024-12-04,December,Q4,Laptops,Computing,Lenovo,83500.0,20,66800.0,2,133600.0,123005.04,10594.96,7.93,Chennai,South,Online,UPI,No,Student,True
ORD-12221,2024-08-11,August,Q3,Tablets,Mobile,Apple,55500.0,30,38850.0,2,77700.0,74183.04,3516.96,4.53,Jaipur,North,Retail Store,Credit Card,No,Small Business,False
ORD-12222,2024-11-22,November,Q4,Tablets,Mobile,Lenovo,29900.0,15,25415.0,3,76245.0,62727.63,13517.37,17.73,Ahmedabad,West,Online,Credit Card,No,Small Business,True
ORD-12223,2024-03-06,March,Q1,Smart TVs,Entertainment,OnePlus,112300.0,20,89840.0,2,179680.0,152680.0,27000.0,15.03,Mumbai,West,Online,Credit Card,No,Individual,False
ORD-12224,2024-07-17,July,Q3,Routers,Networking,TP-Link,6400.0,0,6400.0,4,25600.0,19135.76,6464.24,25.25,Chennai,South,Retail Store,UPI,No,Student,False
ORD-12225,2024-06-05,June,Q2,Air Purifiers,Home Tech,Xiaomi,18700.0,30,13090.0,1,13090.0,12826.14,263.86,2.02,Jaipur,North,Retail Store,Credit Card,No,Student,False
ORD-12226,2024-04-08,April,Q2,Routers,Networking,Netgear,14600.0,30,10220.0,1,10220.0,9843.01,376.99,3.69,Ahmedabad,West,Online,Credit Card,No,Individual,False
ORD-12227,2024-10-20,October,Q4,Tablets,Mobile,Huawei,14200.0,15,12070.0,1,12070.0,8186.04,3883.96,32.18,Delhi,North,Retail Store,Credit Card,No,Student,True
ORD-12228,2024-12-16,December,Q4,Routers,Networking,D-Link,14300.0,10,12870.0,1,12870.0,9292.89,3577.11,27.79,Jaipur,North,Corporate,Credit Card,No,Enterprise,True
ORD-12229,2024-09-09,September,Q3,Smartwatches,Wearables,Apple,44600.0,5,42370.0,2,84740.0,53605.02,31134.98,36.74,Kolkata,East,Online,UPI,No,Student,False
ORD-12230,2024-06-21,June,Q2,Routers,Networking,D-Link,12300.0,30,8610.0,3,25830.0,21275.010000000002,4554.99,17.63,Mumbai,West,Online,Credit Card,No,Enterprise,False
ORD-12231,2024-02-24,February,Q1,Tablets,Mobile,Apple,54600.0,30,38220.0,1,38220.0,33333.7,4886.3,12.78,Delhi,North,Distributor,Debit Card,No,Enterprise,False
ORD-12232,2024-01-03,January,Q1,Tablets,Mobile,Apple,20100.0,15,17085.0,1,17085.0,14721.84,2363.16,13.83,Kolkata,East,Online,EMI,No,Student,False
ORD-12233,2024-01-22,January,Q1,Laptops,Computing,Asus,26900.0,5,25555.0,2,51110.0,33982.34,17127.66,33.51,Mumbai,West,Distributor,UPI,Yes,Small Business,False
ORD-12234,2024-04-18,April,Q2,Routers,Networking,D-Link,1900.0,0,1900.0,1,1900.0,1347.98,552.02,29.05,Pune,West,Retail Store,Credit Card,No,Small Business,False
ORD-12235,2024-01-16,January,Q1,Gaming Consoles,Gaming,Microsoft,46100.0,5,43795.0,1,43795.0,27836.24,15958.76,36.44,Lucknow,North,Online,EMI,No,Student,False
ORD-12236,2024-11-01,November,Q4,Air Purifiers,Home Tech,Sharp,9700.0,10,8730.0,3,26190.0,17964.21,8225.79,31.41,Bangalore,South,Retail Store,UPI,No,Enterprise,True
ORD-12237,2024-09-26,September,Q3,Smartphones,Mobile,OnePlus,30900.0,0,30900.0,2,61800.0,39725.52,22074.48,35.72,Pune,West,Distributor,Credit Card,No,Enterprise,False
ORD-12238,2024-09-17,September,Q3,Smartphones,Mobile,Vivo,31200.0,25,23400.0,3,70200.0,63445.049999999996,6754.95,9.62,Chennai,South,Retail Store,Debit Card,No,Individual,False
ORD-12239,2024-03-12,March,Q1,Cameras,Imaging,Canon,31900.0,20,25520.0,1,25520.0,19146.22,6373.78,24.98,Bangalore,South,Retail Store,EMI,No,Small Business,False
ORD-12240,2024-02-16,February,Q1,Smartwatches,Wearables,Boat,27600.0,30,19320.0,1,19320.0,15952.31,3367.69,17.43,Jaipur,North,Online,EMI,No,Small Business,False
ORD-12241,2024-06-08,June,Q2,Tablets,Mobile,Samsung,21400.0,20,17120.0,1,17120.0,14954.76,2165.24,12.65,Ahmedabad,West,Retail Store,Credit Card,No,Enterprise,False
ORD-12242,2024-02-28,February,Q1,Headphones,Audio,Sony,13100.0,15,11135.0,4,44540.0,36552.28,7987.72,17.93,Jaipur,North,Retail Store,UPI,No,Small Business,False
ORD-12243,2024-11-06,November,Q4,Smartwatches,Wearables,Boat,39500.0,25,29625.0,3,88875.0,77363.97,11511.03,12.95,Hyderabad,South,Online,Credit Card,No,Small Business,True
ORD-12244,2024-03-27,March,Q1,Cameras,Imaging,Canon,112600.0,10,101340.0,1,101340.0,78202.31,23137.69,22.83,Kolkata,East,Retail Store,EMI,No,Student,False
ORD-12245,2024-09-03,September,Q3,Headphones,Audio,Apple,5600.0,30,3920.0,4,15680.0,16720.2,-1040.2,-6.63,Chennai,South,Retail Store,Credit Card,No,Small Business,False
ORD-12246,2024-12-02,December,Q4,Laptops,Computing,Lenovo,33800.0,30,23660.0,1,23660.0,22170.31,1489.69,6.3,Delhi,North,Retail Store,Credit Card,No,Small Business,True
ORD-12247,2024-07-14,July,Q3,Smartwatches,Wearables,Garmin,26000.0,15,22100.0,3,66300.0,52616.58,13683.42,20.64,Lucknow,North,Distributor,Cash,Yes,Small Business,False
ORD-12248,2024-03-09,March,Q1,Air Purifiers,Home Tech,Philips,12700.0,15,10795.0,1,10795.0,7287.38,3507.62,32.49,Lucknow,North,Retail Store,Debit Card,Yes,Small Business,False
ORD-12249,2024-04-26,April,Q2,Air Purifiers,Home Tech,Dyson,6300.0,30,4410.0,1,4410.0,4468.69,-58.69,-1.33,Kolkata,East,Online,UPI,No,Student,False
ORD-12250,2024-01-29,January,Q1,Routers,Networking,Asus,12300.0,15,10455.0,2,20910.0,16388.16,4521.84,21.63,Hyderabad,South,Online,EMI,No,Enterprise,False
ORD-12251,2024-06-09,June,Q2,Smart TVs,Entertainment,Mi,112100.0,30,78470.0,2,156940.0,162703.18,-5763.18,-3.67,Jaipur,North,Retail Store,Debit Card,No,Small Business,False
ORD-12252,2024-08-24,August,Q3,Routers,Networking,TP-Link,5900.0,0,5900.0,1,5900.0,3623.08,2276.92,38.59,Lucknow,North,Online,Debit Card,No,Student,False
ORD-12253,2024-03-26,March,Q1,Cameras,Imaging,Nikon,79800.0,20,63840.0,3,191520.0,156171.45,35348.55,18.46,Kolkata,East,Online,UPI,No,Individual,False
ORD-12254,2024-12-16,December,Q4,Air Purifiers,Home Tech,Sharp,7800.0,5,7410.0,2,14820.0,10432.28,4387.72,29.61,Delhi,North,Online,Cash,No,Individual,True
ORD-12255,2024-11-19,November,Q4,Smartwatches,Wearables,Apple,25300.0,30,17710.0,2,35420.0,33363.84,2056.16,5.81,Bangalore,South,Corporate,Debit Card,No,Student,True
ORD-12256,2024-12-01,December,Q4,Laptops,Computing,Apple,97900.0,30,68530.0,2,137060.0,139347.78,-2287.78,-1.67,Ahmedabad,West,Online,Credit Card,No,Individual,True
ORD-12257,2024-03-01,March,Q1,Smartphones,Mobile,Xiaomi,50200.0,5,47690.0,1,47690.0,32439.72,15250.28,31.98,Bangalore,South,Retail Store,UPI,No,Small Business,False
ORD-12258,2024-04-24,April,Q2,Headphones,Audio,Apple,16700.0,30,11690.0,5,58450.0,53217.200000000004,5232.8,8.95,Hyderabad,South,Retail Store,Credit Card,No,Enterprise,False
ORD-12259,2024-01-23,January,Q1,Cameras,Imaging,Fujifilm,54600.0,20,43680.0,2,87360.0,73473.76,13886.24,15.9,Jaipur,North,Distributor,EMI,Yes,Small Business,False
ORD-12260,2024-06-22,June,Q2,Smartwatches,Wearables,Noise,2100.0,15,1785.0,1,1785.0,1340.75,444.25,24.89,Delhi,North,Distributor,EMI,No,Small Business,False
ORD-12261,2024-02-21,February,Q1,Smartwatches,Wearables,Garmin,16300.0,0,16300.0,1,16300.0,11186.19,5113.81,31.37,Pune,West,Retail Store,Cash,No,Individual,False
ORD-12262,2024-09-25,September,Q3,Air Purifiers,Home Tech,Philips,23100.0,25,17325.0,4,69300.0,66013.68,3286.32,4.74,Hyderabad,South,Online,Credit Card,No,Small Business,False
ORD-12263,2024-02-23,February,Q1,Laptops,Computing,Lenovo,31100.0,15,26435.0,1,26435.0,23020.06,3414.94,12.92,Delhi,North,Distributor,Cash,Yes,Enterprise,False
ORD-12264,2024-01-26,January,Q1,Smart TVs,Entertainment,OnePlus,114100.0,15,96985.0,1,96985.0,65352.62,31632.38,32.62,Kolkata,East,Distributor,EMI,No,Individual,False
ORD-12265,2024-10-25,October,Q4,Air Purifiers,Home Tech,Sharp,26600.0,20,21280.0,6,127680.0,89485.68000000001,38194.32,29.91,Bangalore,South,Online,Net Banking,No,Enterprise,True
ORD-12266,2024-07-01,July,Q3,Cameras,Imaging,Sony,45400.0,15,38590.0,1,38590.0,30186.51,8403.49,21.78,Hyderabad,South,Online,EMI,No,Student,False
ORD-12267,2024-08-06,August,Q3,Headphones,Audio,Sony,2100.0,5,1995.0,2,3990.0,3097.62,892.38,22.37,Lucknow,North,Online,UPI,No,Small Business,False
ORD-12268,2024-03-01,March,Q1,Smartwatches,Wearables,Boat,42600.0,10,38340.0,1,38340.0,27289.61,11050.39,28.82,Bangalore,South,Retail Store,Debit Card,No,Student,False
ORD-12269,2024-04-29,April,Q2,Laptops,Computing,Apple,62400.0,20,49920.0,3,149760.0,131939.43,17820.57,11.9,Chennai,South,Retail Store,UPI,No,Enterprise,False
ORD-12270,2024-10-13,October,Q4,Smartwatches,Wearables,Garmin,29500.0,30,20650.0,2,41300.0,35125.88,6174.12,14.95,Bangalore,South,Online,Credit Card,Yes,Enterprise,True
ORD-12271,2024-02-05,February,Q1,Routers,Networking,Asus,9800.0,10,8820.0,5,44100.0,32217.95,11882.05,26.94,Lucknow,North,Retail Store,Credit Card,Yes,Small Business,False
ORD-12272,2024-06-02,June,Q2,Headphones,Audio,Sennheiser,21200.0,25,15900.0,2,31800.0,25479.08,6320.92,19.88,Bangalore,South,Retail Store,Credit Card,No,Enterprise,False
ORD-12273,2024-10-05,October,Q4,Headphones,Audio,Sony,23100.0,15,19635.0,2,39270.0,27883.86,11386.14,28.99,Lucknow,North,Online,UPI,No,Individual,True
ORD-12274,2024-03-23,March,Q1,Tablets,Mobile,Samsung,35700.0,0,35700.0,2,71400.0,45046.1,26353.9,36.91,Jaipur,North,Online,EMI,No,Individual,False
ORD-12275,2024-04-26,April,Q2,Headphones,Audio,JBL,16900.0,15,14365.0,1,14365.0,11657.79,2707.21,18.85,Mumbai,West,Retail Store,UPI,No,Student,False
ORD-12276,2024-08-18,August,Q3,Headphones,Audio,Sony,18500.0,5,17575.0,1,17575.0,12363.52,5211.48,29.65,Bangalore,South,Retail Store,UPI,No,Small Business,False
ORD-12277,2024-04-13,April,Q2,Smartphones,Mobile,Apple,38600.0,30,27020.0,1,27020.0,26127.68,892.32,3.3,Mumbai,West,Retail Store,Debit Card,No,Small Business,False
ORD-12278,2024-02-29,February,Q1,Routers,Networking,Netgear,6800.0,15,5780.0,3,17340.0,13095.48,4244.52,24.48,Lucknow,North,Retail Store,Net Banking,No,Individual,False
ORD-12279,2024-01-01,January,Q1,Tablets,Mobile,Lenovo,47300.0,5,44935.0,1,44935.0,28643.79,16291.21,36.26,Mumbai,West,Online,EMI,No,Small Business,False
ORD-12280,2024-05-17,May,Q2,Gaming Consoles,Gaming,Nintendo,39000.0,0,39000.0,1,39000.0,28467.23,10532.77,27.01,Chennai,South,Retail Store,Net Banking,No,Student,False
ORD-12281,2024-09-06,September,Q3,Smartwatches,Wearables,Boat,33700.0,0,33700.0,1,33700.0,21732.14,11967.86,35.51,Ahmedabad,West,Retail Store,Credit Card,No,Enterprise,False
ORD-12282,2024-07-25,July,Q3,Laptops,Computing,Lenovo,52900.0,20,42320.0,2,84640.0,61664.56,22975.44,27.14,Chennai,South,Distributor,Credit Card,No,Student,False
ORD-12283,2024-07-03,July,Q3,Cameras,Imaging,Sony,27900.0,30,19530.0,3,58590.0,52344.21,6245.79,10.66,Mumbai,West,Online,Credit Card,No,Small Business,False
ORD-12284,2024-07-13,July,Q3,Smart TVs,Entertainment,Sony,120000.0,30,84000.0,4,336000.0,336042.04,-42.04,-0.01,Kolkata,East,Distributor,Debit Card,No,Small Business,False
ORD-12285,2024-11-23,November,Q4,Tablets,Mobile,Huawei,44300.0,15,37655.0,2,75310.0,63806.32,11503.68,15.28,Hyderabad,South,Distributor,UPI,No,Small Business,True
ORD-12286,2024-10-07,October,Q4,Smartwatches,Wearables,Apple,43800.0,25,32850.0,3,98550.0,93335.54999999999,5214.45,5.29,Pune,West,Online,Debit Card,No,Enterprise,True
ORD-12287,2024-05-27,May,Q2,Headphones,Audio,Apple,10300.0,5,9785.0,2,19570.0,12073.94,7496.06,38.3,Jaipur,North,Online,UPI,No,Small Business,False
ORD-12288,2024-04-29,April,Q2,Laptops,Computing,Lenovo,112900.0,10,101610.0,2,203220.0,141259.14,61960.86,30.49,Delhi,North,Online,Credit Card,No,Small Business,False
ORD-12289,2024-03-17,March,Q1,Smartwatches,Wearables,Apple,6500.0,25,4875.0,3,14625.0,13773.51,851.49,5.82,Ahmedabad,West,Retail Store,Credit Card,No,Small Business,False
ORD-12290,2024-02-02,February,Q1,Tablets,Mobile,Samsung,24500.0,20,19600.0,1,19600.0,15053.93,4546.07,23.19,Chennai,South,Retail Store,Debit Card,No,Small Business,False
ORD-12291,2024-01-27,January,Q1,Routers,Networking,Asus,8000.0,0,8000.0,2,16000.0,9119.7,6880.3,43.0,Jaipur,North,Retail Store,UPI,No,Individual,False
ORD-12292,2024-06-15,June,Q2,Laptops,Computing,Dell,48800.0,15,41480.0,1,41480.0,31538.28,9941.72,23.97,Kolkata,East,Online,UPI,No,Student,False
ORD-12293,2024-10-07,October,Q4,Laptops,Computing,Apple,68300.0,0,68300.0,5,341500.0,229839.05,111660.95,32.7,Kolkata,East,Retail Store,Credit Card,No,Enterprise,True
ORD-12294,2024-08-20,August,Q3,Smartphones,Mobile,Xiaomi,54200.0,25,40650.0,2,81300.0,77784.64,3515.36,4.32,Bangalore,South,Distributor,EMI,No,Small Business,False
ORD-12295,2024-02-06,February,Q1,Smartwatches,Wearables,Garmin,9300.0,25,6975.0,2,13950.0,10959.78,2990.22,21.44,Kolkata,East,Online,UPI,No,Student,False
ORD-12296,2024-06-20,June,Q2,Smartwatches,Wearables,Apple,30900.0,30,21630.0,1,21630.0,17848.49,3781.51,17.48,Hyderabad,South,Retail Store,UPI,No,Individual,False
ORD-12297,2024-07-25,July,Q3,Cameras,Imaging,Fujifilm,13200.0,10,11880.0,2,23760.0,14918.04,8841.96,37.21,Pune,West,Retail Store,Debit Card,No,Student,False
ORD-12298,2024-08-05,August,Q3,Smart TVs,Entertainment,LG,172000.0,20,137600.0,1,137600.0,99438.34,38161.66,27.73,Bangalore,South,Distributor,UPI,No,Enterprise,False
ORD-12299,2024-04-28,April,Q2,Gaming Consoles,Gaming,Sony,26400.0,5,25080.0,2,50160.0,29538.34,20621.66,41.11,Kolkata,East,Online,UPI,Yes,Individual,False
ORD-12300,2024-02-08,February,Q1,Laptops,Computing,HP,49300.0,10,44370.0,3,133110.0,87529.47,45580.53,34.24,Lucknow,North,Online,UPI,No,Small Business,False
ORD-12301,2024-09-21,September,Q3,Cameras,Imaging,Canon,121100.0,5,115045.0,1,115045.0,72496.68,42548.32,36.98,Lucknow,North,Online,EMI,No,Enterprise,False
ORD-12302,2024-06-19,June,Q2,Tablets,Mobile,Apple,25200.0,20,20160.0,2,40320.0,31749.26,8570.74,21.26,Hyderabad,South,Retail Store,Credit Card,No,Enterprise,False
ORD-12303,2024-10-25,October,Q4,Routers,Networking,D-Link,7000.0,10,6300.0,3,18900.0,12280.23,6619.77,35.03,Mumbai,West,Retail Store,Debit Card,No,Student,True
ORD-12304,2024-08-20,August,Q3,Air Purifiers,Home Tech,Philips,14700.0,20,11760.0,1,11760.0,9702.43,2057.57,17.5,Pune,West,Online,Credit Card,No,Student,False
ORD-12305,2024-02-17,February,Q1,Smartwatches,Wearables,Samsung,44900.0,15,38165.0,1,38165.0,28025.92,10139.08,26.57,Pune,West,Retail Store,UPI,No,Student,False
ORD-12306,2024-03-21,March,Q1,Smartwatches,Wearables,Samsung,39400.0,20,31520.0,4,126080.0,88589.44,37490.56,29.74,Kolkata,East,Retail Store,UPI,No,Enterprise,False
ORD-12307,2024-04-22,April,Q2,Smart TVs,Entertainment,OnePlus,172100.0,25,129075.0,2,258150.0,214840.7,43309.3,16.78,Hyderabad,South,Distributor,EMI,Yes,Student,False
ORD-12308,2024-08-10,August,Q3,Smartwatches,Wearables,Samsung,16200.0,20,12960.0,1,12960.0,10791.02,2168.98,16.74,Kolkata,East,Online,Debit Card,No,Enterprise,False
ORD-12309,2024-05-07,May,Q2,Tablets,Mobile,Lenovo,20100.0,25,15075.0,1,15075.0,14090.01,984.99,6.53,Kolkata,East,Retail Store,Debit Card,No,Enterprise,False
ORD-12310,2024-08-31,August,Q3,Laptops,Computing,HP,85900.0,30,60130.0,1,60130.0,58323.72,1806.28,3.0,Kolkata,East,Corporate,Debit Card,No,Small Business,False
ORD-12311,2024-06-14,June,Q2,Headphones,Audio,Boat,23500.0,10,21150.0,1,21150.0,14855.87,6294.13,29.76,Pune,West,Retail Store,Credit Card,No,Individual,False
ORD-12312,2024-07-30,July,Q3,Laptops,Computing,Asus,94400.0,5,89680.0,3,269040.0,172527.41999999998,96512.58,35.87,Ahmedabad,West,Retail Store,UPI,No,Individual,False
ORD-12313,2024-07-31,July,Q3,Laptops,Computing,Lenovo,106700.0,25,80025.0,2,160050.0,157759.82,2290.18,1.43,Delhi,North,Online,EMI,No,Small Business,False
ORD-12314,2024-12-21,December,Q4,Air Purifiers,Home Tech,Dyson,6000.0,0,6000.0,1,6000.0,3896.52,2103.48,35.06,Chennai,South,Retail Store,Credit Card,No,Small Business,True
ORD-12315,2024-01-03,January,Q1,Laptops,Computing,Lenovo,75900.0,15,64515.0,1,64515.0,54109.39,10405.61,16.13,Jaipur,North,Corporate,UPI,No,Student,False
ORD-12316,2024-05-20,May,Q2,Gaming Consoles,Gaming,Sony,24100.0,0,24100.0,3,72300.0,53922.0,18378.0,25.42,Kolkata,East,Distributor,Debit Card,No,Student,False
ORD-12317,2024-07-22,July,Q3,Tablets,Mobile,Lenovo,42100.0,30,29470.0,1,29470.0,24368.74,5101.26,17.31,Lucknow,North,Corporate,Debit Card,No,Enterprise,False
ORD-12318,2024-06-25,June,Q2,Cameras,Imaging,Nikon,138200.0,5,131290.0,1,131290.0,92534.52,38755.48,29.52,Ahmedabad,West,Online,Cash,No,Enterprise,False
ORD-12319,2024-01-06,January,Q1,Smart TVs,Entertainment,OnePlus,166800.0,10,150120.0,3,450360.0,325823.16000000003,124536.84,27.65,Delhi,North,Corporate,UPI,No,Student,False
ORD-12320,2024-05-29,May,Q2,Gaming Consoles,Gaming,Microsoft,23100.0,15,19635.0,1,19635.0,14790.92,4844.08,24.67,Mumbai,West,Retail Store,EMI,No,Enterprise,False
ORD-12321,2024-04-22,April,Q2,Gaming Consoles,Gaming,Sony,21200.0,15,18020.0,1,18020.0,12115.53,5904.47,32.77,Pune,West,Distributor,Debit Card,No,Small Business,False
ORD-12322,2024-10-17,October,Q4,Gaming Consoles,Gaming,Microsoft,45600.0,0,45600.0,3,136800.0,96072.42,40727.58,29.77,Delhi,North,Online,UPI,Yes,Small Business,True
ORD-12323,2024-08-31,August,Q3,Cameras,Imaging,Fujifilm,101300.0,5,96235.0,2,192470.0,150207.54,42262.46,21.96,Hyderabad,South,Retail Store,UPI,No,Enterprise,False
ORD-12324,2024-02-15,February,Q1,Smartphones,Mobile,Samsung,70300.0,15,59755.0,2,119510.0,94215.94,25294.06,21.16,Mumbai,West,Online,UPI,No,Individual,False
ORD-12325,2024-07-24,July,Q3,Smartphones,Mobile,OnePlus,49600.0,25,37200.0,2,74400.0,66271.84,8128.16,10.92,Delhi,North,Distributor,UPI,No,Small Business,False
ORD-12326,2024-01-20,January,Q1,Tablets,Mobile,Huawei,52700.0,0,52700.0,2,105400.0,66490.5,38909.5,36.92,Jaipur,North,Corporate,Debit Card,No,Individual,False
ORD-12327,2024-05-06,May,Q2,Headphones,Audio,Boat,3500.0,30,2450.0,2,4900.0,4927.6,-27.6,-0.56,Hyderabad,South,Retail Store,Debit Card,No,Enterprise,False
ORD-12328,2024-03-20,March,Q1,Smartphones,Mobile,Apple,31000.0,0,31000.0,3,93000.0,59063.700000000004,33936.3,36.49,Ahmedabad,West,Retail Store,Debit Card,No,Individual,False
ORD-12329,2024-04-15,April,Q2,Routers,Networking,D-Link,1800.0,10,1620.0,5,8100.0,6366.950000000001,1733.05,21.4,Delhi,North,Distributor,EMI,No,Individual,False
ORD-12330,2024-04-14,April,Q2,Tablets,Mobile,Samsung,39100.0,10,35190.0,1,35190.0,28748.06,6441.94,18.31,Mumbai,West,Corporate,Credit Card,No,Individual,False
ORD-12331,2024-03-23,March,Q1,Routers,Networking,TP-Link,5100.0,0,5100.0,3,15300.0,8820.51,6479.49,42.35,Jaipur,North,Retail Store,Debit Card,No,Student,False
ORD-12332,2024-12-22,December,Q4,Laptops,Computing,Apple,45200.0,15,38420.0,1,38420.0,29166.99,9253.01,24.08,Jaipur,North,Online,Credit Card,No,Small Business,True
ORD-12333,2024-11-05,November,Q4,Laptops,Computing,HP,77600.0,0,77600.0,1,77600.0,43262.14,34337.86,44.25,Ahmedabad,West,Online,Net Banking,No,Student,True
ORD-12334,2024-03-03,March,Q1,Gaming Consoles,Gaming,Microsoft,25900.0,25,19425.0,2,38850.0,30062.14,8787.86,22.62,Pune,West,Online,UPI,No,Individual,False
ORD-12335,2024-06-20,June,Q2,Smart TVs,Entertainment,Samsung,24500.0,20,19600.0,2,39200.0,33451.9,5748.1,14.66,Bangalore,South,Online,Credit Card,No,Enterprise,False
ORD-12336,2024-06-21,June,Q2,Tablets,Mobile,Lenovo,18800.0,25,14100.0,1,14100.0,12208.15,1891.85,13.42,Hyderabad,South,Distributor,UPI,No,Enterprise,False
ORD-12337,2024-09-06,September,Q3,Laptops,Computing,Asus,80500.0,20,64400.0,4,257600.0,222488.28,35111.72,13.63,Hyderabad,South,Retail Store,Cash,No,Student,False
ORD-12338,2024-11-05,November,Q4,Headphones,Audio,Apple,14500.0,20,11600.0,1,11600.0,8615.63,2984.37,25.73,Mumbai,West,Online,UPI,Yes,Enterprise,True
ORD-12339,2024-08-09,August,Q3,Air Purifiers,Home Tech,Xiaomi,37900.0,15,32215.0,1,32215.0,22423.21,9791.79,30.4,Pune,West,Distributor,UPI,No,Small Business,False
ORD-12340,2024-08-17,August,Q3,Laptops,Computing,Asus,39800.0,15,33830.0,2,67660.0,45901.64,21758.36,32.16,Pune,West,Retail Store,UPI,No,Individual,False
ORD-12341,2024-08-31,August,Q3,Smartphones,Mobile,Samsung,14000.0,30,9800.0,1,9800.0,10497.02,-697.02,-7.11,Hyderabad,South,Online,UPI,Yes,Student,False
ORD-12342,2024-09-17,September,Q3,Cameras,Imaging,Nikon,45000.0,30,31500.0,4,126000.0,124215.6,1784.4,1.42,Ahmedabad,West,Distributor,UPI,No,Student,False
ORD-12343,2024-07-28,July,Q3,Routers,Networking,TP-Link,10400.0,30,7280.0,1,7280.0,7300.17,-20.17,-0.28,Ahmedabad,West,Online,UPI,No,Small Business,False
ORD-12344,2024-04-08,April,Q2,Routers,Networking,TP-Link,2700.0,30,1890.0,2,3780.0,3826.16,-46.16,-1.22,Bangalore,South,Online,UPI,No,Small Business,False
ORD-12345,2024-10-11,October,Q4,Tablets,Mobile,Lenovo,10700.0,10,9630.0,1,9630.0,6893.03,2736.97,28.42,Bangalore,South,Retail Store,Credit Card,No,Enterprise,True
ORD-12346,2024-01-17,January,Q1,Smartphones,Mobile,OnePlus,14600.0,25,10950.0,1,10950.0,10223.82,726.18,6.63,Hyderabad,South,Retail Store,EMI,No,Individual,False
ORD-12347,2024-12-26,December,Q4,Laptops,Computing,HP,58000.0,0,58000.0,1,58000.0,41482.1,16517.9,28.48,Pune,West,Online,Net Banking,Yes,Small Business,True
ORD-12348,2024-03-25,March,Q1,Routers,Networking,Netgear,13900.0,0,13900.0,2,27800.0,19691.0,8109.0,29.17,Kolkata,East,Online,Debit Card,Yes,Enterprise,False
ORD-12349,2024-09-07,September,Q3,Routers,Networking,TP-Link,9400.0,15,7990.0,1,7990.0,6155.48,1834.52,22.96,Mumbai,West,Online,Credit Card,No,Individual,False
ORD-12350,2024-06-02,June,Q2,Laptops,Computing,Apple,52300.0,30,36610.0,1,36610.0,36215.61,394.39,1.08,Pune,West,Online,UPI,No,Small Business,False
ORD-12351,2024-09-18,September,Q3,Laptops,Computing,Lenovo,52400.0,20,41920.0,3,125760.0,99350.09999999999,26409.9,21.0,Ahmedabad,West,Online,EMI,No,Individual,False
ORD-12352,2024-03-30,March,Q1,Laptops,Computing,Apple,89000.0,20,71200.0,4,284800.0,211697.0,73103.0,25.67,Kolkata,East,Online,Credit Card,Yes,Individual,False
ORD-12353,2024-12-10,December,Q4,Smart TVs,Entertainment,OnePlus,118300.0,30,82810.0,2,165620.0,135591.14,30028.86,18.13,Bangalore,South,Online,EMI,No,Student,True
ORD-12354,2024-05-08,May,Q2,Smart TVs,Entertainment,OnePlus,125300.0,0,125300.0,1,125300.0,76907.55,48392.45,38.62,Pune,West,Retail Store,Net Banking,No,Enterprise,False
ORD-12355,2024-10-30,October,Q4,Gaming Consoles,Gaming,Microsoft,44400.0,0,44400.0,3,133200.0,87771.63,45428.37,34.11,Hyderabad,South,Online,EMI,No,Student,True
ORD-12356,2024-11-04,November,Q4,Cameras,Imaging,Canon,105900.0,10,95310.0,3,285930.0,231531.06,54398.94,19.03,Jaipur,North,Retail Store,Credit Card,No,Individual,True
ORD-12357,2024-01-25,January,Q1,Cameras,Imaging,Sony,67700.0,5,64315.0,2,128630.0,80793.94,47836.06,37.19,Hyderabad,South,Online,EMI,No,Enterprise,False
ORD-12358,2024-03-14,March,Q1,Air Purifiers,Home Tech,Sharp,8300.0,5,7885.0,3,23655.0,15777.900000000001,7877.1,33.3,Jaipur,North,Online,Debit Card,No,Small Business,False
ORD-12359,2024-07-02,July,Q3,Smart TVs,Entertainment,Sony,109700.0,5,104215.0,1,104215.0,70842.3,33372.7,32.02,Kolkata,East,Retail Store,UPI,No,Student,False
ORD-12360,2024-05-31,May,Q2,Headphones,Audio,JBL,11800.0,30,8260.0,3,24780.0,23002.199999999997,1777.8,7.17,Bangalore,South,Online,EMI,No,Enterprise,False
ORD-12361,2024-12-11,December,Q4,Tablets,Mobile,Apple,47200.0,10,42480.0,1,42480.0,27603.59,14876.41,35.02,Hyderabad,South,Retail Store,EMI,No,Student,True
ORD-12362,2024-12-29,December,Q4,Tablets,Mobile,Lenovo,15500.0,10,13950.0,6,83700.0,57511.31999999999,26188.68,31.29,Kolkata,East,Retail Store,Credit Card,No,Student,True
ORD-12363,2024-05-24,May,Q2,Gaming Consoles,Gaming,Sony,33400.0,30,23380.0,1,23380.0,21703.24,1676.76,7.17,Kolkata,East,Online,UPI,No,Individual,False
ORD-12364,2024-05-02,May,Q2,Smart TVs,Entertainment,LG,136600.0,20,109280.0,1,109280.0,96844.71,12435.29,11.38,Lucknow,North,Online,UPI,No,Individual,False
ORD-12365,2024-06-13,June,Q2,Routers,Networking,Netgear,8400.0,5,7980.0,1,7980.0,4697.43,3282.57,41.13,Mumbai,West,Corporate,UPI,No,Small Business,False
ORD-12366,2024-12-19,December,Q4,Gaming Consoles,Gaming,Nintendo,23200.0,5,22040.0,1,22040.0,13220.33,8819.67,40.02,Hyderabad,South,Corporate,Debit Card,No,Individual,True
ORD-12367,2024-06-03,June,Q2,Laptops,Computing,Asus,69100.0,30,48370.0,1,48370.0,40448.84,7921.16,16.38,Delhi,North,Online,UPI,No,Student,False
ORD-12368,2024-07-14,July,Q3,Gaming Consoles,Gaming,Sony,36600.0,30,25620.0,1,25620.0,20166.27,5453.73,21.29,Chennai,South,Corporate,EMI,No,Small Business,False
ORD-12369,2024-03-03,March,Q1,Smart TVs,Entertainment,Mi,44000.0,0,44000.0,4,176000.0,107432.88,68567.12,38.96,Pune,West,Online,UPI,No,Individual,False
ORD-12370,2024-02-24,February,Q1,Gaming Consoles,Gaming,Sony,42500.0,5,40375.0,3,121125.0,79653.63,41471.37,34.24,Chennai,South,Retail Store,Credit Card,No,Individual,False
ORD-12371,2024-01-30,January,Q1,Smartphones,Mobile,Apple,59000.0,25,44250.0,1,44250.0,36480.78,7769.22,17.56,Delhi,North,Online,UPI,No,Enterprise,False
ORD-12372,2024-12-24,December,Q4,Air Purifiers,Home Tech,Dyson,23000.0,10,20700.0,2,41400.0,28555.86,12844.14,31.02,Lucknow,North,Online,Debit Card,No,Small Business,True
ORD-12373,2024-04-26,April,Q2,Smartphones,Mobile,OnePlus,65200.0,10,58680.0,1,58680.0,45339.51,13340.49,22.73,Chennai,South,Online,UPI,Yes,Student,False
ORD-12374,2024-08-26,August,Q3,Routers,Networking,TP-Link,5000.0,15,4250.0,1,4250.0,3039.63,1210.37,28.48,Hyderabad,South,Distributor,Credit Card,No,Individual,False
ORD-12375,2024-11-10,November,Q4,Headphones,Audio,JBL,5300.0,20,4240.0,2,8480.0,7312.52,1167.48,13.77,Delhi,North,Corporate,Debit Card,Yes,Student,True
ORD-12376,2024-08-03,August,Q3,Cameras,Imaging,Sony,16300.0,5,15485.0,3,46455.0,33338.399999999994,13116.6,28.24,Kolkata,East,Online,UPI,No,Individual,False
ORD-12377,2024-12-24,December,Q4,Smartwatches,Wearables,Noise,25300.0,15,21505.0,2,43010.0,34531.28,8478.72,19.71,Lucknow,North,Online,UPI,No,Individual,True
ORD-12378,2024-07-19,July,Q3,Air Purifiers,Home Tech,Sharp,5800.0,25,4350.0,2,8700.0,8296.1,403.9,4.64,Kolkata,East,Online,UPI,No,Student,False
ORD-12379,2024-03-04,March,Q1,Routers,Networking,Asus,9200.0,0,9200.0,1,9200.0,6658.97,2541.03,27.62,Kolkata,East,Distributor,Credit Card,No,Enterprise,False
ORD-12380,2024-07-31,July,Q3,Smart TVs,Entertainment,OnePlus,30500.0,10,27450.0,1,27450.0,21934.4,5515.6,20.09,Lucknow,North,Online,UPI,No,Small Business,False
ORD-12381,2024-08-20,August,Q3,Smartwatches,Wearables,Samsung,26300.0,20,21040.0,2,42080.0,34869.58,7210.42,17.14,Bangalore,South,Distributor,Debit Card,No,Small Business,False
ORD-12382,2024-05-12,May,Q2,Cameras,Imaging,Sony,93100.0,25,69825.0,2,139650.0,121112.1,18537.9,13.27,Kolkata,East,Online,UPI,Yes,Enterprise,False
ORD-12383,2024-02-22,February,Q1,Air Purifiers,Home Tech,Philips,33100.0,15,28135.0,3,84405.0,62811.899999999994,21593.1,25.58,Lucknow,North,Online,Net Banking,No,Small Business,False
ORD-12384,2024-01-22,January,Q1,Laptops,Computing,Dell,99000.0,25,74250.0,3,222750.0,215075.40000000002,7674.6,3.45,Kolkata,East,Distributor,UPI,No,Enterprise,False
ORD-12385,2024-04-04,April,Q2,Cameras,Imaging,Fujifilm,130900.0,5,124355.0,3,373065.0,284432.97000000003,88632.03,23.76,Pune,West,Online,UPI,No,Enterprise,False
ORD-12386,2024-06-10,June,Q2,Smartwatches,Wearables,Samsung,43400.0,5,41230.0,1,41230.0,28114.6,13115.4,31.81,Pune,West,Retail Store,Credit Card,No,Student,False
ORD-12387,2024-07-29,July,Q3,Headphones,Audio,Apple,11300.0,10,10170.0,1,10170.0,7545.42,2624.58,25.81,Bangalore,South,Online,EMI,No,Enterprise,False
ORD-12388,2024-03-02,March,Q1,Smartphones,Mobile,OnePlus,37300.0,5,35435.0,2,70870.0,45728.32,25141.68,35.48,Kolkata,East,Retail Store,Net Banking,No,Student,False
ORD-12389,2024-09-30,September,Q3,Smartwatches,Wearables,Apple,7700.0,25,5775.0,1,5775.0,4318.52,1456.48,25.22,Kolkata,East,Distributor,EMI,No,Student,False
ORD-12390,2024-04-01,April,Q2,Gaming Consoles,Gaming,Sony,45900.0,25,34425.0,4,137700.0,101779.96,35920.04,26.09,Ahmedabad,West,Retail Store,UPI,No,Enterprise,False
ORD-12391,2024-03-11,March,Q1,Laptops,Computing,HP,79700.0,10,71730.0,1,71730.0,50802.15,20927.85,29.18,Pune,West,Corporate,UPI,No,Enterprise,False
ORD-12392,2024-09-09,September,Q3,Air Purifiers,Home Tech,Dyson,15000.0,10,13500.0,1,13500.0,11167.4,2332.6,17.28,Lucknow,North,Retail Store,EMI,No,Enterprise,False
ORD-12393,2024-12-23,December,Q4,Smartphones,Mobile,Xiaomi,9700.0,5,9215.0,5,46075.0,32977.399999999994,13097.6,28.43,Jaipur,North,Online,UPI,No,Small Business,True
ORD-12394,2024-05-04,May,Q2,Smart TVs,Entertainment,OnePlus,134300.0,5,127585.0,1,127585.0,92490.14,35094.86,27.51,Lucknow,North,Retail Store,UPI,No,Student,False
ORD-12395,2024-09-06,September,Q3,Cameras,Imaging,Fujifilm,9700.0,5,9215.0,2,18430.0,12249.14,6180.86,33.54,Chennai,South,Retail Store,EMI,No,Student,False
ORD-12396,2024-04-12,April,Q2,Smartphones,Mobile,Samsung,12900.0,5,12255.0,4,49020.0,37495.44,11524.56,23.51,Bangalore,South,Online,Cash,No,Enterprise,False
ORD-12397,2024-09-14,September,Q3,Headphones,Audio,Boat,10000.0,10,9000.0,2,18000.0,14092.94,3907.06,21.71,Jaipur,North,Online,Net Banking,No,Student,False
ORD-12398,2024-12-11,December,Q4,Gaming Consoles,Gaming,Microsoft,20800.0,30,14560.0,3,43680.0,40678.68,3001.32,6.87,Jaipur,North,Retail Store,Credit Card,No,Individual,True
ORD-12399,2024-12-23,December,Q4,Smart TVs,Entertainment,OnePlus,16600.0,10,14940.0,1,14940.0,11255.18,3684.82,24.66,Hyderabad,South,Retail Store,UPI,No,Small Business,True
ORD-12400,2024-01-13,January,Q1,Routers,Networking,Asus,13800.0,10,12420.0,2,24840.0,18316.8,6523.2,26.26,Mumbai,West,Online,UPI,No,Enterprise,False
ORD-12401,2024-02-17,February,Q1,Gaming Consoles,Gaming,Sony,33100.0,30,23170.0,1,23170.0,22528.42,641.58,2.77,Mumbai,West,Online,EMI,No,Individual,False
ORD-12402,2024-08-31,August,Q3,Smartwatches,Wearables,Boat,32600.0,25,24450.0,3,73350.0,66353.04000000001,6996.96,9.54,Jaipur,North,Distributor,UPI,No,Individual,False
ORD-12403,2024-05-26,May,Q2,Headphones,Audio,Sony,2000.0,0,2000.0,2,4000.0,2417.56,1582.44,39.56,Delhi,North,Online,Credit Card,No,Individual,False
ORD-12404,2024-12-17,December,Q4,Smart TVs,Entertainment,Samsung,50300.0,25,37725.0,1,37725.0,34249.57,3475.43,9.21,Hyderabad,South,Retail Store,UPI,No,Enterprise,True
ORD-12405,2024-06-29,June,Q2,Routers,Networking,TP-Link,3800.0,20,3040.0,2,6080.0,5151.52,928.48,15.27,Delhi,North,Corporate,Credit Card,No,Enterprise,False
ORD-12406,2024-08-17,August,Q3,Laptops,Computing,Asus,104900.0,15,89165.0,3,267495.0,207633.69,59861.31,22.38,Mumbai,West,Online,Cash,No,Student,False
ORD-12407,2024-12-02,December,Q4,Laptops,Computing,Asus,110300.0,20,88240.0,3,264720.0,227918.27999999997,36801.72,13.9,Chennai,South,Retail Store,UPI,No,Enterprise,True
ORD-12408,2024-09-21,September,Q3,Cameras,Imaging,Fujifilm,147300.0,20,117840.0,2,235680.0,219639.98,16040.02,6.81,Delhi,North,Online,Debit Card,No,Student,False
ORD-12409,2024-08-12,August,Q3,Smartwatches,Wearables,Boat,33500.0,20,26800.0,1,26800.0,19778.16,7021.84,26.2,Chennai,South,Online,UPI,No,Enterprise,False
ORD-12410,2024-01-15,January,Q1,Smartwatches,Wearables,Boat,10500.0,5,9975.0,4,39900.0,25246.92,14653.08,36.72,Jaipur,North,Online,Credit Card,No,Small Business,False
ORD-12411,2024-10-06,October,Q4,Smartwatches,Wearables,Samsung,17400.0,5,16530.0,1,16530.0,13006.11,3523.89,21.32,Lucknow,North,Retail Store,EMI,No,Enterprise,True
ORD-12412,2024-03-22,March,Q1,Cameras,Imaging,Fujifilm,101600.0,0,101600.0,2,203200.0,130784.58,72415.42,35.64,Ahmedabad,West,Online,UPI,No,Enterprise,False
ORD-12413,2024-08-05,August,Q3,Cameras,Imaging,Fujifilm,93900.0,5,89205.0,2,178410.0,103451.52,74958.48,42.01,Chennai,South,Online,EMI,No,Small Business,False
ORD-12414,2024-08-24,August,Q3,Tablets,Mobile,Huawei,47700.0,15,40545.0,1,40545.0,31887.71,8657.29,21.35,Chennai,South,Online,UPI,No,Individual,False
ORD-12415,2024-03-25,March,Q1,Smartwatches,Wearables,Samsung,39600.0,10,35640.0,2,71280.0,58503.26,12776.74,17.92,Kolkata,East,Online,UPI,No,Student,False
ORD-12416,2024-04-07,April,Q2,Smartphones,Mobile,Vivo,74000.0,15,62900.0,6,377400.0,255305.46000000002,122094.54,32.35,Mumbai,West,Retail Store,EMI,No,Small Business,False
ORD-12417,2024-09-04,September,Q3,Air Purifiers,Home Tech,Sharp,21000.0,25,15750.0,1,15750.0,15540.53,209.47,1.33,Delhi,North,Online,EMI,No,Enterprise,False
ORD-12418,2024-03-06,March,Q1,Air Purifiers,Home Tech,Sharp,11900.0,30,8330.0,4,33320.0,31916.16,1403.84,4.21,Mumbai,West,Retail Store,UPI,No,Small Business,False
ORD-12419,2024-05-22,May,Q2,Tablets,Mobile,Apple,24800.0,10,22320.0,1,22320.0,16064.74,6255.26,28.03,Mumbai,West,Online,Debit Card,No,Student,False
ORD-12420,2024-08-28,August,Q3,Laptops,Computing,Apple,104300.0,30,73010.0,1,73010.0,72213.44,796.56,1.09,Kolkata,East,Corporate,Debit Card,No,Student,False
ORD-12421,2024-02-25,February,Q1,Cameras,Imaging,Sony,108800.0,15,92480.0,2,184960.0,134906.22,50053.78,27.06,Kolkata,East,Retail Store,Credit Card,No,Student,False
ORD-12422,2024-09-25,September,Q3,Smart TVs,Entertainment,LG,68200.0,10,61380.0,4,245520.0,150917.2,94602.8,38.53,Lucknow,North,Retail Store,UPI,Yes,Enterprise,False
ORD-12423,2024-03-11,March,Q1,Cameras,Imaging,Sony,35900.0,15,30515.0,1,30515.0,24226.35,6288.65,20.61,Bangalore,South,Online,UPI,No,Enterprise,False
ORD-12424,2024-05-04,May,Q2,Gaming Consoles,Gaming,Nintendo,20500.0,0,20500.0,1,20500.0,12758.57,7741.43,37.76,Hyderabad,South,Retail Store,UPI,No,Individual,False
ORD-12425,2024-06-20,June,Q2,Air Purifiers,Home Tech,Dyson,7900.0,10,7110.0,1,7110.0,4403.68,2706.32,38.06,Delhi,North,Online,Credit Card,No,Small Business,False
ORD-12426,2024-08-02,August,Q3,Smartphones,Mobile,Samsung,44300.0,5,42085.0,5,210425.0,139603.75,70821.25,33.66,Jaipur,North,Retail Store,UPI,No,Student,False
ORD-12427,2024-06-21,June,Q2,Gaming Consoles,Gaming,Microsoft,50200.0,30,35140.0,1,35140.0,29651.21,5488.79,15.62,Pune,West,Online,Credit Card,No,Student,False
ORD-12428,2024-02-15,February,Q1,Gaming Consoles,Gaming,Sony,23800.0,20,19040.0,1,19040.0,15007.9,4032.1,21.18,Lucknow,North,Online,UPI,No,Student,False
ORD-12429,2024-11-20,November,Q4,Cameras,Imaging,Sony,104400.0,5,99180.0,2,198360.0,148762.2,49597.8,25.0,Mumbai,West,Distributor,UPI,Yes,Student,True
ORD-12430,2024-12-20,December,Q4,Tablets,Mobile,Huawei,31200.0,5,29640.0,1,29640.0,22018.96,7621.04,25.71,Bangalore,South,Online,Credit Card,No,Small Business,True
ORD-12431,2024-09-12,September,Q3,Tablets,Mobile,Lenovo,10100.0,30,7070.0,1,7070.0,5624.45,1445.55,20.45,Bangalore,South,Online,Credit Card,No,Enterprise,False
ORD-12432,2024-12-07,December,Q4,Cameras,Imaging,Canon,53400.0,20,42720.0,1,42720.0,29627.26,13092.74,30.65,Pune,West,Online,EMI,No,Individual,True
ORD-12433,2024-07-24,July,Q3,Smart TVs,Entertainment,Sony,177600.0,25,133200.0,1,133200.0,123449.44,9750.56,7.32,Chennai,South,Online,Credit Card,No,Small Business,False
ORD-12434,2024-07-14,July,Q3,Gaming Consoles,Gaming,Nintendo,46700.0,5,44365.0,2,88730.0,66534.86,22195.14,25.01,Delhi,North,Corporate,UPI,No,Individual,False
ORD-12435,2024-09-26,September,Q3,Gaming Consoles,Gaming,Nintendo,28200.0,20,22560.0,2,45120.0,36021.18,9098.82,20.17,Delhi,North,Retail Store,EMI,No,Individual,False
ORD-12436,2024-03-29,March,Q1,Routers,Networking,Netgear,5700.0,10,5130.0,2,10260.0,6416.98,3843.02,37.46,Jaipur,North,Distributor,Debit Card,No,Individual,False
ORD-12437,2024-11-14,November,Q4,Smart TVs,Entertainment,Sony,185800.0,25,139350.0,1,139350.0,110388.43,28961.57,20.78,Ahmedabad,West,Retail Store,UPI,No,Student,True
ORD-12438,2024-03-28,March,Q1,Routers,Networking,TP-Link,8200.0,30,5740.0,3,17220.0,13935.150000000001,3284.85,19.08,Bangalore,South,Retail Store,Credit Card,No,Enterprise,False
ORD-12439,2024-08-22,August,Q3,Headphones,Audio,Sennheiser,21200.0,30,14840.0,1,14840.0,13133.33,1706.67,11.5,Chennai,South,Online,EMI,Yes,Individual,False
ORD-12440,2024-06-27,June,Q2,Routers,Networking,Netgear,10400.0,25,7800.0,1,7800.0,6228.57,1571.43,20.15,Lucknow,North,Retail Store,Cash,No,Enterprise,False
ORD-12441,2024-03-12,March,Q1,Laptops,Computing,Apple,80500.0,0,80500.0,3,241500.0,168904.91999999998,72595.08,30.06,Bangalore,South,Retail Store,Debit Card,No,Student,False
ORD-12442,2024-07-01,July,Q3,Smartphones,Mobile,Samsung,37200.0,15,31620.0,1,31620.0,23637.93,7982.07,25.24,Delhi,North,Retail Store,Credit Card,No,Small Business,False
ORD-12443,2024-12-02,December,Q4,Routers,Networking,Netgear,6700.0,5,6365.0,1,6365.0,4264.47,2100.53,33.0,Jaipur,North,Corporate,Debit Card,No,Student,True
ORD-12444,2024-11-23,November,Q4,Tablets,Mobile,Huawei,56200.0,5,53390.0,1,53390.0,37565.48,15824.52,29.64,Bangalore,South,Retail Store,Credit Card,No,Individual,True
ORD-12445,2024-10-18,October,Q4,Smart TVs,Entertainment,OnePlus,134100.0,0,134100.0,2,268200.0,198446.68,69753.32,26.01,Pune,West,Online,Debit Card,No,Individual,True
ORD-12446,2024-08-25,August,Q3,Headphones,Audio,Apple,14800.0,30,10360.0,2,20720.0,18162.5,2557.5,12.34,Jaipur,North,Online,Credit Card,No,Student,False
ORD-12447,2024-08-26,August,Q3,Tablets,Mobile,Huawei,26100.0,20,20880.0,1,20880.0,18718.64,2161.36,10.35,Kolkata,East,Online,Credit Card,No,Enterprise,False
ORD-12448,2024-09-29,September,Q3,Smartphones,Mobile,OnePlus,10100.0,0,10100.0,1,10100.0,7410.28,2689.72,26.63,Hyderabad,South,Online,Credit Card,No,Student,False
ORD-12449,2024-06-17,June,Q2,Air Purifiers,Home Tech,Philips,25000.0,30,17500.0,3,52500.0,43336.14,9163.86,17.45,Pune,West,Distributor,Credit Card,No,Student,False
ORD-12450,2024-02-11,February,Q1,Laptops,Computing,Lenovo,74900.0,0,74900.0,3,224700.0,126105.36000000002,98594.64,43.88,Pune,West,Distributor,UPI,No,Enterprise,False
ORD-12451,2024-05-18,May,Q2,Gaming Consoles,Gaming,Nintendo,42400.0,20,33920.0,1,33920.0,31358.14,2561.86,7.55,Jaipur,North,Distributor,Credit Card,No,Individual,False
ORD-12452,2024-11-16,November,Q4,Smart TVs,Entertainment,Sony,158200.0,20,126560.0,1,126560.0,93217.04,33342.96,26.35,Delhi,North,Online,EMI,No,Individual,True
ORD-12453,2024-02-02,February,Q1,Routers,Networking,D-Link,12700.0,0,12700.0,3,38100.0,24714.78,13385.22,35.13,Bangalore,South,Retail Store,Net Banking,No,Enterprise,False
ORD-12454,2024-03-17,March,Q1,Tablets,Mobile,Apple,21400.0,5,20330.0,3,60990.0,40549.68,20440.32,33.51,Chennai,South,Distributor,Debit Card,No,Small Business,False
ORD-12455,2024-01-22,January,Q1,Smartphones,Mobile,Xiaomi,54000.0,0,54000.0,1,54000.0,39856.54,14143.46,26.19,Hyderabad,South,Distributor,Cash,No,Student,False
ORD-12456,2024-03-12,March,Q1,Headphones,Audio,Apple,11600.0,5,11020.0,2,22040.0,14938.82,7101.18,32.22,Hyderabad,South,Corporate,Debit Card,No,Individual,False
ORD-12457,2024-11-24,November,Q4,Headphones,Audio,JBL,10100.0,25,7575.0,3,22725.0,22488.84,236.16,1.04,Pune,West,Corporate,Debit Card,No,Enterprise,True
ORD-12458,2024-01-26,January,Q1,Cameras,Imaging,Fujifilm,120000.0,10,108000.0,1,108000.0,81502.59,26497.41,24.53,Hyderabad,South,Corporate,UPI,No,Individual,False
ORD-12459,2024-05-23,May,Q2,Cameras,Imaging,Fujifilm,135300.0,20,108240.0,1,108240.0,92346.58,15893.42,14.68,Kolkata,East,Online,EMI,No,Enterprise,False
ORD-12460,2024-09-16,September,Q3,Smart TVs,Entertainment,Samsung,118900.0,30,83230.0,2,166460.0,141664.16,24795.84,14.9,Pune,West,Retail Store,Cash,No,Student,False
ORD-12461,2024-09-10,September,Q3,Smart TVs,Entertainment,OnePlus,196000.0,30,137200.0,3,411600.0,358646.31,52953.69,12.87,Pune,West,Online,UPI,No,Student,False
ORD-12462,2024-08-30,August,Q3,Smartwatches,Wearables,Boat,22000.0,20,17600.0,2,35200.0,32129.62,3070.38,8.72,Hyderabad,South,Online,EMI,No,Small Business,False
ORD-12463,2024-12-02,December,Q4,Headphones,Audio,JBL,6500.0,25,4875.0,3,14625.0,12404.43,2220.57,15.18,Lucknow,North,Retail Store,EMI,No,Individual,True
ORD-12464,2024-06-05,June,Q2,Smartwatches,Wearables,Apple,17200.0,25,12900.0,1,12900.0,9569.67,3330.33,25.82,Bangalore,South,Retail Store,Credit Card,No,Individual,False
ORD-12465,2024-01-27,January,Q1,Air Purifiers,Home Tech,Philips,14800.0,30,10360.0,2,20720.0,19852.76,867.24,4.19,Chennai,South,Retail Store,Debit Card,No,Student,False
ORD-12466,2024-03-13,March,Q1,Gaming Consoles,Gaming,Microsoft,29400.0,30,20580.0,4,82320.0,86367.44,-4047.44,-4.92,Mumbai,West,Online,Cash,No,Small Business,False
ORD-12467,2024-06-20,June,Q2,Routers,Networking,Asus,2500.0,0,2500.0,3,7500.0,5139.87,2360.13,31.47,Mumbai,West,Online,Credit Card,No,Individual,False
ORD-12468,2024-06-08,June,Q2,Smart TVs,Entertainment,Samsung,57000.0,0,57000.0,1,57000.0,32937.67,24062.33,42.21,Ahmedabad,West,Retail Store,EMI,No,Small Business,False
ORD-12469,2024-04-24,April,Q2,Air Purifiers,Home Tech,Xiaomi,11600.0,30,8120.0,2,16240.0,16108.0,132.0,0.81,Delhi,North,Online,UPI,No,Individual,False
ORD-12470,2024-05-20,May,Q2,Tablets,Mobile,Huawei,27900.0,15,23715.0,1,23715.0,19904.5,3810.5,16.07,Bangalore,South,Retail Store,EMI,No,Small Business,False
ORD-12471,2024-12-07,December,Q4,Smartwatches,Wearables,Apple,31600.0,20,25280.0,1,25280.0,19677.18,5602.82,22.16,Chennai,South,Retail Store,Debit Card,No,Enterprise,True
ORD-12472,2024-05-29,May,Q2,Smartwatches,Wearables,Apple,12800.0,30,8960.0,1,8960.0,8144.36,815.64,9.1,Mumbai,West,Distributor,EMI,No,Small Business,False
ORD-12473,2024-06-14,June,Q2,Laptops,Computing,Dell,70300.0,10,63270.0,1,63270.0,43501.92,19768.08,31.24,Pune,West,Online,Debit Card,No,Individual,False
ORD-12474,2024-08-01,August,Q3,Tablets,Mobile,Huawei,19300.0,30,13510.0,1,13510.0,11030.54,2479.46,18.35,Ahmedabad,West,Online,Credit Card,No,Small Business,False
ORD-12475,2024-02-14,February,Q1,Smartwatches,Wearables,Noise,17800.0,15,15130.0,1,15130.0,12350.14,2779.86,18.37,Bangalore,South,Distributor,UPI,No,Student,False
ORD-12476,2024-01-15,January,Q1,Routers,Networking,Asus,8400.0,20,6720.0,3,20160.0,18777.57,1382.43,6.86,Ahmedabad,West,Online,UPI,No,Individual,False
ORD-12477,2024-08-05,August,Q3,Gaming Consoles,Gaming,Sony,22900.0,30,16030.0,1,16030.0,14571.21,1458.79,9.1,Mumbai,West,Distributor,UPI,No,Enterprise,False
ORD-12478,2024-02-07,February,Q1,Cameras,Imaging,Fujifilm,141600.0,10,127440.0,2,254880.0,174767.64,80112.36,31.43,Pune,West,Retail Store,EMI,No,Small Business,False
ORD-12479,2024-12-12,December,Q4,Cameras,Imaging,Fujifilm,40300.0,30,28210.0,1,28210.0,22970.66,5239.34,18.57,Bangalore,South,Corporate,UPI,No,Individual,True
ORD-12480,2024-06-06,June,Q2,Routers,Networking,Asus,12900.0,0,12900.0,1,12900.0,8791.53,4108.47,31.85,Bangalore,South,Online,Credit Card,No,Student,False
ORD-12481,2024-06-01,June,Q2,Smartwatches,Wearables,Apple,38900.0,5,36955.0,1,36955.0,25697.16,11257.84,30.46,Chennai,South,Online,UPI,No,Enterprise,False
ORD-12482,2024-08-14,August,Q3,Cameras,Imaging,Fujifilm,34200.0,20,27360.0,2,54720.0,38494.48,16225.52,29.65,Pune,West,Online,UPI,No,Enterprise,False
ORD-12483,2024-04-09,April,Q2,Laptops,Computing,Apple,105800.0,5,100510.0,1,100510.0,71878.34,28631.66,28.49,Chennai,South,Retail Store,Debit Card,No,Individual,False
ORD-12484,2024-01-20,January,Q1,Tablets,Mobile,Huawei,34200.0,25,25650.0,3,76950.0,69614.45999999999,7335.54,9.53,Pune,West,Online,UPI,No,Student,False
ORD-12485,2024-11-05,November,Q4,Tablets,Mobile,Huawei,55200.0,10,49680.0,3,149040.0,117870.69,31169.31,20.91,Ahmedabad,West,Online,UPI,No,Student,True
ORD-12486,2024-03-13,March,Q1,Gaming Consoles,Gaming,Sony,46000.0,25,34500.0,2,69000.0,59862.92,9137.08,13.24,Chennai,South,Distributor,UPI,No,Small Business,False
ORD-12487,2024-07-22,July,Q3,Gaming Consoles,Gaming,Sony,47500.0,15,40375.0,2,80750.0,56388.8,24361.2,30.17,Ahmedabad,West,Retail Store,Credit Card,No,Enterprise,False
ORD-12488,2024-03-11,March,Q1,Gaming Consoles,Gaming,Nintendo,43900.0,15,37315.0,2,74630.0,48307.18,26322.82,35.27,Hyderabad,South,Online,Debit Card,No,Individual,False
ORD-12489,2024-07-10,July,Q3,Smart TVs,Entertainment,Sony,62000.0,10,55800.0,1,55800.0,34733.87,21066.13,37.75,Bangalore,South,Online,EMI,No,Small Business,False
ORD-12490,2024-10-13,October,Q4,Air Purifiers,Home Tech,Dyson,36000.0,25,27000.0,2,54000.0,53137.9,862.1,1.6,Pune,West,Distributor,UPI,No,Student,True
ORD-12491,2024-08-19,August,Q3,Cameras,Imaging,Canon,41800.0,30,29260.0,2,58520.0,46774.6,11745.4,20.07,Mumbai,West,Retail Store,Debit Card,No,Student,False
ORD-12492,2024-12-16,December,Q4,Air Purifiers,Home Tech,Xiaomi,15400.0,0,15400.0,1,15400.0,10122.33,5277.67,34.27,Bangalore,South,Online,Credit Card,No,Individual,True
ORD-12493,2024-02-08,February,Q1,Smart TVs,Entertainment,Mi,138000.0,15,117300.0,3,351900.0,241984.91999999998,109915.08,31.23,Mumbai,West,Distributor,Credit Card,No,Enterprise,False
ORD-12494,2024-07-11,July,Q3,Smartphones,Mobile,Samsung,47300.0,5,44935.0,1,44935.0,27423.57,17511.43,38.97,Delhi,North,Online,Debit Card,No,Small Business,False
ORD-12495,2024-03-29,March,Q1,Smartphones,Mobile,Vivo,61300.0,25,45975.0,1,45975.0,42679.56,3295.44,7.17,Kolkata,East,Retail Store,Debit Card,No,Small Business,False
ORD-12496,2024-07-31,July,Q3,Smartphones,Mobile,Apple,46700.0,25,35025.0,2,70050.0,63840.1,6209.9,8.86,Delhi,North,Retail Store,Debit Card,Yes,Student,False
ORD-12497,2024-11-03,November,Q4,Smartphones,Mobile,Xiaomi,61900.0,20,49520.0,1,49520.0,42790.61,6729.39,13.59,Ahmedabad,West,Retail Store,UPI,No,Enterprise,True
ORD-12498,2024-03-07,March,Q1,Laptops,Computing,Lenovo,91400.0,0,91400.0,1,91400.0,64538.33,26861.67,29.39,Ahmedabad,West,Corporate,Credit Card,No,Enterprise,False
ORD-12499,2024-10-14,October,Q4,Smartwatches,Wearables,Apple,36100.0,25,27075.0,1,27075.0,23704.22,3370.78,12.45,Lucknow,North,Online,UPI,No,Enterprise,True
ORD-12500,2024-02-11,February,Q1,Laptops,Computing,Apple,96600.0,20,77280.0,3,231840.0,174739.62,57100.38,24.63,Hyderabad,South,Online,Cash,No,Student,False
ORD-12501,2024-03-13,March,Q1,Gaming Consoles,Gaming,Microsoft,32000.0,15,27200.0,2,54400.0,45730.6,8669.4,15.94,Lucknow,North,Online,Credit Card,No,Student,False
ORD-12502,2024-08-16,August,Q3,Laptops,Computing,Apple,72500.0,30,50750.0,2,101500.0,83849.62,17650.38,17.39,Kolkata,East,Online,Credit Card,No,Student,False
ORD-12503,2024-07-14,July,Q3,Air Purifiers,Home Tech,Philips,37900.0,10,34110.0,4,136440.0,94400.0,42040.0,30.81,Chennai,South,Retail Store,UPI,No,Student,False
ORD-12504,2024-05-26,May,Q2,Smartphones,Mobile,Apple,60500.0,5,57475.0,1,57475.0,41592.43,15882.57,27.63,Hyderabad,South,Retail Store,Net Banking,No,Student,False
ORD-12505,2024-07-14,July,Q3,Tablets,Mobile,Huawei,31200.0,25,23400.0,3,70200.0,55568.67,14631.33,20.84,Hyderabad,South,Corporate,UPI,No,Student,False
ORD-12506,2024-02-19,February,Q1,Headphones,Audio,Boat,15800.0,0,15800.0,2,31600.0,19747.42,11852.58,37.51,Hyderabad,South,Retail Store,UPI,No,Student,False
ORD-12507,2024-04-16,April,Q2,Cameras,Imaging,Sony,76000.0,30,53200.0,2,106400.0,91207.66,15192.34,14.28,Pune,West,Online,Net Banking,No,Student,False
ORD-12508,2024-01-12,January,Q1,Smart TVs,Entertainment,OnePlus,117000.0,30,81900.0,1,81900.0,86844.21,-4944.21,-6.04,Mumbai,West,Online,Credit Card,No,Small Business,False
ORD-12509,2024-07-24,July,Q3,Smart TVs,Entertainment,Sony,156600.0,20,125280.0,3,375840.0,350050.77,25789.23,6.86,Bangalore,South,Distributor,Debit Card,Yes,Individual,False
ORD-12510,2024-12-04,December,Q4,Tablets,Mobile,Huawei,56800.0,15,48280.0,1,48280.0,34986.88,13293.12,27.53,Chennai,South,Online,UPI,No,Student,True
ORD-12511,2024-12-17,December,Q4,Tablets,Mobile,Samsung,14100.0,15,11985.0,2,23970.0,16470.72,7499.28,31.29,Jaipur,North,Online,Credit Card,No,Individual,True
ORD-12512,2024-02-14,February,Q1,Routers,Networking,TP-Link,7200.0,20,5760.0,1,5760.0,5072.65,687.35,11.93,Kolkata,East,Retail Store,EMI,No,Student,False
ORD-12513,2024-09-26,September,Q3,Gaming Consoles,Gaming,Nintendo,47700.0,25,35775.0,3,107325.0,93605.70000000001,13719.3,12.78,Hyderabad,South,Distributor,Credit Card,No,Student,False
ORD-12514,2024-11-15,November,Q4,Gaming Consoles,Gaming,Sony,31100.0,30,21770.0,3,65310.0,53830.770000000004,11479.23,17.58,Ahmedabad,West,Online,UPI,No,Enterprise,True
ORD-12515,2024-08-01,August,Q3,Smartwatches,Wearables,Boat,33600.0,20,26880.0,1,26880.0,22645.13,4234.87,15.75,Delhi,North,Corporate,EMI,No,Individual,False
ORD-12516,2024-09-09,September,Q3,Smart TVs,Entertainment,Samsung,90200.0,5,85690.0,2,171380.0,102637.24,68742.76,40.11,Kolkata,East,Online,UPI,No,Enterprise,False
ORD-12517,2024-06-29,June,Q2,Air Purifiers,Home Tech,Philips,31100.0,30,21770.0,1,21770.0,19682.68,2087.32,9.59,Kolkata,East,Retail Store,Debit Card,No,Individual,False
ORD-12518,2024-02-15,February,Q1,Gaming Consoles,Gaming,Sony,38400.0,25,28800.0,2,57600.0,53153.7,4446.3,7.72,Lucknow,North,Distributor,UPI,No,Small Business,False
ORD-12519,2024-12-23,December,Q4,Smartphones,Mobile,Samsung,63000.0,25,47250.0,2,94500.0,90047.12,4452.88,4.71,Ahmedabad,West,Online,Net Banking,No,Small Business,True
ORD-12520,2024-02-28,February,Q1,Cameras,Imaging,Nikon,122000.0,25,91500.0,1,91500.0,71845.07,19654.93,21.48,Delhi,North,Distributor,UPI,No,Enterprise,False
ORD-12521,2024-05-17,May,Q2,Gaming Consoles,Gaming,Sony,46400.0,0,46400.0,2,92800.0,56802.36,35997.64,38.79,Lucknow,North,Distributor,UPI,No,Enterprise,False
ORD-12522,2024-05-31,May,Q2,Smartwatches,Wearables,Boat,35300.0,20,28240.0,3,84720.0,63008.549999999996,21711.45,25.63,Kolkata,East,Corporate,EMI,No,Individual,False
ORD-12523,2024-03-19,March,Q1,Air Purifiers,Home Tech,Xiaomi,40000.0,5,38000.0,1,38000.0,26830.05,11169.95,29.39,Bangalore,South,Online,Credit Card,Yes,Enterprise,False
ORD-12524,2024-02-24,February,Q1,Air Purifiers,Home Tech,Xiaomi,7400.0,20,5920.0,3,17760.0,15320.49,2439.51,13.74,Bangalore,South,Online,EMI,No,Enterprise,False
ORD-12525,2024-09-09,September,Q3,Cameras,Imaging,Nikon,136500.0,0,136500.0,1,136500.0,97430.98,39069.02,28.62,Bangalore,South,Retail Store,Credit Card,No,Student,False
ORD-12526,2024-04-29,April,Q2,Gaming Consoles,Gaming,Nintendo,29100.0,10,26190.0,2,52380.0,33146.86,19233.14,36.72,Chennai,South,Retail Store,Debit Card,No,Individual,False
ORD-12527,2024-06-09,June,Q2,Cameras,Imaging,Nikon,118200.0,20,94560.0,2,189120.0,141478.84,47641.16,25.19,Ahmedabad,West,Retail Store,Credit Card,No,Individual,False
ORD-12528,2024-11-29,November,Q4,Gaming Consoles,Gaming,Microsoft,44400.0,10,39960.0,2,79920.0,55275.56,24644.44,30.84,Lucknow,North,Retail Store,UPI,No,Individual,True
ORD-12529,2024-10-14,October,Q4,Gaming Consoles,Gaming,Nintendo,50300.0,25,37725.0,1,37725.0,28747.57,8977.43,23.8,Ahmedabad,West,Retail Store,EMI,No,Individual,True
ORD-12530,2024-08-02,August,Q3,Cameras,Imaging,Canon,17400.0,5,16530.0,1,16530.0,10320.96,6209.04,37.56,Lucknow,North,Retail Store,Cash,No,Student,False
ORD-12531,2024-12-20,December,Q4,Tablets,Mobile,Samsung,33900.0,5,32205.0,1,32205.0,23435.83,8769.17,27.23,Mumbai,West,Retail Store,UPI,No,Small Business,True
ORD-12532,2024-11-26,November,Q4,Tablets,Mobile,Lenovo,14700.0,20,11760.0,5,58800.0,48145.600000000006,10654.4,18.12,Chennai,South,Distributor,UPI,No,Small Business,True
ORD-12533,2024-04-04,April,Q2,Smart TVs,Entertainment,OnePlus,72800.0,0,72800.0,1,72800.0,41410.74,31389.26,43.12,Jaipur,North,Online,EMI,No,Small Business,False
ORD-12534,2024-05-31,May,Q2,Routers,Networking,Asus,3200.0,25,2400.0,1,2400.0,1779.72,620.28,25.85,Hyderabad,South,Online,EMI,No,Enterprise,False
ORD-12535,2024-08-12,August,Q3,Cameras,Imaging,Sony,107600.0,0,107600.0,2,215200.0,123439.38,91760.62,42.64,Jaipur,North,Retail Store,UPI,No,Enterprise,False
ORD-12536,2024-01-05,January,Q1,Gaming Consoles,Gaming,Nintendo,30000.0,10,27000.0,1,27000.0,19469.96,7530.04,27.89,Chennai,South,Retail Store,Debit Card,No,Small Business,False
ORD-12537,2024-08-27,August,Q3,Smartphones,Mobile,OnePlus,30400.0,25,22800.0,3,68400.0,52608.450000000004,15791.55,23.09,Pune,West,Corporate,Debit Card,No,Small Business,False
ORD-12538,2024-07-16,July,Q3,Laptops,Computing,Dell,27600.0,5,26220.0,3,78660.0,50811.149999999994,27848.85,35.4,Pune,West,Retail Store,UPI,No,Small Business,False
ORD-12539,2024-01-19,January,Q1,Tablets,Mobile,Apple,34000.0,25,25500.0,2,51000.0,42589.82,8410.18,16.49,Lucknow,North,Retail Store,Net Banking,No,Small Business,False
ORD-12540,2024-10-18,October,Q4,Smartwatches,Wearables,Samsung,11600.0,15,9860.0,5,49300.0,32981.950000000004,16318.05,33.1,Hyderabad,South,Online,UPI,No,Small Business,True
ORD-12541,2024-11-07,November,Q4,Smartphones,Mobile,Vivo,65100.0,30,45570.0,1,45570.0,46142.77,-572.77,-1.26,Bangalore,South,Online,Debit Card,No,Individual,True
ORD-12542,2024-07-12,July,Q3,Cameras,Imaging,Nikon,80800.0,5,76760.0,4,307040.0,195223.08,111816.92,36.42,Chennai,South,Online,UPI,No,Small Business,False
ORD-12543,2024-05-01,May,Q2,Headphones,Audio,Boat,12100.0,0,12100.0,1,12100.0,8927.55,3172.45,26.22,Jaipur,North,Online,Cash,No,Individual,False
ORD-12544,2024-09-16,September,Q3,Cameras,Imaging,Sony,123300.0,5,117135.0,2,234270.0,149650.64,84619.36,36.12,Jaipur,North,Online,Cash,Yes,Enterprise,False
ORD-12545,2024-06-24,June,Q2,Smartphones,Mobile,Xiaomi,27400.0,10,24660.0,1,24660.0,19570.13,5089.87,20.64,Mumbai,West,Retail Store,Credit Card,Yes,Enterprise,False
ORD-12546,2024-11-07,November,Q4,Headphones,Audio,Sennheiser,21200.0,30,14840.0,1,14840.0,11695.01,3144.99,21.19,Lucknow,North,Retail Store,Cash,No,Student,True
ORD-12547,2024-05-25,May,Q2,Smartwatches,Wearables,Samsung,15500.0,0,15500.0,3,46500.0,33382.409999999996,13117.59,28.21,Ahmedabad,West,Retail Store,UPI,No,Small Business,False
ORD-12548,2024-01-03,January,Q1,Smartphones,Mobile,Vivo,65500.0,10,58950.0,1,58950.0,39613.99,19336.01,32.8,Jaipur,North,Retail Store,Credit Card,Yes,Enterprise,False
ORD-12549,2024-11-08,November,Q4,Cameras,Imaging,Fujifilm,81300.0,15,69105.0,1,69105.0,51701.91,17403.09,25.18,Lucknow,North,Retail Store,Debit Card,No,Student,True
ORD-12550,2024-12-24,December,Q4,Laptops,Computing,Asus,91500.0,30,64050.0,3,192150.0,186247.02,5902.98,3.07,Kolkata,East,Retail Store,UPI,No,Student,True
ORD-12551,2024-02-12,February,Q1,Laptops,Computing,Dell,116500.0,5,110675.0,1,110675.0,82678.2,27996.8,25.3,Hyderabad,South,Distributor,Net Banking,Yes,Student,False
ORD-12552,2024-02-22,February,Q1,Smartwatches,Wearables,Noise,22400.0,10,20160.0,2,40320.0,28392.72,11927.28,29.58,Pune,West,Online,Credit Card,No,Student,False
ORD-12553,2024-01-11,January,Q1,Laptops,Computing,Asus,71700.0,10,64530.0,1,64530.0,43174.29,21355.71,33.09,Bangalore,South,Online,Debit Card,Yes,Enterprise,False
ORD-12554,2024-11-08,November,Q4,Cameras,Imaging,Sony,10600.0,10,9540.0,2,19080.0,13034.62,6045.38,31.68,Mumbai,West,Retail Store,EMI,No,Small Business,True
ORD-12555,2024-09-05,September,Q3,Smartwatches,Wearables,Garmin,3500.0,30,2450.0,3,7350.0,7270.049999999999,79.95,1.09,Hyderabad,South,Corporate,EMI,No,Student,False
ORD-12556,2024-12-25,December,Q4,Routers,Networking,Netgear,13600.0,30,9520.0,3,28560.0,26076.93,2483.07,8.69,Hyderabad,South,Corporate,EMI,No,Small Business,True
ORD-12557,2024-10-02,October,Q4,Smartwatches,Wearables,Noise,20100.0,5,19095.0,1,19095.0,14092.39,5002.61,26.2,Hyderabad,South,Retail Store,EMI,No,Small Business,True
ORD-12558,2024-09-21,September,Q3,Headphones,Audio,Apple,6500.0,25,4875.0,1,4875.0,4104.37,770.63,15.81,Jaipur,North,Distributor,Debit Card,No,Enterprise,False
ORD-12559,2024-04-23,April,Q2,Smartphones,Mobile,Samsung,9600.0,0,9600.0,1,9600.0,6912.3,2687.7,28.0,Bangalore,South,Retail Store,Debit Card,No,Individual,False
ORD-12560,2024-11-08,November,Q4,Smart TVs,Entertainment,Sony,155400.0,25,116550.0,2,233100.0,228168.26,4931.74,2.12,Pune,West,Online,EMI,No,Student,True
ORD-12561,2024-06-28,June,Q2,Routers,Networking,D-Link,11600.0,0,11600.0,1,11600.0,8448.36,3151.64,27.17,Kolkata,East,Online,UPI,Yes,Student,False
ORD-12562,2024-04-20,April,Q2,Headphones,Audio,JBL,17200.0,5,16340.0,4,65360.0,46493.24,18866.76,28.87,Hyderabad,South,Retail Store,EMI,No,Small Business,False
ORD-12563,2024-04-29,April,Q2,Laptops,Computing,Apple,31800.0,5,30210.0,4,120840.0,74950.72,45889.28,37.98,Pune,West,Retail Store,Credit Card,No,Individual,False
ORD-12564,2024-08-17,August,Q3,Smart TVs,Entertainment,Sony,178900.0,10,161010.0,4,644040.0,433645.08,210394.92,32.67,Pune,West,Retail Store,EMI,No,Student,False
ORD-12565,2024-03-10,March,Q1,Cameras,Imaging,Nikon,141900.0,15,120615.0,2,241230.0,186637.26,54592.74,22.63,Mumbai,West,Retail Store,Cash,No,Student,False
ORD-12566,2024-09-10,September,Q3,Headphones,Audio,Sennheiser,24200.0,30,16940.0,2,33880.0,30243.56,3636.44,10.73,Hyderabad,South,Retail Store,Debit Card,Yes,Enterprise,False
ORD-12567,2024-03-11,March,Q1,Gaming Consoles,Gaming,Microsoft,49700.0,15,42245.0,1,42245.0,34789.05,7455.95,17.65,Hyderabad,South,Distributor,EMI,Yes,Small Business,False
ORD-12568,2024-08-31,August,Q3,Cameras,Imaging,Fujifilm,67600.0,15,57460.0,2,114920.0,81968.86,32951.14,28.67,Hyderabad,South,Distributor,UPI,No,Student,False
ORD-12569,2024-08-27,August,Q3,Smartwatches,Wearables,Apple,14900.0,15,12665.0,1,12665.0,9240.18,3424.82,27.04,Hyderabad,South,Online,Credit Card,No,Small Business,False
ORD-12570,2024-11-29,November,Q4,Smart TVs,Entertainment,Sony,130100.0,0,130100.0,2,260200.0,184157.4,76042.6,29.22,Mumbai,West,Retail Store,UPI,No,Student,True
ORD-12571,2024-07-09,July,Q3,Cameras,Imaging,Sony,111100.0,5,105545.0,2,211090.0,132971.96,78118.04,37.01,Hyderabad,South,Retail Store,Credit Card,No,Enterprise,False
ORD-12572,2024-12-01,December,Q4,Cameras,Imaging,Sony,42900.0,5,40755.0,1,40755.0,31435.3,9319.7,22.87,Bangalore,South,Corporate,Credit Card,No,Individual,True
ORD-12573,2024-01-19,January,Q1,Headphones,Audio,Sennheiser,1200.0,20,960.0,5,4800.0,4184.25,615.75,12.83,Delhi,North,Online,UPI,No,Enterprise,False
ORD-12574,2024-08-03,August,Q3,Laptops,Computing,Dell,82000.0,30,57400.0,1,57400.0,54904.81,2495.19,4.35,Lucknow,North,Retail Store,Credit Card,No,Individual,False
ORD-12575,2024-02-14,February,Q1,Routers,Networking,TP-Link,10600.0,10,9540.0,3,28620.0,20685.15,7934.85,27.72,Ahmedabad,West,Distributor,UPI,No,Enterprise,False
ORD-12576,2024-06-05,June,Q2,Air Purifiers,Home Tech,Sharp,19900.0,0,19900.0,1,19900.0,12977.69,6922.31,34.79,Kolkata,East,Retail Store,Debit Card,No,Student,False
ORD-12577,2024-10-25,October,Q4,Cameras,Imaging,Fujifilm,103300.0,30,72310.0,3,216930.0,218911.71000000002,-1981.71,-0.91,Kolkata,East,Retail Store,UPI,No,Enterprise,True
ORD-12578,2024-12-30,December,Q4,Tablets,Mobile,Lenovo,30200.0,20,24160.0,5,120800.0,100752.25,20047.75,16.6,Mumbai,West,Retail Store,Debit Card,No,Small Business,True
ORD-12579,2024-12-25,December,Q4,Smart TVs,Entertainment,LG,15700.0,5,14915.0,1,14915.0,10438.15,4476.85,30.02,Bangalore,South,Retail Store,Cash,No,Enterprise,True
ORD-12580,2024-05-22,May,Q2,Air Purifiers,Home Tech,Philips,26800.0,15,22780.0,1,22780.0,15676.58,7103.42,31.18,Bangalore,South,Online,UPI,No,Individual,False
ORD-12581,2024-09-29,September,Q3,Cameras,Imaging,Fujifilm,12600.0,15,10710.0,4,42840.0,30819.88,12020.12,28.06,Chennai,South,Online,Debit Card,No,Student,False
ORD-12582,2024-09-13,September,Q3,Smartwatches,Wearables,Samsung,12900.0,10,11610.0,3,34830.0,27978.120000000003,6851.88,19.67,Bangalore,South,Online,Credit Card,No,Individual,False
ORD-12583,2024-01-09,January,Q1,Tablets,Mobile,Apple,49200.0,15,41820.0,1,41820.0,33408.17,8411.83,20.11,Pune,West,Corporate,Credit Card,No,Student,False
ORD-12584,2024-07-30,July,Q3,Headphones,Audio,Sennheiser,12200.0,0,12200.0,2,24400.0,14414.48,9985.52,40.92,Chennai,South,Corporate,UPI,No,Individual,False
ORD-12585,2024-03-13,March,Q1,Smartwatches,Wearables,Boat,17800.0,10,16020.0,4,64080.0,51986.0,12094.0,18.87,Kolkata,East,Distributor,Credit Card,No,Small Business,False
ORD-12586,2024-11-14,November,Q4,Routers,Networking,Asus,9900.0,25,7425.0,3,22275.0,17041.44,5233.56,23.5,Jaipur,North,Retail Store,Credit Card,No,Individual,True
ORD-12587,2024-10-22,October,Q4,Routers,Networking,Asus,10900.0,25,8175.0,1,8175.0,7725.16,449.84,5.5,Delhi,North,Corporate,Net Banking,No,Student,True
ORD-12588,2024-06-18,June,Q2,Smartwatches,Wearables,Boat,38000.0,30,26600.0,1,26600.0,21740.58,4859.42,18.27,Ahmedabad,West,Online,Debit Card,No,Small Business,False
ORD-12589,2024-02-19,February,Q1,Gaming Consoles,Gaming,Sony,30900.0,30,21630.0,4,86520.0,91577.56,-5057.56,-5.85,Delhi,North,Retail Store,Debit Card,No,Individual,False
ORD-12590,2024-04-10,April,Q2,Routers,Networking,TP-Link,12500.0,30,8750.0,1,8750.0,7837.95,912.05,10.42,Hyderabad,South,Online,Debit Card,No,Enterprise,False
ORD-12591,2024-03-21,March,Q1,Laptops,Computing,Apple,108200.0,20,86560.0,1,86560.0,69536.03,17023.97,19.67,Chennai,South,Corporate,EMI,No,Individual,False
ORD-12592,2024-03-29,March,Q1,Laptops,Computing,Apple,54900.0,15,46665.0,3,139995.0,120382.62,19612.38,14.01,Hyderabad,South,Online,UPI,No,Individual,False
ORD-12593,2024-04-10,April,Q2,Smart TVs,Entertainment,Sony,76500.0,25,57375.0,3,172125.0,142581.84,29543.16,17.16,Chennai,South,Distributor,Net Banking,No,Individual,False
ORD-12594,2024-04-07,April,Q2,Smartphones,Mobile,OnePlus,29400.0,15,24990.0,2,49980.0,37525.58,12454.42,24.92,Delhi,North,Retail Store,UPI,No,Student,False
ORD-12595,2024-07-03,July,Q3,Gaming Consoles,Gaming,Nintendo,30600.0,30,21420.0,1,21420.0,18744.72,2675.28,12.49,Ahmedabad,West,Retail Store,EMI,No,Enterprise,False
ORD-12596,2024-06-15,June,Q2,Headphones,Audio,Sony,19700.0,25,14775.0,2,29550.0,29343.18,206.82,0.7,Lucknow,North,Retail Store,UPI,Yes,Enterprise,False
ORD-12597,2024-06-23,June,Q2,Tablets,Mobile,Samsung,30800.0,25,23100.0,1,23100.0,17445.33,5654.67,24.48,Lucknow,North,Corporate,EMI,No,Individual,False
ORD-12598,2024-12-21,December,Q4,Cameras,Imaging,Fujifilm,106000.0,0,106000.0,1,106000.0,58666.11,47333.89,44.65,Jaipur,North,Retail Store,UPI,No,Individual,True
ORD-12599,2024-07-26,July,Q3,Routers,Networking,Netgear,6800.0,20,5440.0,2,10880.0,9996.16,883.84,8.12,Bangalore,South,Retail Store,Debit Card,No,Student,False
ORD-12600,2024-03-28,March,Q1,Cameras,Imaging,Fujifilm,143600.0,0,143600.0,1,143600.0,94175.12,49424.88,34.42,Hyderabad,South,Retail Store,EMI,No,Individual,False
ORD-12601,2024-01-06,January,Q1,Smartwatches,Wearables,Boat,11500.0,25,8625.0,1,8625.0,8164.2,460.8,5.34,Pune,West,Retail Store,EMI,No,Student,False
ORD-12602,2024-01-26,January,Q1,Smart TVs,Entertainment,LG,42000.0,0,42000.0,2,84000.0,62330.74,21669.26,25.8,Ahmedabad,West,Corporate,UPI,No,Student,False
ORD-12603,2024-03-06,March,Q1,Headphones,Audio,Boat,14100.0,0,14100.0,1,14100.0,8163.19,5936.81,42.11,Pune,West,Online,Credit Card,No,Individual,False
ORD-12604,2024-06-18,June,Q2,Routers,Networking,TP-Link,10900.0,5,10355.0,2,20710.0,15972.98,4737.02,22.87,Jaipur,North,Online,EMI,No,Individual,False
ORD-12605,2024-03-29,March,Q1,Tablets,Mobile,Lenovo,10600.0,30,7420.0,1,7420.0,6590.26,829.74,11.18,Hyderabad,South,Distributor,UPI,Yes,Student,False
ORD-12606,2024-12-20,December,Q4,Gaming Consoles,Gaming,Microsoft,21500.0,20,17200.0,1,17200.0,11925.16,5274.84,30.67,Delhi,North,Retail Store,Net Banking,No,Enterprise,True
ORD-12607,2024-08-11,August,Q3,Cameras,Imaging,Sony,37000.0,0,37000.0,4,148000.0,108057.16,39942.84,26.99,Pune,West,Retail Store,Credit Card,No,Small Business,False
ORD-12608,2024-09-20,September,Q3,Routers,Networking,D-Link,8400.0,20,6720.0,1,6720.0,5363.9,1356.1,20.18,Kolkata,East,Online,Debit Card,No,Small Business,False
ORD-12609,2024-02-07,February,Q1,Smart TVs,Entertainment,OnePlus,136900.0,0,136900.0,3,410700.0,260111.94,150588.06,36.67,Bangalore,South,Distributor,UPI,No,Individual,False
ORD-12610,2024-02-20,February,Q1,Smart TVs,Entertainment,Mi,85700.0,10,77130.0,1,77130.0,55396.38,21733.62,28.18,Lucknow,North,Online,EMI,No,Individual,False
ORD-12611,2024-10-22,October,Q4,Gaming Consoles,Gaming,Sony,27500.0,0,27500.0,1,27500.0,16265.23,11234.77,40.85,Delhi,North,Distributor,Debit Card,No,Enterprise,True
ORD-12612,2024-05-05,May,Q2,Routers,Networking,Netgear,14300.0,20,11440.0,2,22880.0,17387.94,5492.06,24.0,Delhi,North,Retail Store,EMI,No,Individual,False
ORD-12613,2024-07-04,July,Q3,Smart TVs,Entertainment,Samsung,96500.0,20,77200.0,1,77200.0,57694.81,19505.19,25.27,Pune,West,Distributor,Net Banking,No,Small Business,False
ORD-12614,2024-11-23,November,Q4,Smartphones,Mobile,Vivo,31900.0,5,30305.0,1,30305.0,18349.48,11955.52,39.45,Kolkata,East,Retail Store,EMI,No,Student,True
ORD-12615,2024-11-16,November,Q4,Routers,Networking,D-Link,12700.0,10,11430.0,3,34290.0,23850.57,10439.43,30.44,Bangalore,South,Retail Store,UPI,No,Small Business,True
ORD-12616,2024-03-22,March,Q1,Routers,Networking,Netgear,11000.0,0,11000.0,1,11000.0,7722.3,3277.7,29.8,Delhi,North,Retail Store,UPI,No,Individual,False
ORD-12617,2024-08-11,August,Q3,Routers,Networking,Asus,7000.0,25,5250.0,1,5250.0,4267.24,982.76,18.72,Kolkata,East,Retail Store,Credit Card,No,Individual,False
ORD-12618,2024-11-08,November,Q4,Cameras,Imaging,Sony,54000.0,20,43200.0,5,216000.0,160315.8,55684.2,25.78,Hyderabad,South,Retail Store,Debit Card,No,Student,True
ORD-12619,2024-06-20,June,Q2,Tablets,Mobile,Samsung,21600.0,25,16200.0,1,16200.0,12746.88,3453.12,21.32,Ahmedabad,West,Online,Credit Card,No,Enterprise,False
ORD-12620,2024-11-03,November,Q4,Tablets,Mobile,Huawei,23700.0,25,17775.0,3,53325.0,45608.58,7716.42,14.47,Hyderabad,South,Online,Debit Card,No,Enterprise,True
ORD-12621,2024-09-26,September,Q3,Cameras,Imaging,Nikon,68900.0,10,62010.0,2,124020.0,96752.5,27267.5,21.99,Delhi,North,Distributor,Debit Card,No,Enterprise,False
ORD-12622,2024-04-24,April,Q2,Headphones,Audio,Apple,10500.0,30,7350.0,1,7350.0,6443.42,906.58,12.33,Pune,West,Distributor,Credit Card,No,Student,False
ORD-12623,2024-08-13,August,Q3,Routers,Networking,D-Link,4300.0,25,3225.0,1,3225.0,2371.83,853.17,26.45,Mumbai,West,Retail Store,UPI,No,Small Business,False
ORD-12624,2024-02-01,February,Q1,Laptops,Computing,Asus,99500.0,30,69650.0,2,139300.0,110948.04,28351.96,20.35,Pune,West,Retail Store,Debit Card,No,Enterprise,False
ORD-12625,2024-03-15,March,Q1,Tablets,Mobile,Lenovo,48000.0,30,33600.0,1,33600.0,33553.03,46.97,0.14,Hyderabad,South,Distributor,Debit Card,No,Student,False
ORD-12626,2024-10-10,October,Q4,Smartphones,Mobile,Vivo,53200.0,30,37240.0,3,111720.0,95888.94,15831.06,14.17,Mumbai,West,Corporate,EMI,No,Individual,True
ORD-12627,2024-05-20,May,Q2,Smartphones,Mobile,Apple,22200.0,10,19980.0,1,19980.0,14667.76,5312.24,26.59,Delhi,North,Distributor,Credit Card,No,Small Business,False
ORD-12628,2024-07-10,July,Q3,Routers,Networking,D-Link,6600.0,25,4950.0,1,4950.0,4271.48,678.52,13.71,Pune,West,Online,UPI,No,Enterprise,False
ORD-12629,2024-05-05,May,Q2,Gaming Consoles,Gaming,Sony,51200.0,0,51200.0,1,51200.0,34458.16,16741.84,32.7,Kolkata,East,Retail Store,UPI,No,Student,False
ORD-12630,2024-11-20,November,Q4,Tablets,Mobile,Huawei,16800.0,25,12600.0,1,12600.0,10358.07,2241.93,17.79,Chennai,South,Online,Debit Card,No,Individual,True
ORD-12631,2024-02-24,February,Q1,Gaming Consoles,Gaming,Nintendo,25400.0,20,20320.0,4,81280.0,72562.96,8717.04,10.72,Pune,West,Retail Store,Debit Card,Yes,Small Business,False
ORD-12632,2024-09-13,September,Q3,Smartwatches,Wearables,Apple,8900.0,0,8900.0,3,26700.0,19381.41,7318.59,27.41,Pune,West,Corporate,Debit Card,No,Small Business,False
ORD-12633,2024-10-12,October,Q4,Smart TVs,Entertainment,Sony,139600.0,15,118660.0,3,355980.0,258833.82,97146.18,27.29,Pune,West,Retail Store,UPI,No,Small Business,True
ORD-12634,2024-08-01,August,Q3,Headphones,Audio,Boat,23600.0,10,21240.0,1,21240.0,14856.98,6383.02,30.05,Jaipur,North,Online,Debit Card,No,Individual,False
ORD-12635,2024-09-03,September,Q3,Smartwatches,Wearables,Apple,30500.0,20,24400.0,2,48800.0,42053.0,6747.0,13.83,Delhi,North,Retail Store,UPI,No,Enterprise,False
ORD-12636,2024-02-05,February,Q1,Tablets,Mobile,Lenovo,24900.0,30,17430.0,3,52290.0,45668.88,6621.12,12.66,Bangalore,South,Online,Debit Card,No,Enterprise,False
ORD-12637,2024-11-13,November,Q4,Routers,Networking,Netgear,8300.0,25,6225.0,3,18675.0,17479.56,1195.44,6.4,Jaipur,North,Distributor,Credit Card,No,Enterprise,True
ORD-12638,2024-08-13,August,Q3,Air Purifiers,Home Tech,Sharp,17300.0,30,12110.0,4,48440.0,42478.28,5961.72,12.31,Mumbai,West,Retail Store,Credit Card,No,Enterprise,False
ORD-12639,2024-11-28,November,Q4,Smart TVs,Entertainment,Samsung,56200.0,30,39340.0,1,39340.0,35764.66,3575.34,9.09,Ahmedabad,West,Retail Store,UPI,No,Small Business,True
ORD-12640,2024-03-13,March,Q1,Smartphones,Mobile,Vivo,27100.0,20,21680.0,1,21680.0,19558.59,2121.41,9.79,Mumbai,West,Retail Store,Cash,No,Enterprise,False
ORD-12641,2024-02-27,February,Q1,Smartwatches,Wearables,Samsung,17200.0,15,14620.0,3,43860.0,33195.54,10664.46,24.31,Mumbai,West,Retail Store,UPI,Yes,Enterprise,False
ORD-12642,2024-08-24,August,Q3,Air Purifiers,Home Tech,Philips,31800.0,20,25440.0,2,50880.0,47203.18,3676.82,7.23,Chennai,South,Retail Store,EMI,No,Student,False
ORD-12643,2024-03-09,March,Q1,Tablets,Mobile,Lenovo,57100.0,15,48535.0,1,48535.0,42390.18,6144.82,12.66,Pune,West,Retail Store,UPI,No,Student,False
ORD-12644,2024-06-07,June,Q2,Laptops,Computing,Asus,75700.0,25,56775.0,1,56775.0,47298.76,9476.24,16.69,Chennai,South,Retail Store,Credit Card,No,Small Business,False
ORD-12645,2024-10-01,October,Q4,Smartwatches,Wearables,Garmin,16700.0,0,16700.0,1,16700.0,11970.53,4729.47,28.32,Lucknow,North,Distributor,EMI,No,Enterprise,True
ORD-12646,2024-09-06,September,Q3,Smartwatches,Wearables,Boat,5800.0,15,4930.0,3,14790.0,10970.52,3819.48,25.82,Bangalore,South,Distributor,Cash,No,Enterprise,False
ORD-12647,2024-11-17,November,Q4,Laptops,Computing,HP,64000.0,5,60800.0,1,60800.0,37931.58,22868.42,37.61,Hyderabad,South,Retail Store,Credit Card,No,Enterprise,True
ORD-12648,2024-07-24,July,Q3,Gaming Consoles,Gaming,Microsoft,42200.0,0,42200.0,1,42200.0,25357.86,16842.14,39.91,Ahmedabad,West,Retail Store,Credit Card,No,Small Business,False
ORD-12649,2024-05-28,May,Q2,Laptops,Computing,Apple,58200.0,10,52380.0,1,52380.0,38666.98,13713.02,26.18,Mumbai,West,Retail Store,UPI,Yes,Enterprise,False
ORD-12650,2024-07-25,July,Q3,Smartphones,Mobile,Samsung,41200.0,5,39140.0,5,195700.0,138369.5,57330.5,29.3,Kolkata,East,Online,UPI,No,Individual,False
ORD-12651,2024-12-03,December,Q4,Smartphones,Mobile,Samsung,39600.0,0,39600.0,1,39600.0,29225.73,10374.27,26.2,Ahmedabad,West,Retail Store,Debit Card,No,Student,True
ORD-12652,2024-10-05,October,Q4,Cameras,Imaging,Nikon,142100.0,10,127890.0,1,127890.0,87073.65,40816.35,31.92,Delhi,North,Online,Debit Card,No,Enterprise,True
ORD-12653,2024-10-23,October,Q4,Smart TVs,Entertainment,Mi,157600.0,20,126080.0,3,378240.0,300154.29,78085.71,20.64,Kolkata,East,Retail Store,Credit Card,No,Student,True
ORD-12654,2024-09-06,September,Q3,Smart TVs,Entertainment,Samsung,177700.0,30,124390.0,2,248780.0,220777.74,28002.26,11.26,Jaipur,North,Retail Store,UPI,No,Small Business,False
ORD-12655,2024-03-09,March,Q1,Routers,Networking,Netgear,4800.0,0,4800.0,1,4800.0,3568.36,1231.64,25.66,Chennai,South,Distributor,EMI,No,Individual,False
ORD-12656,2024-02-08,February,Q1,Headphones,Audio,Boat,1700.0,15,1445.0,1,1445.0,1244.66,200.34,13.86,Hyderabad,South,Online,Debit Card,Yes,Small Business,False
ORD-12657,2024-08-09,August,Q3,Cameras,Imaging,Nikon,52500.0,25,39375.0,4,157500.0,147919.4,9580.6,6.08,Lucknow,North,Retail Store,EMI,No,Enterprise,False
ORD-12658,2024-09-23,September,Q3,Smartphones,Mobile,Apple,58700.0,30,41090.0,1,41090.0,43712.62,-2622.62,-6.38,Mumbai,West,Retail Store,Cash,No,Small Business,False
ORD-12659,2024-07-05,July,Q3,Cameras,Imaging,Sony,87600.0,5,83220.0,2,166440.0,110019.72,56420.28,33.9,Mumbai,West,Retail Store,Net Banking,No,Student,False
ORD-12660,2024-05-01,May,Q2,Air Purifiers,Home Tech,Xiaomi,29800.0,30,20860.0,1,20860.0,16797.12,4062.88,19.48,Jaipur,North,Distributor,Credit Card,No,Individual,False
ORD-12661,2024-02-15,February,Q1,Tablets,Mobile,Apple,57800.0,30,40460.0,1,40460.0,41064.21,-604.21,-1.49,Delhi,North,Online,Debit Card,No,Small Business,False
ORD-12662,2024-07-12,July,Q3,Laptops,Computing,Dell,80600.0,30,56420.0,4,225680.0,218710.44,6969.56,3.09,Lucknow,North,Distributor,UPI,No,Enterprise,False
ORD-12663,2024-07-20,July,Q3,Smartwatches,Wearables,Noise,43400.0,25,32550.0,1,32550.0,29330.72,3219.28,9.89,Kolkata,East,Corporate,Debit Card,No,Enterprise,False
ORD-12664,2024-05-23,May,Q2,Headphones,Audio,Sony,3200.0,0,3200.0,1,3200.0,2270.27,929.73,29.05,Jaipur,North,Retail Store,EMI,No,Individual,False
ORD-12665,2024-04-19,April,Q2,Cameras,Imaging,Fujifilm,34600.0,0,34600.0,2,69200.0,47570.14,21629.86,31.26,Bangalore,South,Online,Debit Card,No,Individual,False
ORD-12666,2024-12-19,December,Q4,Gaming Consoles,Gaming,Sony,35600.0,25,26700.0,1,26700.0,22633.34,4066.66,15.23,Hyderabad,South,Distributor,Credit Card,No,Student,True
ORD-12667,2024-02-11,February,Q1,Headphones,Audio,Sennheiser,16900.0,5,16055.0,3,48165.0,28167.93,19997.07,41.52,Delhi,North,Online,Credit Card,No,Enterprise,False
ORD-12668,2024-05-16,May,Q2,Smartphones,Mobile,Samsung,16000.0,15,13600.0,1,13600.0,9340.75,4259.25,31.32,Chennai,South,Corporate,UPI,No,Student,False
ORD-12669,2024-07-21,July,Q3,Headphones,Audio,Sennheiser,22700.0,0,22700.0,5,113500.0,79048.54999999999,34451.45,30.35,Mumbai,West,Corporate,Debit Card,No,Individual,False
ORD-12670,2024-10-05,October,Q4,Smart TVs,Entertainment,OnePlus,84800.0,25,63600.0,3,190800.0,170636.25,20163.75,10.57,Mumbai,West,Retail Store,Debit Card,No,Individual,True
ORD-12671,2024-11-21,November,Q4,Cameras,Imaging,Nikon,144100.0,15,122485.0,1,122485.0,83499.66,38985.34,31.83,Hyderabad,South,Retail Store,EMI,No,Individual,True
ORD-12672,2024-12-02,December,Q4,Headphones,Audio,Sony,12800.0,30,8960.0,2,17920.0,17020.44,899.56,5.02,Mumbai,West,Online,EMI,No,Enterprise,True
ORD-12673,2024-12-01,December,Q4,Smartwatches,Wearables,Noise,12700.0,15,10795.0,2,21590.0,16343.72,5246.28,24.3,Delhi,North,Retail Store,UPI,No,Small Business,True
ORD-12674,2024-11-07,November,Q4,Smartphones,Mobile,Xiaomi,64500.0,10,58050.0,2,116100.0,91488.98,24611.02,21.2,Lucknow,North,Online,Debit Card,No,Student,True
ORD-12675,2024-11-26,November,Q4,Smartphones,Mobile,Apple,29500.0,10,26550.0,1,26550.0,21029.67,5520.33,20.79,Delhi,North,Retail Store,Debit Card,No,Individual,True
ORD-12676,2024-10-09,October,Q4,Laptops,Computing,Lenovo,78100.0,0,78100.0,5,390500.0,229444.4,161055.6,41.24,Jaipur,North,Online,Credit Card,Yes,Student,True
ORD-12677,2024-05-21,May,Q2,Tablets,Mobile,Samsung,58000.0,5,55100.0,1,55100.0,32677.02,22422.98,40.7,Chennai,South,Retail Store,Credit Card,No,Enterprise,False
ORD-12678,2024-03-28,March,Q1,Cameras,Imaging,Canon,28000.0,0,28000.0,4,112000.0,71085.12,40914.88,36.53,Mumbai,West,Retail Store,Credit Card,No,Enterprise,False
ORD-12679,2024-09-20,September,Q3,Smartphones,Mobile,Apple,70300.0,20,56240.0,1,56240.0,41925.58,14314.42,25.45,Pune,West,Retail Store,EMI,No,Small Business,False
ORD-12680,2024-12-15,December,Q4,Gaming Consoles,Gaming,Nintendo,22900.0,15,19465.0,2,38930.0,28506.72,10423.28,26.77,Chennai,South,Distributor,Credit Card,No,Enterprise,True
ORD-12681,2024-06-22,June,Q2,Headphones,Audio,Sennheiser,14600.0,30,10220.0,1,10220.0,10045.58,174.42,1.71,Pune,West,Online,EMI,No,Enterprise,False
ORD-12682,2024-01-25,January,Q1,Laptops,Computing,HP,111500.0,5,105925.0,1,105925.0,65548.58,40376.42,38.12,Lucknow,North,Online,Credit Card,No,Student,False
ORD-12683,2024-10-16,October,Q4,Gaming Consoles,Gaming,Sony,52600.0,10,47340.0,5,236700.0,187152.15,49547.85,20.93,Lucknow,North,Retail Store,Credit Card,No,Student,True
ORD-12684,2024-12-24,December,Q4,Smartphones,Mobile,Apple,10400.0,15,8840.0,2,17680.0,13521.32,4158.68,23.52,Mumbai,West,Distributor,Credit Card,No,Student,True
ORD-12685,2024-01-03,January,Q1,Smartwatches,Wearables,Apple,43400.0,10,39060.0,4,156240.0,114259.04,41980.96,26.87,Chennai,South,Distributor,Debit Card,No,Small Business,False
ORD-12686,2024-05-02,May,Q2,Air Purifiers,Home Tech,Sharp,24600.0,0,24600.0,1,24600.0,17249.79,7350.21,29.88,Ahmedabad,West,Distributor,Credit Card,No,Student,False
ORD-12687,2024-02-01,February,Q1,Smartphones,Mobile,Xiaomi,28100.0,10,25290.0,3,75870.0,51837.72,24032.28,31.68,Lucknow,North,Distributor,Credit Card,No,Small Business,False
ORD-12688,2024-02-10,February,Q1,Air Purifiers,Home Tech,Philips,6600.0,5,6270.0,3,18810.0,11591.099999999999,7218.9,38.38,Lucknow,North,Distributor,Debit Card,No,Student,False
ORD-12689,2024-06-19,June,Q2,Air Purifiers,Home Tech,Xiaomi,39800.0,10,35820.0,1,35820.0,22815.83,13004.17,36.3,Mumbai,West,Online,UPI,No,Individual,False
ORD-12690,2024-10-27,October,Q4,Headphones,Audio,Sennheiser,18300.0,5,17385.0,1,17385.0,13152.93,4232.07,24.34,Jaipur,North,Online,Credit Card,No,Enterprise,True
ORD-12691,2024-05-28,May,Q2,Tablets,Mobile,Huawei,12600.0,20,10080.0,1,10080.0,8894.22,1185.78,11.76,Lucknow,North,Distributor,Credit Card,No,Enterprise,False
ORD-12692,2024-09-01,September,Q3,Cameras,Imaging,Canon,22900.0,0,22900.0,2,45800.0,29624.5,16175.5,35.32,Lucknow,North,Retail Store,Credit Card,No,Enterprise,False
ORD-12693,2024-12-10,December,Q4,Smartwatches,Wearables,Noise,16400.0,5,15580.0,2,31160.0,21396.98,9763.02,31.33,Ahmedabad,West,Online,Credit Card,No,Enterprise,True
ORD-12694,2024-09-16,September,Q3,Smartwatches,Wearables,Garmin,42500.0,25,31875.0,4,127500.0,94340.8,33159.2,26.01,Chennai,South,Retail Store,Debit Card,No,Student,False
ORD-12695,2024-09-27,September,Q3,Smartwatches,Wearables,Noise,2000.0,15,1700.0,1,1700.0,1251.58,448.42,26.38,Lucknow,North,Retail Store,UPI,No,Student,False
ORD-12696,2024-02-04,February,Q1,Smart TVs,Entertainment,Mi,39500.0,15,33575.0,3,100725.0,83703.36,17021.64,16.9,Ahmedabad,West,Online,EMI,No,Student,False
ORD-12697,2024-08-21,August,Q3,Air Purifiers,Home Tech,Xiaomi,21400.0,30,14980.0,4,59920.0,58280.84,1639.16,2.74,Lucknow,North,Retail Store,EMI,No,Small Business,False
ORD-12698,2024-09-11,September,Q3,Air Purifiers,Home Tech,Philips,35800.0,30,25060.0,4,100240.0,100492.0,-252.0,-0.25,Ahmedabad,West,Online,EMI,No,Student,False
ORD-12699,2024-05-02,May,Q2,Smartwatches,Wearables,Apple,7200.0,20,5760.0,1,5760.0,4564.0,1196.0,20.76,Bangalore,South,Retail Store,UPI,No,Small Business,False
ORD-12700,2024-05-27,May,Q2,Smart TVs,Entertainment,LG,57900.0,25,43425.0,1,43425.0,42749.2,675.8,1.56,Chennai,South,Online,UPI,No,Small Business,False
ORD-12701,2024-05-09,May,Q2,Headphones,Audio,Sennheiser,1100.0,15,935.0,2,1870.0,1568.34,301.66,16.13,Mumbai,West,Distributor,Net Banking,No,Enterprise,False
ORD-12702,2024-12-28,December,Q4,Smart TVs,Entertainment,Sony,88800.0,10,79920.0,1,79920.0,60461.54,19458.46,24.35,Chennai,South,Online,Credit Card,No,Small Business,True
ORD-12703,2024-11-02,November,Q4,Headphones,Audio,Sony,3800.0,10,3420.0,1,3420.0,2274.25,1145.75,33.5,Mumbai,West,Online,Credit Card,Yes,Enterprise,True
ORD-12704,2024-09-28,September,Q3,Routers,Networking,Asus,5000.0,15,4250.0,2,8500.0,7059.74,1440.26,16.94,Pune,West,Online,UPI,No,Individual,False
ORD-12705,2024-05-11,May,Q2,Tablets,Mobile,Lenovo,27500.0,10,24750.0,2,49500.0,40199.66,9300.34,18.79,Jaipur,North,Distributor,Credit Card,Yes,Student,False
ORD-12706,2024-06-03,June,Q2,Tablets,Mobile,Lenovo,26700.0,0,26700.0,1,26700.0,17246.44,9453.56,35.41,Kolkata,East,Retail Store,Debit Card,No,Student,False
ORD-12707,2024-01-15,January,Q1,Tablets,Mobile,Samsung,21400.0,20,17120.0,1,17120.0,15840.09,1279.91,7.48,Bangalore,South,Online,EMI,No,Individual,False
ORD-12708,2024-02-17,February,Q1,Gaming Consoles,Gaming,Nintendo,51600.0,20,41280.0,1,41280.0,32521.25,8758.75,21.22,Kolkata,East,Corporate,Net Banking,No,Small Business,False
ORD-12709,2024-10-03,October,Q4,Air Purifiers,Home Tech,Sharp,10600.0,20,8480.0,1,8480.0,6883.77,1596.23,18.82,Delhi,North,Online,UPI,No,Enterprise,True
ORD-12710,2024-07-28,July,Q3,Tablets,Mobile,Samsung,33700.0,25,25275.0,2,50550.0,44853.86,5696.14,11.27,Hyderabad,South,Online,Credit Card,No,Small Business,False
ORD-12711,2024-10-04,October,Q4,Routers,Networking,TP-Link,7600.0,0,7600.0,2,15200.0,9345.52,5854.48,38.52,Mumbai,West,Online,Credit Card,No,Individual,True
ORD-12712,2024-03-17,March,Q1,Smartphones,Mobile,Apple,57000.0,25,42750.0,1,42750.0,39367.71,3382.29,7.91,Mumbai,West,Online,EMI,No,Enterprise,False
ORD-12713,2024-05-19,May,Q2,Laptops,Computing,Asus,51200.0,15,43520.0,1,43520.0,34503.82,9016.18,20.72,Delhi,North,Online,EMI,No,Small Business,False
ORD-12714,2024-08-26,August,Q3,Smartwatches,Wearables,Apple,35400.0,10,31860.0,3,95580.0,62044.53,33535.47,35.09,Lucknow,North,Retail Store,UPI,No,Small Business,False
ORD-12715,2024-07-22,July,Q3,Smartphones,Mobile,Xiaomi,46500.0,30,32550.0,2,65100.0,57504.78,7595.22,11.67,Jaipur,North,Corporate,EMI,No,Enterprise,False
ORD-12716,2024-09-16,September,Q3,Air Purifiers,Home Tech,Philips,36600.0,25,27450.0,2,54900.0,48390.92,6509.08,11.86,Kolkata,East,Retail Store,Debit Card,No,Individual,False
ORD-12717,2024-05-12,May,Q2,Smartwatches,Wearables,Noise,44000.0,5,41800.0,2,83600.0,52432.52,31167.48,37.28,Kolkata,East,Retail Store,UPI,No,Enterprise,False
ORD-12718,2024-09-13,September,Q3,Laptops,Computing,Apple,85300.0,0,85300.0,2,170600.0,97093.7,73506.3,43.09,Mumbai,West,Retail Store,Debit Card,No,Student,False
ORD-12719,2024-12-08,December,Q4,Tablets,Mobile,Samsung,40900.0,10,36810.0,2,73620.0,46194.32,27425.68,37.25,Bangalore,South,Online,EMI,No,Enterprise,True
ORD-12720,2024-03-05,March,Q1,Smart TVs,Entertainment,LG,145400.0,20,116320.0,1,116320.0,93054.93,23265.07,20.0,Mumbai,West,Distributor,Debit Card,No,Student,False
ORD-12721,2024-10-26,October,Q4,Smartwatches,Wearables,Boat,8500.0,0,8500.0,5,42500.0,26296.199999999997,16203.8,38.13,Pune,West,Corporate,EMI,No,Small Business,True
ORD-12722,2024-11-05,November,Q4,Air Purifiers,Home Tech,Dyson,14900.0,5,14155.0,6,84930.0,66577.86,18352.14,21.61,Ahmedabad,West,Online,Cash,No,Individual,True
ORD-12723,2024-06-07,June,Q2,Tablets,Mobile,Lenovo,38100.0,15,32385.0,1,32385.0,27254.65,5130.35,15.84,Lucknow,North,Retail Store,Credit Card,No,Individual,False
ORD-12724,2024-09-21,September,Q3,Routers,Networking,Netgear,10700.0,5,10165.0,1,10165.0,6527.81,3637.19,35.78,Lucknow,North,Corporate,Net Banking,No,Student,False
ORD-12725,2024-04-30,April,Q2,Cameras,Imaging,Fujifilm,76200.0,30,53340.0,4,213360.0,183360.56,29999.44,14.06,Chennai,South,Retail Store,UPI,No,Enterprise,False
ORD-12726,2024-11-14,November,Q4,Air Purifiers,Home Tech,Sharp,10800.0,30,7560.0,2,15120.0,13506.02,1613.98,10.67,Ahmedabad,West,Online,Cash,No,Enterprise,True
ORD-12727,2024-04-24,April,Q2,Routers,Networking,TP-Link,12700.0,20,10160.0,4,40640.0,37244.44,3395.56,8.36,Mumbai,West,Distributor,UPI,Yes,Individual,False
ORD-12728,2024-11-24,November,Q4,Headphones,Audio,Boat,7700.0,20,6160.0,3,18480.0,16697.34,1782.66,9.65,Mumbai,West,Retail Store,Debit Card,No,Individual,True
ORD-12729,2024-11-03,November,Q4,Laptops,Computing,Asus,91400.0,15,77690.0,2,155380.0,108877.68,46502.32,29.93,Kolkata,East,Online,EMI,No,Small Business,True
ORD-12730,2024-03-05,March,Q1,Smartwatches,Wearables,Garmin,27300.0,0,27300.0,2,54600.0,32441.4,22158.6,40.58,Lucknow,North,Online,Debit Card,No,Enterprise,False
ORD-12731,2024-11-18,November,Q4,Smartphones,Mobile,Samsung,56900.0,5,54055.0,1,54055.0,36606.74,17448.26,32.28,Delhi,North,Corporate,UPI,No,Small Business,True
ORD-12732,2024-07-21,July,Q3,Headphones,Audio,Sony,6800.0,30,4760.0,2,9520.0,8372.86,1147.14,12.05,Lucknow,North,Corporate,UPI,No,Individual,False
ORD-12733,2024-09-24,September,Q3,Headphones,Audio,Boat,23000.0,30,16100.0,1,16100.0,13674.76,2425.24,15.06,Pune,West,Retail Store,Net Banking,No,Enterprise,False
ORD-12734,2024-03-24,March,Q1,Tablets,Mobile,Apple,51700.0,30,36190.0,4,144760.0,140515.68,4244.32,2.93,Pune,West,Retail Store,Debit Card,No,Student,False
ORD-12735,2024-09-01,September,Q3,Laptops,Computing,Lenovo,48700.0,20,38960.0,3,116880.0,80935.86,35944.14,30.75,Bangalore,South,Online,EMI,No,Enterprise,False
ORD-12736,2024-08-26,August,Q3,Smart TVs,Entertainment,OnePlus,75000.0,0,75000.0,3,225000.0,156136.62,68863.38,30.61,Bangalore,South,Retail Store,UPI,No,Individual,False
ORD-12737,2024-08-09,August,Q3,Headphones,Audio,Sennheiser,10500.0,30,7350.0,1,7350.0,7540.49,-190.49,-2.59,Hyderabad,South,Online,Credit Card,No,Enterprise,False
ORD-12738,2024-06-11,June,Q2,Headphones,Audio,Sony,18000.0,10,16200.0,3,48600.0,31601.19,16998.81,34.98,Chennai,South,Online,Debit Card,No,Individual,False
ORD-12739,2024-08-09,August,Q3,Air Purifiers,Home Tech,Xiaomi,33400.0,10,30060.0,2,60120.0,49379.76,10740.24,17.86,Chennai,South,Retail Store,Credit Card,No,Student,False
ORD-12740,2024-10-27,October,Q4,Smartphones,Mobile,OnePlus,31000.0,5,29450.0,1,29450.0,21633.92,7816.08,26.54,Lucknow,North,Distributor,EMI,No,Small Business,True
ORD-12741,2024-09-19,September,Q3,Air Purifiers,Home Tech,Philips,16700.0,5,15865.0,1,15865.0,10013.72,5851.28,36.88,Jaipur,North,Online,UPI,No,Student,False
ORD-12742,2024-04-29,April,Q2,Headphones,Audio,JBL,6600.0,30,4620.0,3,13860.0,13579.68,280.32,2.02,Mumbai,West,Online,UPI,No,Small Business,False
ORD-12743,2024-03-19,March,Q1,Headphones,Audio,Sennheiser,23400.0,0,23400.0,2,46800.0,31669.94,15130.06,32.33,Jaipur,North,Online,Debit Card,No,Individual,False
ORD-12744,2024-05-03,May,Q2,Smart TVs,Entertainment,Samsung,23300.0,0,23300.0,1,23300.0,14677.89,8622.11,37.0,Bangalore,South,Online,UPI,No,Individual,False
ORD-12745,2024-09-06,September,Q3,Laptops,Computing,Lenovo,115000.0,10,103500.0,2,207000.0,151078.78,55921.22,27.02,Ahmedabad,West,Online,Debit Card,Yes,Individual,False
ORD-12746,2024-05-19,May,Q2,Tablets,Mobile,Apple,54800.0,30,38360.0,1,38360.0,37670.36,689.64,1.8,Hyderabad,South,Corporate,Credit Card,No,Small Business,False
ORD-12747,2024-07-09,July,Q3,Smartwatches,Wearables,Apple,7200.0,5,6840.0,2,13680.0,9390.8,4289.2,31.35,Mumbai,West,Corporate,EMI,No,Individual,False
ORD-12748,2024-05-07,May,Q2,Smartwatches,Wearables,Apple,16700.0,25,12525.0,2,25050.0,19861.06,5188.94,20.71,Hyderabad,South,Retail Store,UPI,No,Individual,False
ORD-12749,2024-11-11,November,Q4,Air Purifiers,Home Tech,Dyson,16700.0,15,14195.0,2,28390.0,24103.58,4286.42,15.1,Pune,West,Online,Cash,No,Student,True
ORD-12750,2024-08-09,August,Q3,Smart TVs,Entertainment,LG,192400.0,25,144300.0,1,144300.0,130816.42,13483.58,9.34,Hyderabad,South,Retail Store,UPI,No,Individual,False
ORD-12751,2024-07-29,July,Q3,Tablets,Mobile,Samsung,43600.0,30,30520.0,1,30520.0,28657.82,1862.18,6.1,Pune,West,Distributor,Debit Card,No,Small Business,False
ORD-12752,2024-01-05,January,Q1,Smartphones,Mobile,Xiaomi,39400.0,0,39400.0,1,39400.0,24133.77,15266.23,38.75,Hyderabad,South,Online,Credit Card,No,Student,False
ORD-12753,2024-09-13,September,Q3,Smartwatches,Wearables,Noise,27400.0,15,23290.0,1,23290.0,19877.41,3412.59,14.65,Hyderabad,South,Online,UPI,Yes,Individual,False
ORD-12754,2024-09-15,September,Q3,Smartphones,Mobile,Vivo,10700.0,0,10700.0,2,21400.0,12106.62,9293.38,43.43,Hyderabad,South,Distributor,Credit Card,No,Individual,False
ORD-12755,2024-04-20,April,Q2,Gaming Consoles,Gaming,Sony,37000.0,20,29600.0,2,59200.0,48461.78,10738.22,18.14,Jaipur,North,Online,Debit Card,No,Student,False
ORD-12756,2024-12-02,December,Q4,Laptops,Computing,Asus,114100.0,20,91280.0,2,182560.0,149379.84,33180.16,18.17,Kolkata,East,Corporate,Credit Card,No,Enterprise,True
ORD-12757,2024-02-15,February,Q1,Routers,Networking,Asus,14100.0,20,11280.0,1,11280.0,7884.0,3396.0,30.11,Pune,West,Retail Store,Debit Card,No,Student,False
ORD-12758,2024-10-12,October,Q4,Routers,Networking,Netgear,6300.0,5,5985.0,1,5985.0,4125.25,1859.75,31.07,Mumbai,West,Retail Store,UPI,No,Individual,True
ORD-12759,2024-11-22,November,Q4,Routers,Networking,TP-Link,10400.0,30,7280.0,2,14560.0,12648.0,1912.0,13.13,Bangalore,South,Retail Store,Credit Card,No,Enterprise,True
ORD-12760,2024-01-10,January,Q1,Air Purifiers,Home Tech,Philips,30500.0,25,22875.0,1,22875.0,21539.52,1335.48,5.84,Jaipur,North,Online,EMI,No,Enterprise,False
ORD-12761,2024-02-22,February,Q1,Headphones,Audio,JBL,24400.0,20,19520.0,1,19520.0,16097.29,3422.71,17.53,Kolkata,East,Retail Store,UPI,No,Enterprise,False
ORD-12762,2024-10-15,October,Q4,Smartphones,Mobile,Xiaomi,35300.0,20,28240.0,3,84720.0,73562.76,11157.24,13.17,Ahmedabad,West,Online,EMI,No,Student,True
ORD-12763,2024-02-21,February,Q1,Laptops,Computing,Asus,53900.0,15,45815.0,1,45815.0,30134.78,15680.22,34.23,Lucknow,North,Distributor,EMI,No,Enterprise,False
ORD-12764,2024-05-07,May,Q2,Laptops,Computing,Apple,29600.0,25,22200.0,1,22200.0,20162.46,2037.54,9.18,Chennai,South,Retail Store,UPI,No,Small Business,False
ORD-12765,2024-06-27,June,Q2,Routers,Networking,Asus,7000.0,30,4900.0,1,4900.0,4957.41,-57.41,-1.17,Chennai,South,Distributor,Debit Card,No,Small Business,False
ORD-12766,2024-01-10,January,Q1,Smart TVs,Entertainment,Sony,85000.0,25,63750.0,1,63750.0,56222.56,7527.44,11.81,Delhi,North,Retail Store,UPI,No,Enterprise,False
ORD-12767,2024-05-24,May,Q2,Routers,Networking,D-Link,10400.0,0,10400.0,1,10400.0,7492.4,2907.6,27.96,Bangalore,South,Online,UPI,Yes,Enterprise,False
ORD-12768,2024-06-21,June,Q2,Smartwatches,Wearables,Apple,30100.0,10,27090.0,1,27090.0,18335.64,8754.36,32.32,Mumbai,West,Retail Store,Debit Card,No,Small Business,False
ORD-12769,2024-10-17,October,Q4,Air Purifiers,Home Tech,Sharp,27100.0,5,25745.0,2,51490.0,35451.44,16038.56,31.15,Ahmedabad,West,Online,Credit Card,No,Individual,True
ORD-12770,2024-04-13,April,Q2,Headphones,Audio,Boat,13400.0,30,9380.0,2,18760.0,18337.9,422.1,2.25,Mumbai,West,Online,UPI,No,Small Business,False
ORD-12771,2024-11-10,November,Q4,Headphones,Audio,Apple,23500.0,0,23500.0,1,23500.0,15236.08,8263.92,35.17,Hyderabad,South,Online,Net Banking,No,Student,True
ORD-12772,2024-06-09,June,Q2,Headphones,Audio,Sennheiser,19000.0,5,18050.0,2,36100.0,24791.08,11308.92,31.33,Ahmedabad,West,Retail Store,Credit Card,No,Student,False
ORD-12773,2024-03-21,March,Q1,Tablets,Mobile,Lenovo,17800.0,30,12460.0,1,12460.0,10955.21,1504.79,12.08,Kolkata,East,Online,UPI,No,Small Business,False
ORD-12774,2024-04-24,April,Q2,Headphones,Audio,Sony,9600.0,25,7200.0,2,14400.0,12357.5,2042.5,14.18,Delhi,North,Online,UPI,No,Individual,False
ORD-12775,2024-05-14,May,Q2,Laptops,Computing,Apple,105800.0,5,100510.0,2,201020.0,149059.62,51960.38,25.85,Jaipur,North,Distributor,UPI,No,Student,False
ORD-12776,2024-08-08,August,Q3,Smartphones,Mobile,Vivo,65700.0,30,45990.0,4,183960.0,153984.64,29975.36,16.29,Lucknow,North,Online,Credit Card,No,Enterprise,False
ORD-12777,2024-09-05,September,Q3,Gaming Consoles,Gaming,Sony,40400.0,15,34340.0,2,68680.0,57362.46,11317.54,16.48,Kolkata,East,Online,UPI,No,Enterprise,False
ORD-12778,2024-10-09,October,Q4,Headphones,Audio,JBL,7900.0,0,7900.0,2,15800.0,9147.4,6652.6,42.11,Hyderabad,South,Retail Store,UPI,No,Student,True
ORD-12779,2024-04-07,April,Q2,Laptops,Computing,HP,107500.0,5,102125.0,1,102125.0,69058.51,33066.49,32.38,Hyderabad,South,Online,UPI,No,Individual,False
ORD-12780,2024-09-29,September,Q3,Smartphones,Mobile,Apple,35400.0,15,30090.0,4,120360.0,95758.36,24601.64,20.44,Delhi,North,Corporate,EMI,No,Small Business,False
ORD-12781,2024-12-08,December,Q4,Gaming Consoles,Gaming,Microsoft,20200.0,0,20200.0,3,60600.0,33627.03,26972.97,44.51,Ahmedabad,West,Corporate,EMI,No,Individual,True
ORD-12782,2024-02-22,February,Q1,Gaming Consoles,Gaming,Nintendo,24400.0,10,21960.0,3,65880.0,52660.049999999996,13219.95,20.07,Kolkata,East,Corporate,Debit Card,No,Enterprise,False
ORD-12783,2024-09-05,September,Q3,Cameras,Imaging,Nikon,49100.0,0,49100.0,2,98200.0,58339.52,39860.48,40.59,Delhi,North,Online,UPI,No,Individual,False
ORD-12784,2024-02-26,February,Q1,Routers,Networking,TP-Link,5400.0,10,4860.0,1,4860.0,3965.36,894.64,18.41,Chennai,South,Online,Debit Card,No,Individual,False
ORD-12785,2024-06-07,June,Q2,Headphones,Audio,Sennheiser,1400.0,10,1260.0,2,2520.0,1771.88,748.12,29.69,Lucknow,North,Retail Store,EMI,No,Student,False
ORD-12786,2024-08-20,August,Q3,Laptops,Computing,Lenovo,87800.0,20,70240.0,1,70240.0,56346.02,13893.98,19.78,Chennai,South,Online,UPI,No,Enterprise,False
ORD-12787,2024-07-18,July,Q3,Headphones,Audio,JBL,12100.0,30,8470.0,1,8470.0,7023.97,1446.03,17.07,Pune,West,Retail Store,Credit Card,No,Individual,False
ORD-12788,2024-08-20,August,Q3,Headphones,Audio,Sony,6000.0,30,4200.0,3,12600.0,13475.25,-875.25,-6.95,Ahmedabad,West,Online,Debit Card,No,Student,False
ORD-12789,2024-01-02,January,Q1,Gaming Consoles,Gaming,Sony,28600.0,0,28600.0,2,57200.0,39559.74,17640.26,30.84,Kolkata,East,Retail Store,Net Banking,No,Small Business,False
ORD-12790,2024-11-18,November,Q4,Cameras,Imaging,Sony,18100.0,30,12670.0,3,38010.0,34049.46,3960.54,10.42,Chennai,South,Online,EMI,No,Small Business,True
ORD-12791,2024-02-03,February,Q1,Routers,Networking,TP-Link,5900.0,15,5015.0,3,15045.0,10589.67,4455.33,29.61,Mumbai,West,Online,Net Banking,No,Enterprise,False
ORD-12792,2024-05-31,May,Q2,Cameras,Imaging,Canon,31500.0,5,29925.0,1,29925.0,19820.84,10104.16,33.76,Kolkata,East,Corporate,UPI,No,Enterprise,False
ORD-12793,2024-09-23,September,Q3,Cameras,Imaging,Fujifilm,93100.0,20,74480.0,3,223440.0,174761.97,48678.03,21.79,Lucknow,North,Distributor,Debit Card,No,Individual,False
ORD-12794,2024-08-27,August,Q3,Smartphones,Mobile,Apple,37200.0,0,37200.0,2,74400.0,41297.26,33102.74,44.49,Mumbai,West,Corporate,Credit Card,No,Individual,False
ORD-12795,2024-08-15,August,Q3,Air Purifiers,Home Tech,Philips,27900.0,10,25110.0,2,50220.0,37097.2,13122.8,26.13,Hyderabad,South,Retail Store,EMI,No,Individual,False
ORD-12796,2024-08-15,August,Q3,Routers,Networking,TP-Link,2500.0,0,2500.0,3,7500.0,4788.51,2711.49,36.15,Lucknow,North,Retail Store,Credit Card,No,Individual,False
ORD-12797,2024-05-22,May,Q2,Gaming Consoles,Gaming,Sony,26000.0,0,26000.0,1,26000.0,15693.86,10306.14,39.64,Hyderabad,South,Online,Net Banking,No,Student,False
ORD-12798,2024-08-17,August,Q3,Headphones,Audio,Boat,6200.0,25,4650.0,1,4650.0,4230.85,419.15,9.01,Hyderabad,South,Retail Store,Debit Card,Yes,Enterprise,False
ORD-12799,2024-07-10,July,Q3,Tablets,Mobile,Apple,38400.0,0,38400.0,2,76800.0,49613.5,27186.5,35.4,Mumbai,West,Distributor,Debit Card,No,Individual,False
ORD-12800,2024-01-29,January,Q1,Headphones,Audio,Apple,17500.0,20,14000.0,1,14000.0,11667.62,2332.38,16.66,Kolkata,East,Retail Store,Net Banking,No,Student,False
ORD-12801,2024-02-27,February,Q1,Gaming Consoles,Gaming,Microsoft,42700.0,15,36295.0,1,36295.0,25494.96,10800.04,29.76,Ahmedabad,West,Online,Debit Card,No,Student,False
ORD-12802,2024-12-21,December,Q4,Tablets,Mobile,Lenovo,35300.0,25,26475.0,2,52950.0,49035.58,3914.42,7.39,Chennai,South,Distributor,EMI,No,Student,True
ORD-12803,2024-06-17,June,Q2,Smart TVs,Entertainment,Mi,43400.0,15,36890.0,3,110670.0,88766.52,21903.48,19.79,Kolkata,East,Retail Store,Debit Card,No,Individual,False
ORD-12804,2024-05-03,May,Q2,Headphones,Audio,Apple,5400.0,0,5400.0,1,5400.0,3936.11,1463.89,27.11,Ahmedabad,West,Corporate,Credit Card,Yes,Student,False
ORD-12805,2024-01-04,January,Q1,Smartwatches,Wearables,Garmin,25800.0,0,25800.0,1,25800.0,16654.89,9145.11,35.45,Chennai,South,Distributor,Credit Card,No,Individual,False
ORD-12806,2024-07-17,July,Q3,Tablets,Mobile,Lenovo,11200.0,25,8400.0,1,8400.0,7977.69,422.31,5.03,Jaipur,North,Retail Store,Cash,No,Enterprise,False
ORD-12807,2024-07-20,July,Q3,Headphones,Audio,Sennheiser,5600.0,20,4480.0,5,22400.0,18396.65,4003.35,17.87,Lucknow,North,Retail Store,UPI,No,Enterprise,False
ORD-12808,2024-07-03,July,Q3,Air Purifiers,Home Tech,Dyson,34600.0,5,32870.0,4,131480.0,92708.6,38771.4,29.49,Chennai,South,Online,UPI,No,Individual,False
ORD-12809,2024-10-03,October,Q4,Cameras,Imaging,Fujifilm,143400.0,20,114720.0,5,573600.0,532713.6,40886.4,7.13,Pune,West,Online,Debit Card,No,Individual,True
ORD-12810,2024-06-17,June,Q2,Smartphones,Mobile,Vivo,74500.0,15,63325.0,3,189975.0,166950.57,23024.43,12.12,Mumbai,West,Online,UPI,Yes,Individual,False
ORD-12811,2024-12-07,December,Q4,Smartphones,Mobile,Samsung,66900.0,15,56865.0,3,170595.0,113347.32,57247.68,33.56,Delhi,North,Distributor,Credit Card,No,Enterprise,True
ORD-12812,2024-11-15,November,Q4,Routers,Networking,TP-Link,3000.0,0,3000.0,2,6000.0,4326.5,1673.5,27.89,Mumbai,West,Online,Debit Card,No,Small Business,True
ORD-12813,2024-09-28,September,Q3,Headphones,Audio,Sennheiser,20900.0,20,16720.0,1,16720.0,11709.16,5010.84,29.97,Jaipur,North,Distributor,Credit Card,No,Small Business,False
ORD-12814,2024-02-07,February,Q1,Smartphones,Mobile,OnePlus,55900.0,20,44720.0,1,44720.0,32141.03,12578.97,28.13,Ahmedabad,West,Corporate,UPI,Yes,Enterprise,False
ORD-12815,2024-06-11,June,Q2,Cameras,Imaging,Canon,94000.0,5,89300.0,1,89300.0,70271.13,19028.87,21.31,Jaipur,North,Retail Store,EMI,No,Small Business,False
ORD-12816,2024-02-11,February,Q1,Routers,Networking,D-Link,12500.0,0,12500.0,1,12500.0,8076.73,4423.27,35.39,Delhi,North,Retail Store,Debit Card,No,Individual,False
ORD-12817,2024-03-20,March,Q1,Smart TVs,Entertainment,OnePlus,63400.0,0,63400.0,1,63400.0,43622.72,19777.28,31.19,Kolkata,East,Retail Store,Credit Card,No,Individual,False
ORD-12818,2024-07-30,July,Q3,Air Purifiers,Home Tech,Sharp,14600.0,30,10220.0,4,40880.0,34967.8,5912.2,14.46,Chennai,South,Distributor,Debit Card,No,Small Business,False
ORD-12819,2024-12-03,December,Q4,Tablets,Mobile,Lenovo,17000.0,20,13600.0,1,13600.0,9857.23,3742.77,27.52,Kolkata,East,Distributor,Cash,No,Small Business,True
ORD-12820,2024-08-24,August,Q3,Gaming Consoles,Gaming,Microsoft,41200.0,20,32960.0,1,32960.0,27337.6,5622.4,17.06,Bangalore,South,Corporate,Credit Card,No,Student,False
ORD-12821,2024-05-11,May,Q2,Headphones,Audio,JBL,17300.0,10,15570.0,2,31140.0,24290.04,6849.96,22.0,Chennai,South,Distributor,Debit Card,No,Student,False
ORD-12822,2024-09-16,September,Q3,Laptops,Computing,Dell,32100.0,30,22470.0,1,22470.0,23889.42,-1419.42,-6.32,Chennai,South,Online,UPI,No,Individual,False
ORD-12823,2024-06-13,June,Q2,Routers,Networking,D-Link,7700.0,30,5390.0,1,5390.0,4749.27,640.73,11.89,Pune,West,Retail Store,Debit Card,No,Student,False
ORD-12824,2024-12-23,December,Q4,Tablets,Mobile,Huawei,36500.0,20,29200.0,1,29200.0,20455.55,8744.45,29.95,Pune,West,Retail Store,Debit Card,No,Enterprise,True
ORD-12825,2024-07-18,July,Q3,Smart TVs,Entertainment,OnePlus,46100.0,15,39185.0,2,78370.0,54002.98,24367.02,31.09,Kolkata,East,Online,UPI,No,Enterprise,False
ORD-12826,2024-09-17,September,Q3,Headphones,Audio,Sony,13600.0,0,13600.0,3,40800.0,23869.71,16930.29,41.5,Pune,West,Online,Debit Card,No,Student,False
ORD-12827,2024-08-27,August,Q3,Smart TVs,Entertainment,OnePlus,194500.0,30,136150.0,1,136150.0,129196.63,6953.37,5.11,Lucknow,North,Distributor,Net Banking,No,Enterprise,False
ORD-12828,2024-06-26,June,Q2,Laptops,Computing,Apple,116400.0,30,81480.0,4,325920.0,269680.08,56239.92,17.26,Ahmedabad,West,Online,UPI,No,Small Business,False
ORD-12829,2024-07-19,July,Q3,Air Purifiers,Home Tech,Dyson,12600.0,20,10080.0,5,50400.0,40013.8,10386.2,20.61,Pune,West,Online,Debit Card,No,Individual,False
ORD-12830,2024-02-22,February,Q1,Tablets,Mobile,Lenovo,57400.0,10,51660.0,1,51660.0,39953.65,11706.35,22.66,Bangalore,South,Online,UPI,No,Individual,False
ORD-12831,2024-07-04,July,Q3,Cameras,Imaging,Nikon,12600.0,20,10080.0,1,10080.0,8692.55,1387.45,13.76,Lucknow,North,Corporate,Debit Card,Yes,Small Business,False
ORD-12832,2024-09-18,September,Q3,Air Purifiers,Home Tech,Philips,38700.0,30,27090.0,1,27090.0,27976.19,-886.19,-3.27,Delhi,North,Online,Credit Card,No,Small Business,False
ORD-12833,2024-02-12,February,Q1,Tablets,Mobile,Huawei,21500.0,15,18275.0,3,54825.0,48137.520000000004,6687.48,12.2,Hyderabad,South,Retail Store,UPI,No,Small Business,False
ORD-12834,2024-01-04,January,Q1,Laptops,Computing,Apple,67700.0,0,67700.0,1,67700.0,44687.59,23012.41,33.99,Bangalore,South,Retail Store,UPI,No,Student,False
ORD-12835,2024-12-15,December,Q4,Tablets,Mobile,Huawei,40700.0,15,34595.0,1,34595.0,28587.94,6007.06,17.36,Chennai,South,Retail Store,Credit Card,No,Enterprise,True
ORD-12836,2024-06-29,June,Q2,Smartwatches,Wearables,Apple,31300.0,0,31300.0,2,62600.0,34659.38,27940.62,44.63,Pune,West,Distributor,UPI,No,Enterprise,False
ORD-12837,2024-12-18,December,Q4,Routers,Networking,Asus,10900.0,5,10355.0,2,20710.0,13861.64,6848.36,33.07,Bangalore,South,Online,UPI,No,Individual,True
ORD-12838,2024-08-19,August,Q3,Tablets,Mobile,Apple,22000.0,0,22000.0,1,22000.0,12775.58,9224.42,41.93,Jaipur,North,Online,Debit Card,No,Enterprise,False
ORD-12839,2024-12-15,December,Q4,Tablets,Mobile,Lenovo,19900.0,15,16915.0,1,16915.0,12261.96,4653.04,27.51,Chennai,South,Retail Store,Net Banking,No,Small Business,True
ORD-12840,2024-10-13,October,Q4,Smartphones,Mobile,Vivo,16100.0,15,13685.0,1,13685.0,11139.47,2545.53,18.6,Chennai,South,Online,EMI,No,Student,True
ORD-12841,2024-10-12,October,Q4,Air Purifiers,Home Tech,Xiaomi,5300.0,5,5035.0,2,10070.0,7649.24,2420.76,24.04,Hyderabad,South,Online,Cash,No,Individual,True
ORD-12842,2024-07-18,July,Q3,Laptops,Computing,Asus,62100.0,20,49680.0,1,49680.0,39921.7,9758.3,19.64,Mumbai,West,Retail Store,UPI,No,Enterprise,False
ORD-12843,2024-10-09,October,Q4,Smartphones,Mobile,Samsung,31700.0,25,23775.0,1,23775.0,18037.2,5737.8,24.13,Kolkata,East,Online,Debit Card,No,Small Business,True
ORD-12844,2024-09-21,September,Q3,Smartphones,Mobile,Vivo,17300.0,0,17300.0,3,51900.0,29780.370000000003,22119.63,42.62,Mumbai,West,Online,UPI,No,Student,False
ORD-12845,2024-11-11,November,Q4,Gaming Consoles,Gaming,Nintendo,34500.0,25,25875.0,1,25875.0,23934.98,1940.02,7.5,Chennai,South,Online,EMI,No,Enterprise,True
ORD-12846,2024-03-22,March,Q1,Smart TVs,Entertainment,LG,39600.0,30,27720.0,2,55440.0,59077.16,-3637.16,-6.56,Mumbai,West,Online,EMI,No,Student,False
ORD-12847,2024-11-27,November,Q4,Air Purifiers,Home Tech,Xiaomi,13200.0,10,11880.0,1,11880.0,9214.05,2665.95,22.44,Hyderabad,South,Retail Store,Credit Card,Yes,Small Business,True
ORD-12848,2024-11-01,November,Q4,Smartwatches,Wearables,Apple,35100.0,0,35100.0,1,35100.0,20118.0,14982.0,42.68,Pune,West,Distributor,EMI,No,Student,True
ORD-12849,2024-04-02,April,Q2,Air Purifiers,Home Tech,Sharp,29600.0,20,23680.0,3,71040.0,58400.25,12639.75,17.79,Kolkata,East,Online,UPI,No,Individual,False
ORD-12850,2024-05-01,May,Q2,Smartphones,Mobile,OnePlus,73400.0,10,66060.0,1,66060.0,52148.38,13911.62,21.06,Jaipur,North,Distributor,Credit Card,No,Student,False
ORD-12851,2024-03-01,March,Q1,Routers,Networking,D-Link,1900.0,30,1330.0,3,3990.0,4096.47,-106.47,-2.67,Bangalore,South,Online,Net Banking,No,Enterprise,False
ORD-12852,2024-12-20,December,Q4,Headphones,Audio,JBL,15100.0,5,14345.0,3,43035.0,25324.47,17710.53,41.15,Pune,West,Retail Store,Credit Card,No,Individual,True
ORD-12853,2024-02-24,February,Q1,Smart TVs,Entertainment,OnePlus,198000.0,30,138600.0,5,693000.0,653053.9,39946.1,5.76,Mumbai,West,Retail Store,EMI,No,Small Business,False
ORD-12854,2024-08-14,August,Q3,Headphones,Audio,JBL,19300.0,25,14475.0,2,28950.0,22033.5,6916.5,23.89,Kolkata,East,Online,Debit Card,No,Enterprise,False
ORD-12855,2024-09-28,September,Q3,Gaming Consoles,Gaming,Microsoft,51900.0,0,51900.0,1,51900.0,36828.16,15071.84,29.04,Delhi,North,Distributor,Debit Card,Yes,Small Business,False
ORD-12856,2024-02-29,February,Q1,Smart TVs,Entertainment,LG,85100.0,20,68080.0,1,68080.0,56933.82,11146.18,16.37,Kolkata,East,Online,Cash,No,Student,False
ORD-12857,2024-08-09,August,Q3,Laptops,Computing,HP,88800.0,25,66600.0,1,66600.0,59101.14,7498.86,11.26,Jaipur,North,Retail Store,Debit Card,No,Student,False
ORD-12858,2024-05-23,May,Q2,Cameras,Imaging,Canon,113100.0,25,84825.0,1,84825.0,67778.95,17046.05,20.1,Lucknow,North,Retail Store,Debit Card,No,Small Business,False
ORD-12859,2024-08-26,August,Q3,Laptops,Computing,Lenovo,91100.0,0,91100.0,3,273300.0,200184.90000000002,73115.1,26.75,Chennai,South,Online,Debit Card,No,Enterprise,False
ORD-12860,2024-03-15,March,Q1,Routers,Networking,Asus,11300.0,20,9040.0,4,36160.0,32641.44,3518.56,9.73,Jaipur,North,Online,Debit Card,No,Enterprise,False
ORD-12861,2024-04-30,April,Q2,Gaming Consoles,Gaming,Microsoft,33900.0,5,32205.0,1,32205.0,18991.79,13213.21,41.03,Lucknow,North,Online,UPI,No,Enterprise,False
ORD-12862,2024-11-11,November,Q4,Gaming Consoles,Gaming,Nintendo,49700.0,25,37275.0,1,37275.0,33830.52,3444.48,9.24,Hyderabad,South,Distributor,Credit Card,No,Enterprise,True
ORD-12863,2024-06-07,June,Q2,Headphones,Audio,Sony,21300.0,0,21300.0,1,21300.0,13640.09,7659.91,35.96,Lucknow,North,Corporate,UPI,No,Student,False
ORD-12864,2024-11-23,November,Q4,Smartwatches,Wearables,Garmin,30000.0,10,27000.0,2,54000.0,42223.1,11776.9,21.81,Pune,West,Corporate,UPI,No,Enterprise,True
ORD-12865,2024-05-07,May,Q2,Smartwatches,Wearables,Boat,29900.0,20,23920.0,2,47840.0,35393.2,12446.8,26.02,Lucknow,North,Retail Store,Net Banking,No,Individual,False
ORD-12866,2024-08-24,August,Q3,Gaming Consoles,Gaming,Nintendo,47400.0,15,40290.0,1,40290.0,29519.53,10770.47,26.73,Pune,West,Retail Store,EMI,Yes,Student,False
ORD-12867,2024-06-17,June,Q2,Cameras,Imaging,Canon,61700.0,20,49360.0,1,49360.0,37753.37,11606.63,23.51,Chennai,South,Corporate,Debit Card,No,Small Business,False
ORD-12868,2024-01-30,January,Q1,Air Purifiers,Home Tech,Dyson,33200.0,30,23240.0,2,46480.0,42708.1,3771.9,8.12,Kolkata,East,Online,Cash,No,Small Business,False
ORD-12869,2024-06-10,June,Q2,Smartphones,Mobile,Samsung,43400.0,20,34720.0,1,34720.0,25761.48,8958.52,25.8,Lucknow,North,Online,UPI,No,Enterprise,False
ORD-12870,2024-05-24,May,Q2,Smartphones,Mobile,Apple,73100.0,15,62135.0,2,124270.0,97417.24,26852.76,21.61,Lucknow,North,Online,Net Banking,No,Individual,False
ORD-12871,2024-04-05,April,Q2,Smart TVs,Entertainment,Sony,156500.0,5,148675.0,3,446025.0,345523.5,100501.5,22.53,Kolkata,East,Online,UPI,No,Enterprise,False
ORD-12872,2024-03-01,March,Q1,Headphones,Audio,Apple,11500.0,10,10350.0,3,31050.0,23075.22,7974.78,25.68,Mumbai,West,Online,Net Banking,No,Student,False
ORD-12873,2024-09-06,September,Q3,Laptops,Computing,Lenovo,65300.0,20,52240.0,3,156720.0,120664.17,36055.83,23.01,Mumbai,West,Retail Store,Debit Card,No,Enterprise,False
ORD-12874,2024-12-21,December,Q4,Air Purifiers,Home Tech,Dyson,37000.0,5,35150.0,2,70300.0,41243.86,29056.14,41.33,Kolkata,East,Online,UPI,No,Enterprise,True
ORD-12875,2024-05-15,May,Q2,Smartwatches,Wearables,Boat,13400.0,15,11390.0,4,45560.0,38047.36,7512.64,16.49,Delhi,North,Distributor,UPI,No,Individual,False
ORD-12876,2024-11-21,November,Q4,Tablets,Mobile,Huawei,43900.0,30,30730.0,3,92190.0,93130.23,-940.23,-1.02,Kolkata,East,Online,Credit Card,No,Small Business,True
ORD-12877,2024-03-27,March,Q1,Tablets,Mobile,Apple,42800.0,25,32100.0,1,32100.0,23766.11,8333.89,25.96,Kolkata,East,Online,Credit Card,No,Small Business,False
ORD-12878,2024-12-09,December,Q4,Smartphones,Mobile,OnePlus,34700.0,10,31230.0,5,156150.0,123576.35,32573.65,20.86,Pune,West,Retail Store,UPI,Yes,Small Business,True
ORD-12879,2024-12-27,December,Q4,Smartwatches,Wearables,Noise,1800.0,15,1530.0,2,3060.0,2330.84,729.16,23.83,Jaipur,North,Retail Store,Debit Card,Yes,Small Business,True
ORD-12880,2024-04-28,April,Q2,Tablets,Mobile,Huawei,30500.0,5,28975.0,2,57950.0,40584.02,17365.98,29.97,Lucknow,North,Online,Debit Card,No,Individual,False
ORD-12881,2024-09-23,September,Q3,Tablets,Mobile,Apple,30000.0,15,25500.0,1,25500.0,20825.24,4674.76,18.33,Bangalore,South,Corporate,Credit Card,Yes,Individual,False
ORD-12882,2024-04-04,April,Q2,Tablets,Mobile,Apple,13100.0,15,11135.0,1,11135.0,8186.25,2948.75,26.48,Pune,West,Retail Store,Credit Card,No,Individual,False
ORD-12883,2024-08-09,August,Q3,Air Purifiers,Home Tech,Dyson,37100.0,0,37100.0,2,74200.0,54999.8,19200.2,25.88,Delhi,North,Online,UPI,No,Small Business,False
ORD-12884,2024-05-09,May,Q2,Headphones,Audio,Apple,1300.0,15,1105.0,1,1105.0,870.77,234.23,21.2,Bangalore,South,Corporate,Credit Card,No,Small Business,False
ORD-12885,2024-12-17,December,Q4,Smart TVs,Entertainment,LG,123800.0,25,92850.0,3,278550.0,267791.91000000003,10758.09,3.86,Delhi,North,Retail Store,UPI,No,Small Business,True
ORD-12886,2024-02-27,February,Q1,Smartphones,Mobile,OnePlus,24200.0,15,20570.0,5,102850.0,68607.95,34242.05,33.29,Bangalore,South,Corporate,UPI,No,Small Business,False
ORD-12887,2024-03-15,March,Q1,Routers,Networking,Netgear,10100.0,15,8585.0,2,17170.0,14134.34,3035.66,17.68,Bangalore,South,Retail Store,UPI,No,Enterprise,False
ORD-12888,2024-09-08,September,Q3,Routers,Networking,D-Link,12100.0,20,9680.0,2,19360.0,17828.3,1531.7,7.91,Mumbai,West,Retail Store,UPI,No,Individual,False
ORD-12889,2024-02-10,February,Q1,Tablets,Mobile,Huawei,58800.0,20,47040.0,2,94080.0,65926.94,28153.06,29.92,Hyderabad,South,Online,Debit Card,No,Enterprise,False
ORD-12890,2024-03-11,March,Q1,Headphones,Audio,Sennheiser,10500.0,30,7350.0,1,7350.0,6967.52,382.48,5.2,Mumbai,West,Retail Store,EMI,Yes,Student,False
ORD-12891,2024-03-20,March,Q1,Headphones,Audio,JBL,4800.0,15,4080.0,1,4080.0,2848.82,1231.18,30.18,Jaipur,North,Retail Store,UPI,No,Enterprise,False
ORD-12892,2024-01-08,January,Q1,Air Purifiers,Home Tech,Dyson,33400.0,25,25050.0,3,75150.0,67254.15,7895.85,10.51,Kolkata,East,Online,Credit Card,No,Individual,False
ORD-12893,2024-08-10,August,Q3,Laptops,Computing,HP,111000.0,20,88800.0,4,355200.0,288610.92,66589.08,18.75,Ahmedabad,West,Corporate,UPI,No,Student,False
ORD-12894,2024-09-24,September,Q3,Smartphones,Mobile,Vivo,17800.0,30,12460.0,2,24920.0,26621.0,-1701.0,-6.83,Kolkata,East,Retail Store,UPI,No,Student,False
ORD-12895,2024-05-11,May,Q2,Laptops,Computing,Asus,27600.0,10,24840.0,3,74520.0,48783.69,25736.31,34.54,Ahmedabad,West,Online,Credit Card,No,Enterprise,False
ORD-12896,2024-07-17,July,Q3,Cameras,Imaging,Canon,120900.0,0,120900.0,2,241800.0,166357.12,75442.88,31.2,Kolkata,East,Online,Net Banking,Yes,Enterprise,False
ORD-12897,2024-11-21,November,Q4,Laptops,Computing,HP,69300.0,20,55440.0,3,166320.0,122282.97,44037.03,26.48,Delhi,North,Distributor,EMI,Yes,Small Business,True
ORD-12898,2024-10-12,October,Q4,Smartwatches,Wearables,Samsung,44300.0,25,33225.0,2,66450.0,60880.12,5569.88,8.38,Delhi,North,Distributor,EMI,No,Individual,True
ORD-12899,2024-11-11,November,Q4,Routers,Networking,Asus,8800.0,20,7040.0,3,21120.0,16843.170000000002,4276.83,20.25,Delhi,North,Retail Store,Debit Card,No,Student,True
ORD-12900,2024-09-05,September,Q3,Laptops,Computing,Lenovo,41200.0,15,35020.0,2,70040.0,53021.76,17018.24,24.3,Delhi,North,Retail Store,UPI,No,Individual,False
ORD-12901,2024-05-25,May,Q2,Smart TVs,Entertainment,LG,93600.0,20,74880.0,2,149760.0,124637.06,25122.94,16.78,Ahmedabad,West,Retail Store,Credit Card,No,Enterprise,False
ORD-12902,2024-07-30,July,Q3,Laptops,Computing,Dell,56100.0,0,56100.0,1,56100.0,31882.65,24217.35,43.17,Lucknow,North,Corporate,UPI,No,Individual,False
ORD-12903,2024-09-11,September,Q3,Routers,Networking,Asus,1400.0,5,1330.0,2,2660.0,1546.62,1113.38,41.86,Mumbai,West,Online,Debit Card,No,Small Business,False
ORD-12904,2024-12-17,December,Q4,Smart TVs,Entertainment,Mi,47500.0,0,47500.0,2,95000.0,52477.14,42522.86,44.76,Bangalore,South,Retail Store,EMI,No,Student,True
ORD-12905,2024-05-17,May,Q2,Air Purifiers,Home Tech,Xiaomi,27400.0,30,19180.0,2,38360.0,36706.64,1653.36,4.31,Pune,West,Retail Store,Debit Card,No,Enterprise,False
ORD-12906,2024-05-10,May,Q2,Tablets,Mobile,Lenovo,17600.0,25,13200.0,1,13200.0,12067.27,1132.73,8.58,Lucknow,North,Distributor,UPI,No,Individual,False
ORD-12907,2024-05-24,May,Q2,Laptops,Computing,Asus,52000.0,10,46800.0,1,46800.0,36697.03,10102.97,21.59,Chennai,South,Retail Store,UPI,No,Enterprise,False
ORD-12908,2024-02-17,February,Q1,Smart TVs,Entertainment,LG,99800.0,30,69860.0,1,69860.0,74516.65,-4656.65,-6.67,Chennai,South,Distributor,EMI,No,Student,False
ORD-12909,2024-10-20,October,Q4,Gaming Consoles,Gaming,Microsoft,33300.0,0,33300.0,5,166500.0,116334.95000000001,50165.05,30.13,Kolkata,East,Distributor,UPI,No,Enterprise,True
ORD-12910,2024-09-11,September,Q3,Laptops,Computing,Asus,53600.0,25,40200.0,2,80400.0,59955.38,20444.62,25.43,Pune,West,Retail Store,Debit Card,No,Individual,False
ORD-12911,2024-05-20,May,Q2,Headphones,Audio,Apple,15500.0,20,12400.0,1,12400.0,8705.77,3694.23,29.79,Pune,West,Retail Store,UPI,No,Enterprise,False
ORD-12912,2024-08-15,August,Q3,Headphones,Audio,JBL,8600.0,20,6880.0,1,6880.0,5791.59,1088.41,15.82,Jaipur,North,Retail Store,UPI,No,Small Business,False
ORD-12913,2024-06-11,June,Q2,Tablets,Mobile,Huawei,46800.0,0,46800.0,1,46800.0,26649.52,20150.48,43.06,Delhi,North,Online,Net Banking,No,Enterprise,False
ORD-12914,2024-12-20,December,Q4,Laptops,Computing,Apple,48800.0,25,36600.0,1,36600.0,30981.08,5618.92,15.35,Jaipur,North,Retail Store,Debit Card,No,Small Business,True
ORD-12915,2024-03-25,March,Q1,Laptops,Computing,HP,58900.0,20,47120.0,2,94240.0,74497.9,19742.1,20.95,Jaipur,North,Retail Store,UPI,No,Small Business,False
ORD-12916,2024-11-29,November,Q4,Headphones,Audio,Apple,700.0,30,490.0,1,490.0,390.58,99.42,20.29,Bangalore,South,Online,EMI,No,Enterprise,True
ORD-12917,2024-11-11,November,Q4,Air Purifiers,Home Tech,Philips,5300.0,30,3710.0,2,7420.0,6533.6,886.4,11.95,Jaipur,North,Distributor,EMI,No,Student,True
ORD-12918,2024-10-07,October,Q4,Laptops,Computing,Apple,38400.0,0,38400.0,1,38400.0,27677.68,10722.32,27.92,Hyderabad,South,Retail Store,Debit Card,No,Enterprise,True
ORD-12919,2024-08-16,August,Q3,Headphones,Audio,Sennheiser,600.0,5,570.0,3,1710.0,1200.18,509.82,29.81,Ahmedabad,West,Corporate,Credit Card,No,Enterprise,False
ORD-12920,2024-12-15,December,Q4,Air Purifiers,Home Tech,Philips,7800.0,15,6630.0,1,6630.0,4412.5,2217.5,33.45,Bangalore,South,Retail Store,Credit Card,No,Enterprise,True
ORD-12921,2024-03-14,March,Q1,Gaming Consoles,Gaming,Sony,34800.0,30,24360.0,2,48720.0,51402.94,-2682.94,-5.51,Kolkata,East,Retail Store,Credit Card,No,Student,False
ORD-12922,2024-10-28,October,Q4,Routers,Networking,D-Link,14200.0,10,12780.0,1,12780.0,8642.67,4137.33,32.37,Pune,West,Retail Store,EMI,No,Individual,True
ORD-12923,2024-04-30,April,Q2,Headphones,Audio,Sony,3300.0,20,2640.0,1,2640.0,2426.29,213.71,8.1,Bangalore,South,Retail Store,Debit Card,No,Small Business,False
ORD-12924,2024-07-31,July,Q3,Smartphones,Mobile,OnePlus,77300.0,15,65705.0,1,65705.0,45328.64,20376.36,31.01,Ahmedabad,West,Online,Net Banking,Yes,Small Business,False
ORD-12925,2024-05-08,May,Q2,Cameras,Imaging,Nikon,81300.0,0,81300.0,1,81300.0,46517.91,34782.09,42.78,Hyderabad,South,Distributor,Credit Card,No,Student,False
ORD-12926,2024-11-05,November,Q4,Smart TVs,Entertainment,OnePlus,148000.0,25,111000.0,1,111000.0,91744.39,19255.61,17.35,Delhi,North,Corporate,UPI,No,Student,True
ORD-12927,2024-03-10,March,Q1,Tablets,Mobile,Apple,53400.0,0,53400.0,2,106800.0,79375.64,27424.36,25.68,Ahmedabad,West,Online,Credit Card,No,Individual,False
ORD-12928,2024-06-10,June,Q2,Smart TVs,Entertainment,Sony,85100.0,5,80845.0,1,80845.0,58830.53,22014.47,27.23,Ahmedabad,West,Retail Store,UPI,No,Small Business,False
ORD-12929,2024-08-13,August,Q3,Tablets,Mobile,Huawei,13400.0,15,11390.0,1,11390.0,9073.78,2316.22,20.34,Bangalore,South,Online,Credit Card,No,Student,False
ORD-12930,2024-04-06,April,Q2,Laptops,Computing,Dell,37400.0,0,37400.0,1,37400.0,22138.61,15261.39,40.81,Mumbai,West,Retail Store,EMI,No,Student,False
ORD-12931,2024-10-03,October,Q4,Smartphones,Mobile,Xiaomi,38000.0,10,34200.0,2,68400.0,52393.7,16006.3,23.4,Hyderabad,South,Online,EMI,No,Student,True
ORD-12932,2024-07-11,July,Q3,Smart TVs,Entertainment,Samsung,95100.0,25,71325.0,1,71325.0,68155.9,3169.1,4.44,Delhi,North,Retail Store,UPI,No,Small Business,False
ORD-12933,2024-06-22,June,Q2,Tablets,Mobile,Samsung,56900.0,25,42675.0,3,128025.0,111750.87,16274.13,12.71,Jaipur,North,Online,Debit Card,No,Enterprise,False
ORD-12934,2024-11-10,November,Q4,Headphones,Audio,Sennheiser,14900.0,25,11175.0,5,55875.0,50000.25,5874.75,10.51,Hyderabad,South,Online,Credit Card,No,Enterprise,True
ORD-12935,2024-08-17,August,Q3,Smartphones,Mobile,OnePlus,19100.0,5,18145.0,1,18145.0,10807.71,7337.29,40.44,Chennai,South,Distributor,UPI,No,Student,False
ORD-12936,2024-02-16,February,Q1,Tablets,Mobile,Apple,47300.0,0,47300.0,2,94600.0,55965.08,38634.92,40.84,Kolkata,East,Corporate,Credit Card,Yes,Small Business,False
ORD-12937,2024-08-14,August,Q3,Air Purifiers,Home Tech,Sharp,9800.0,20,7840.0,3,23520.0,20300.25,3219.75,13.69,Pune,West,Online,UPI,No,Student,False
ORD-12938,2024-01-15,January,Q1,Smart TVs,Entertainment,LG,16200.0,15,13770.0,4,55080.0,41456.92,13623.08,24.73,Chennai,South,Distributor,Credit Card,No,Individual,False
ORD-12939,2024-07-27,July,Q3,Tablets,Mobile,Apple,51200.0,10,46080.0,3,138240.0,104070.95999999999,34169.04,24.72,Pune,West,Distributor,EMI,Yes,Enterprise,False
ORD-12940,2024-09-02,September,Q3,Smart TVs,Entertainment,Samsung,179800.0,5,170810.0,1,170810.0,105825.89,64984.11,38.04,Bangalore,South,Distributor,EMI,No,Individual,False
ORD-12941,2024-01-29,January,Q1,Headphones,Audio,JBL,5700.0,20,4560.0,3,13680.0,10624.08,3055.92,22.34,Lucknow,North,Retail Store,UPI,No,Student,False
ORD-12942,2024-04-22,April,Q2,Tablets,Mobile,Apple,37500.0,30,26250.0,1,26250.0,27558.51,-1308.51,-4.98,Ahmedabad,West,Corporate,UPI,No,Enterprise,False
ORD-12943,2024-01-22,January,Q1,Tablets,Mobile,Lenovo,27100.0,10,24390.0,1,24390.0,19827.67,4562.33,18.71,Jaipur,North,Retail Store,EMI,No,Student,False
ORD-12944,2024-08-22,August,Q3,Smartphones,Mobile,OnePlus,15500.0,15,13175.0,1,13175.0,10002.7,3172.3,24.08,Jaipur,North,Retail Store,Net Banking,No,Student,False
ORD-12945,2024-11-22,November,Q4,Headphones,Audio,Sennheiser,21800.0,15,18530.0,3,55590.0,39015.63,16574.37,29.82,Kolkata,East,Distributor,Net Banking,No,Individual,True
ORD-12946,2024-06-01,June,Q2,Headphones,Audio,Apple,16900.0,10,15210.0,1,15210.0,11816.91,3393.09,22.31,Kolkata,East,Retail Store,UPI,No,Small Business,False
ORD-12947,2024-11-15,November,Q4,Laptops,Computing,HP,51900.0,20,41520.0,3,124560.0,95920.38,28639.62,22.99,Jaipur,North,Retail Store,Debit Card,No,Student,True
ORD-12948,2024-03-23,March,Q1,Smart TVs,Entertainment,Mi,63400.0,10,57060.0,1,57060.0,42258.43,14801.57,25.94,Lucknow,North,Retail Store,UPI,No,Enterprise,False
ORD-12949,2024-01-17,January,Q1,Air Purifiers,Home Tech,Sharp,5800.0,20,4640.0,2,9280.0,7759.56,1520.44,16.38,Chennai,South,Online,UPI,No,Small Business,False
ORD-12950,2024-05-05,May,Q2,Gaming Consoles,Gaming,Nintendo,21000.0,0,21000.0,1,21000.0,12563.56,8436.44,40.17,Jaipur,North,Retail Store,EMI,No,Small Business,False
ORD-12951,2024-05-06,May,Q2,Smartwatches,Wearables,Noise,25400.0,0,25400.0,1,25400.0,15597.98,9802.02,38.59,Jaipur,North,Distributor,UPI,No,Individual,False
ORD-12952,2024-02-29,February,Q1,Smartwatches,Wearables,Samsung,10500.0,10,9450.0,1,9450.0,7534.18,1915.82,20.27,Chennai,South,Online,Credit Card,No,Student,False
ORD-12953,2024-09-08,September,Q3,Tablets,Mobile,Huawei,13500.0,10,12150.0,1,12150.0,9925.21,2224.79,18.31,Pune,West,Retail Store,Debit Card,No,Enterprise,False
ORD-12954,2024-06-29,June,Q2,Air Purifiers,Home Tech,Xiaomi,24900.0,20,19920.0,1,19920.0,16533.81,3386.19,17.0,Pune,West,Online,Credit Card,No,Small Business,False
ORD-12955,2024-12-18,December,Q4,Cameras,Imaging,Nikon,88000.0,25,66000.0,3,198000.0,149581.29,48418.71,24.45,Delhi,North,Online,Credit Card,No,Enterprise,True
ORD-12956,2024-02-08,February,Q1,Routers,Networking,Netgear,9700.0,5,9215.0,1,9215.0,6672.98,2542.02,27.59,Bangalore,South,Retail Store,Debit Card,No,Individual,False
ORD-12957,2024-08-20,August,Q3,Routers,Networking,Netgear,11800.0,0,11800.0,1,11800.0,7420.68,4379.32,37.11,Pune,West,Online,UPI,No,Small Business,False
ORD-12958,2024-02-17,February,Q1,Headphones,Audio,JBL,12500.0,25,9375.0,3,28125.0,22843.89,5281.11,18.78,Bangalore,South,Online,UPI,No,Small Business,False
ORD-12959,2024-08-30,August,Q3,Cameras,Imaging,Sony,73800.0,0,73800.0,2,147600.0,96320.54,51279.46,34.74,Jaipur,North,Online,Net Banking,No,Enterprise,False
ORD-12960,2024-12-15,December,Q4,Smart TVs,Entertainment,LG,148800.0,0,148800.0,1,148800.0,105224.63,43575.37,29.28,Hyderabad,South,Distributor,UPI,No,Small Business,True
ORD-12961,2024-10-25,October,Q4,Smart TVs,Entertainment,OnePlus,58200.0,25,43650.0,1,43650.0,41735.18,1914.82,4.39,Mumbai,West,Retail Store,UPI,No,Individual,True
ORD-12962,2024-10-09,October,Q4,Smartphones,Mobile,OnePlus,59700.0,25,44775.0,3,134325.0,104406.93,29918.07,22.27,Ahmedabad,West,Retail Store,Debit Card,No,Individual,True
ORD-12963,2024-05-24,May,Q2,Air Purifiers,Home Tech,Xiaomi,8100.0,30,5670.0,2,11340.0,11861.3,-521.3,-4.6,Chennai,South,Corporate,Credit Card,No,Individual,False
ORD-12964,2024-10-10,October,Q4,Gaming Consoles,Gaming,Sony,53400.0,30,37380.0,1,37380.0,30585.95,6794.05,18.18,Hyderabad,South,Retail Store,Debit Card,No,Enterprise,True
ORD-12965,2024-08-30,August,Q3,Laptops,Computing,HP,45400.0,30,31780.0,2,63560.0,62390.82,1169.18,1.84,Kolkata,East,Retail Store,EMI,No,Student,False
ORD-12966,2024-02-14,February,Q1,Tablets,Mobile,Huawei,22000.0,30,15400.0,3,46200.0,37995.18,8204.82,17.76,Delhi,North,Online,EMI,No,Small Business,False
ORD-12967,2024-09-14,September,Q3,Laptops,Computing,HP,28700.0,10,25830.0,2,51660.0,38366.88,13293.12,25.73,Hyderabad,South,Retail Store,UPI,No,Individual,False
ORD-12968,2024-10-11,October,Q4,Routers,Networking,TP-Link,9100.0,25,6825.0,1,6825.0,5755.15,1069.85,15.68,Pune,West,Online,UPI,No,Individual,True
ORD-12969,2024-09-19,September,Q3,Tablets,Mobile,Samsung,43500.0,5,41325.0,2,82650.0,53434.24,29215.76,35.35,Jaipur,North,Retail Store,Debit Card,No,Small Business,False
ORD-12970,2024-04-29,April,Q2,Cameras,Imaging,Fujifilm,77400.0,10,69660.0,1,69660.0,57644.41,12015.59,17.25,Delhi,North,Corporate,UPI,No,Small Business,False
ORD-12971,2024-12-19,December,Q4,Routers,Networking,TP-Link,9700.0,20,7760.0,2,15520.0,13747.56,1772.44,11.42,Ahmedabad,West,Online,Credit Card,No,Individual,True
ORD-12972,2024-05-02,May,Q2,Smart TVs,Entertainment,LG,19200.0,5,18240.0,3,54720.0,34818.39,19901.61,36.37,Hyderabad,South,Retail Store,Credit Card,Yes,Individual,False
ORD-12973,2024-05-11,May,Q2,Routers,Networking,D-Link,11800.0,10,10620.0,1,10620.0,6626.95,3993.05,37.6,Ahmedabad,West,Retail Store,EMI,No,Student,False
ORD-12974,2024-03-18,March,Q1,Smart TVs,Entertainment,Sony,167700.0,30,117390.0,1,117390.0,117268.79,121.21,0.1,Delhi,North,Online,EMI,No,Individual,False
ORD-12975,2024-02-17,February,Q1,Smartphones,Mobile,OnePlus,63500.0,25,47625.0,1,47625.0,44514.05,3110.95,6.53,Mumbai,West,Corporate,EMI,No,Student,False
ORD-12976,2024-04-15,April,Q2,Smartphones,Mobile,Xiaomi,36700.0,15,31195.0,4,124780.0,81406.76,43373.24,34.76,Pune,West,Retail Store,UPI,No,Student,False
ORD-12977,2024-07-22,July,Q3,Gaming Consoles,Gaming,Sony,50100.0,5,47595.0,2,95190.0,74885.78,20304.22,21.33,Chennai,South,Online,Credit Card,No,Individual,False
ORD-12978,2024-12-14,December,Q4,Smartwatches,Wearables,Boat,37100.0,30,25970.0,1,25970.0,20601.1,5368.9,20.67,Ahmedabad,West,Distributor,UPI,No,Student,True
ORD-12979,2024-04-11,April,Q2,Smart TVs,Entertainment,LG,55000.0,5,52250.0,1,52250.0,39538.18,12711.82,24.33,Kolkata,East,Online,Credit Card,No,Enterprise,False
ORD-12980,2024-12-22,December,Q4,Routers,Networking,Netgear,9700.0,25,7275.0,1,7275.0,5666.93,1608.07,22.1,Ahmedabad,West,Online,Debit Card,No,Student,True
ORD-12981,2024-04-05,April,Q2,Tablets,Mobile,Lenovo,55700.0,30,38990.0,3,116970.0,115046.76,1923.24,1.64,Pune,West,Retail Store,Credit Card,No,Enterprise,False
ORD-12982,2024-02-27,February,Q1,Smart TVs,Entertainment,Mi,157300.0,20,125840.0,1,125840.0,116553.49,9286.51,7.38,Mumbai,West,Corporate,Cash,No,Small Business,False
ORD-12983,2024-04-30,April,Q2,Cameras,Imaging,Fujifilm,85100.0,5,80845.0,2,161690.0,112257.26,49432.74,30.57,Ahmedabad,West,Online,EMI,No,Small Business,False
ORD-12984,2024-03-15,March,Q1,Smart TVs,Entertainment,Mi,18100.0,10,16290.0,2,32580.0,24940.76,7639.24,23.45,Kolkata,East,Online,Credit Card,No,Student,False
ORD-12985,2024-05-20,May,Q2,Routers,Networking,D-Link,11300.0,25,8475.0,2,16950.0,13631.18,3318.82,19.58,Kolkata,East,Online,EMI,No,Student,False
ORD-12986,2024-04-26,April,Q2,Laptops,Computing,Asus,56600.0,5,53770.0,2,107540.0,75279.98,32260.02,30.0,Ahmedabad,West,Online,UPI,No,Enterprise,False
ORD-12987,2024-01-03,January,Q1,Routers,Networking,TP-Link,2600.0,30,1820.0,1,1820.0,1570.06,249.94,13.73,Delhi,North,Online,UPI,No,Enterprise,False
ORD-12988,2024-12-30,December,Q4,Smart TVs,Entertainment,OnePlus,180000.0,0,180000.0,5,900000.0,569532.8500000001,330467.15,36.72,Kolkata,East,Online,Credit Card,No,Small Business,True
ORD-12989,2024-07-11,July,Q3,Laptops,Computing,Dell,74100.0,5,70395.0,2,140790.0,93356.18,47433.82,33.69,Mumbai,West,Distributor,Credit Card,No,Enterprise,False
ORD-12990,2024-07-13,July,Q3,Smartwatches,Wearables,Garmin,9100.0,15,7735.0,2,15470.0,11832.82,3637.18,23.51,Chennai,South,Online,EMI,Yes,Small Business,False
ORD-12991,2024-09-12,September,Q3,Air Purifiers,Home Tech,Dyson,39600.0,30,27720.0,1,27720.0,21996.24,5723.76,20.65,Hyderabad,South,Distributor,Debit Card,No,Enterprise,False
ORD-12992,2024-05-23,May,Q2,Smartwatches,Wearables,Boat,16900.0,15,14365.0,3,43095.0,35874.600000000006,7220.4,16.75,Mumbai,West,Online,Net Banking,No,Individual,False
ORD-12993,2024-11-03,November,Q4,Cameras,Imaging,Nikon,29600.0,30,20720.0,1,20720.0,17167.03,3552.97,17.15,Chennai,South,Corporate,Credit Card,No,Enterprise,True
ORD-12994,2024-12-17,December,Q4,Tablets,Mobile,Samsung,42600.0,25,31950.0,3,95850.0,94978.53,871.47,0.91,Ahmedabad,West,Retail Store,EMI,No,Small Business,True
ORD-12995,2024-09-30,September,Q3,Smartwatches,Wearables,Apple,42500.0,10,38250.0,2,76500.0,60991.44,15508.56,20.27,Ahmedabad,West,Online,EMI,No,Individual,False
ORD-12996,2024-11-05,November,Q4,Gaming Consoles,Gaming,Sony,34200.0,10,30780.0,1,30780.0,19036.72,11743.28,38.15,Delhi,North,Online,Credit Card,No,Enterprise,True
ORD-12997,2024-01-10,January,Q1,Smart TVs,Entertainment,Samsung,166000.0,25,124500.0,1,124500.0,99662.34,24837.66,19.95,Hyderabad,South,Online,Debit Card,No,Student,False
ORD-12998,2024-01-18,January,Q1,Smartphones,Mobile,Xiaomi,20400.0,15,17340.0,1,17340.0,15006.05,2333.95,13.46,Pune,West,Retail Store,Debit Card,No,Individual,False
ORD-12999,2024-06-05,June,Q2,Tablets,Mobile,Lenovo,22800.0,20,18240.0,1,18240.0,15954.74,2285.26,12.53,Kolkata,East,Retail Store,UPI,No,Student,False
ORD-13000,2024-12-22,December,Q4,Smartwatches,Wearables,Noise,7200.0,10,6480.0,1,6480.0,4202.72,2277.28,35.14,Mumbai,West,Corporate,UPI,Yes,Individual,True
ORD-13001,2024-11-27,November,Q4,Air Purifiers,Home Tech,Philips,14500.0,15,12325.0,1,12325.0,9656.88,2668.12,21.65,Hyderabad,South,Retail Store,Credit Card,No,Enterprise,True
ORD-13002,2024-12-11,December,Q4,Laptops,Computing,Asus,92600.0,20,74080.0,3,222240.0,165455.07,56784.93,25.55,Bangalore,South,Retail Store,Cash,No,Student,True
ORD-13003,2024-02-16,February,Q1,Smartphones,Mobile,Samsung,14500.0,0,14500.0,2,29000.0,18647.72,10352.28,35.7,Delhi,North,Online,Debit Card,No,Enterprise,False
ORD-13004,2024-08-17,August,Q3,Cameras,Imaging,Canon,112700.0,5,107065.0,3,321195.0,188724.33000000002,132470.67,41.24,Hyderabad,South,Distributor,EMI,Yes,Enterprise,False
ORD-13005,2024-10-13,October,Q4,Headphones,Audio,Sony,17600.0,30,12320.0,1,12320.0,10695.24,1624.76,13.19,Chennai,South,Online,Credit Card,No,Small Business,True
ORD-13006,2024-11-23,November,Q4,Smart TVs,Entertainment,OnePlus,46300.0,20,37040.0,1,37040.0,32962.62,4077.38,11.01,Pune,West,Distributor,Debit Card,No,Individual,True
ORD-13007,2024-12-03,December,Q4,Smart TVs,Entertainment,Sony,184900.0,15,157165.0,1,157165.0,134431.93,22733.07,14.46,Kolkata,East,Online,Credit Card,No,Individual,True
ORD-13008,2024-02-12,February,Q1,Smartwatches,Wearables,Boat,25900.0,25,19425.0,5,97125.0,90104.75,7020.25,7.23,Delhi,North,Distributor,EMI,Yes,Individual,False
ORD-13009,2024-12-11,December,Q4,Routers,Networking,Asus,2000.0,25,1500.0,6,9000.0,8846.400000000001,153.6,1.71,Ahmedabad,West,Retail Store,UPI,Yes,Individual,True
ORD-13010,2024-02-08,February,Q1,Headphones,Audio,Sennheiser,6800.0,15,5780.0,3,17340.0,14127.27,3212.73,18.53,Delhi,North,Corporate,Net Banking,No,Small Business,False
ORD-13011,2024-01-31,January,Q1,Gaming Consoles,Gaming,Microsoft,32700.0,10,29430.0,3,88290.0,57338.700000000004,30951.3,35.06,Hyderabad,South,Distributor,Credit Card,Yes,Enterprise,False
ORD-13012,2024-12-29,December,Q4,Tablets,Mobile,Apple,34900.0,25,26175.0,2,52350.0,47730.72,4619.28,8.82,Hyderabad,South,Retail Store,EMI,No,Student,True
ORD-13013,2024-01-03,January,Q1,Smartphones,Mobile,Xiaomi,48300.0,0,48300.0,2,96600.0,65350.34,31249.66,32.35,Pune,West,Online,Credit Card,No,Individual,False
ORD-13014,2024-11-28,November,Q4,Routers,Networking,TP-Link,8700.0,5,8265.0,2,16530.0,12197.24,4332.76,26.21,Kolkata,East,Retail Store,Net Banking,No,Student,True
ORD-13015,2024-12-06,December,Q4,Cameras,Imaging,Fujifilm,111400.0,5,105830.0,1,105830.0,73326.66,32503.34,30.71,Pune,West,Corporate,EMI,No,Small Business,True
ORD-13016,2024-10-19,October,Q4,Smartwatches,Wearables,Noise,4200.0,10,3780.0,2,7560.0,5296.22,2263.78,29.94,Jaipur,North,Online,UPI,No,Individual,True
ORD-13017,2024-04-06,April,Q2,Air Purifiers,Home Tech,Dyson,34100.0,25,25575.0,1,25575.0,22804.22,2770.78,10.83,Mumbai,West,Retail Store,EMI,No,Individual,False
ORD-13018,2024-09-27,September,Q3,Routers,Networking,D-Link,13900.0,25,10425.0,2,20850.0,19536.24,1313.76,6.3,Lucknow,North,Online,UPI,No,Individual,False
ORD-13019,2024-10-19,October,Q4,Routers,Networking,Netgear,4800.0,10,4320.0,2,8640.0,6420.22,2219.78,25.69,Kolkata,East,Retail Store,Credit Card,No,Student,True
ORD-13020,2024-12-16,December,Q4,Tablets,Mobile,Huawei,27400.0,30,19180.0,5,95900.0,88358.75,7541.25,7.86,Hyderabad,South,Retail Store,UPI,No,Enterprise,True
ORD-13021,2024-08-14,August,Q3,Tablets,Mobile,Huawei,33500.0,10,30150.0,4,120600.0,91843.12,28756.88,23.84,Delhi,North,Distributor,Credit Card,No,Student,False
ORD-13022,2024-10-27,October,Q4,Headphones,Audio,Sennheiser,12200.0,10,10980.0,2,21960.0,13437.04,8522.96,38.81,Mumbai,West,Online,Credit Card,No,Small Business,True
ORD-13023,2024-02-01,February,Q1,Tablets,Mobile,Huawei,58700.0,15,49895.0,2,99790.0,78927.0,20863.0,20.91,Chennai,South,Online,UPI,No,Enterprise,False
ORD-13024,2024-06-25,June,Q2,Tablets,Mobile,Lenovo,57600.0,5,54720.0,3,164160.0,103386.99,60773.01,37.02,Lucknow,North,Corporate,EMI,Yes,Student,False
ORD-13025,2024-05-12,May,Q2,Smartphones,Mobile,Xiaomi,24400.0,0,24400.0,1,24400.0,15531.48,8868.52,36.35,Pune,West,Online,UPI,No,Student,False
ORD-13026,2024-07-07,July,Q3,Laptops,Computing,HP,57500.0,20,46000.0,4,184000.0,135704.88,48295.12,26.25,Lucknow,North,Retail Store,UPI,No,Enterprise,False
ORD-13027,2024-04-17,April,Q2,Cameras,Imaging,Fujifilm,93300.0,5,88635.0,1,88635.0,54937.33,33697.67,38.02,Ahmedabad,West,Retail Store,UPI,No,Small Business,False
ORD-13028,2024-09-29,September,Q3,Smartwatches,Wearables,Noise,8400.0,30,5880.0,1,5880.0,5492.99,387.01,6.58,Ahmedabad,West,Online,EMI,No,Small Business,False
ORD-13029,2024-09-11,September,Q3,Tablets,Mobile,Apple,26900.0,20,21520.0,2,43040.0,31826.98,11213.02,26.05,Mumbai,West,Online,UPI,No,Individual,False
ORD-13030,2024-01-04,January,Q1,Routers,Networking,Asus,3000.0,5,2850.0,2,5700.0,3601.18,2098.82,36.82,Mumbai,West,Online,Credit Card,No,Small Business,False
ORD-13031,2024-04-29,April,Q2,Smart TVs,Entertainment,Sony,132000.0,20,105600.0,3,316800.0,288069.21,28730.79,9.07,Jaipur,North,Online,UPI,No,Individual,False
ORD-13032,2024-03-06,March,Q1,Smartwatches,Wearables,Noise,40300.0,25,30225.0,3,90675.0,88787.04000000001,1887.96,2.08,Hyderabad,South,Retail Store,Credit Card,No,Enterprise,False
ORD-13033,2024-12-17,December,Q4,Laptops,Computing,Asus,115200.0,20,92160.0,5,460800.0,392685.15,68114.85,14.78,Jaipur,North,Online,Net Banking,No,Enterprise,True
ORD-13034,2024-07-08,July,Q3,Smartwatches,Wearables,Garmin,14700.0,30,10290.0,1,10290.0,10117.01,172.99,1.68,Delhi,North,Online,Debit Card,No,Small Business,False
ORD-13035,2024-08-25,August,Q3,Gaming Consoles,Gaming,Nintendo,25500.0,10,22950.0,2,45900.0,28357.2,17542.8,38.22,Chennai,South,Retail Store,Debit Card,No,Student,False
ORD-13036,2024-09-24,September,Q3,Routers,Networking,Asus,9600.0,10,8640.0,1,8640.0,6673.59,1966.41,22.76,Bangalore,South,Retail Store,Debit Card,No,Individual,False
ORD-13037,2024-04-23,April,Q2,Gaming Consoles,Gaming,Microsoft,41500.0,20,33200.0,1,33200.0,26715.62,6484.38,19.53,Jaipur,North,Distributor,Debit Card,No,Enterprise,False
ORD-13038,2024-01-12,January,Q1,Smart TVs,Entertainment,LG,32500.0,20,26000.0,5,130000.0,101534.25,28465.75,21.9,Lucknow,North,Distributor,Credit Card,No,Enterprise,False
ORD-13039,2024-02-11,February,Q1,Smartphones,Mobile,Apple,31900.0,15,27115.0,1,27115.0,20326.12,6788.88,25.04,Jaipur,North,Retail Store,Debit Card,No,Student,False
ORD-13040,2024-04-24,April,Q2,Headphones,Audio,Sennheiser,10700.0,0,10700.0,3,32100.0,23245.739999999998,8854.26,27.58,Lucknow,North,Retail Store,Credit Card,No,Enterprise,False
ORD-13041,2024-11-11,November,Q4,Laptops,Computing,Dell,47000.0,10,42300.0,1,42300.0,27590.87,14709.13,34.77,Bangalore,South,Distributor,Credit Card,No,Enterprise,True
ORD-13042,2024-06-29,June,Q2,Gaming Consoles,Gaming,Microsoft,28500.0,25,21375.0,1,21375.0,18193.07,3181.93,14.89,Chennai,South,Retail Store,Net Banking,No,Enterprise,False
ORD-13043,2024-11-10,November,Q4,Smartwatches,Wearables,Boat,14100.0,5,13395.0,1,13395.0,9323.85,4071.15,30.39,Pune,West,Online,Debit Card,No,Student,True
ORD-13044,2024-12-05,December,Q4,Smartwatches,Wearables,Samsung,4700.0,0,4700.0,1,4700.0,3067.73,1632.27,34.73,Chennai,South,Online,UPI,No,Individual,True
ORD-13045,2024-12-05,December,Q4,Tablets,Mobile,Huawei,57000.0,15,48450.0,1,48450.0,39004.88,9445.12,19.49,Chennai,South,Retail Store,Net Banking,No,Student,True
ORD-13046,2024-12-02,December,Q4,Air Purifiers,Home Tech,Philips,30200.0,30,21140.0,3,63420.0,53198.28,10221.72,16.12,Chennai,South,Online,Credit Card,No,Small Business,True
ORD-13047,2024-11-02,November,Q4,Laptops,Computing,Asus,88400.0,0,88400.0,2,176800.0,125420.1,51379.9,29.06,Lucknow,North,Online,Debit Card,No,Student,True
ORD-13048,2024-07-21,July,Q3,Smartphones,Mobile,Xiaomi,23000.0,30,16100.0,1,16100.0,16081.07,18.93,0.12,Kolkata,East,Online,Cash,No,Small Business,False
ORD-13049,2024-12-06,December,Q4,Air Purifiers,Home Tech,Xiaomi,26500.0,25,19875.0,3,59625.0,58662.18000000001,962.82,1.61,Delhi,North,Retail Store,Credit Card,No,Individual,True
ORD-13050,2024-11-02,November,Q4,Smart TVs,Entertainment,OnePlus,32900.0,15,27965.0,3,83895.0,60061.62,23833.38,28.41,Pune,West,Retail Store,Debit Card,No,Enterprise,True
ORD-13051,2024-09-08,September,Q3,Smart TVs,Entertainment,Samsung,92400.0,20,73920.0,1,73920.0,66258.04,7661.96,10.37,Hyderabad,South,Corporate,EMI,No,Small Business,False
ORD-13052,2024-10-03,October,Q4,Air Purifiers,Home Tech,Dyson,31000.0,30,21700.0,2,43400.0,45159.06,-1759.06,-4.05,Pune,West,Online,Cash,No,Enterprise,True
ORD-13053,2024-07-18,July,Q3,Cameras,Imaging,Sony,138400.0,0,138400.0,1,138400.0,91430.52,46969.48,33.94,Ahmedabad,West,Retail Store,EMI,No,Student,False
ORD-13054,2024-02-16,February,Q1,Gaming Consoles,Gaming,Nintendo,52300.0,20,41840.0,2,83680.0,68041.4,15638.6,18.69,Ahmedabad,West,Online,EMI,No,Student,False
ORD-13055,2024-09-17,September,Q3,Smartwatches,Wearables,Boat,10800.0,0,10800.0,1,10800.0,6793.35,4006.65,37.1,Pune,West,Online,UPI,No,Student,False
ORD-13056,2024-05-23,May,Q2,Cameras,Imaging,Nikon,45700.0,5,43415.0,2,86830.0,55720.56,31109.44,35.83,Chennai,South,Online,Credit Card,No,Small Business,False
ORD-13057,2024-02-27,February,Q1,Tablets,Mobile,Samsung,44300.0,15,37655.0,2,75310.0,49300.48,26009.52,34.54,Chennai,South,Retail Store,UPI,No,Individual,False
ORD-13058,2024-04-17,April,Q2,Smartwatches,Wearables,Garmin,19800.0,10,17820.0,4,71280.0,49607.08,21672.92,30.41,Mumbai,West,Corporate,Debit Card,No,Student,False
ORD-13059,2024-07-25,July,Q3,Headphones,Audio,Sennheiser,7300.0,15,6205.0,1,6205.0,5087.6,1117.4,18.01,Lucknow,North,Online,Debit Card,No,Individual,False
ORD-13060,2024-04-05,April,Q2,Tablets,Mobile,Samsung,50600.0,0,50600.0,4,202400.0,151193.32,51206.68,25.3,Chennai,South,Retail Store,EMI,No,Enterprise,False
ORD-13061,2024-06-28,June,Q2,Routers,Networking,D-Link,10900.0,25,8175.0,1,8175.0,8014.1,160.9,1.97,Delhi,North,Retail Store,Cash,No,Enterprise,False
ORD-13062,2024-03-03,March,Q1,Smartwatches,Wearables,Boat,27700.0,5,26315.0,1,26315.0,16435.38,9879.62,37.54,Bangalore,South,Distributor,Credit Card,No,Student,False
ORD-13063,2024-01-01,January,Q1,Laptops,Computing,HP,74000.0,10,66600.0,1,66600.0,51788.28,14811.72,22.24,Mumbai,West,Online,Credit Card,No,Small Business,False
ORD-13064,2024-09-22,September,Q3,Smartphones,Mobile,Samsung,79400.0,0,79400.0,4,317600.0,179036.2,138563.8,43.63,Hyderabad,South,Distributor,EMI,No,Individual,False
ORD-13065,2024-07-10,July,Q3,Routers,Networking,TP-Link,6400.0,25,4800.0,4,19200.0,18219.12,980.88,5.11,Lucknow,North,Online,Debit Card,No,Small Business,False
ORD-13066,2024-07-24,July,Q3,Smartwatches,Wearables,Apple,39700.0,10,35730.0,2,71460.0,45588.52,25871.48,36.2,Delhi,North,Retail Store,Debit Card,No,Student,False
ORD-13067,2024-09-29,September,Q3,Air Purifiers,Home Tech,Dyson,22600.0,30,15820.0,2,31640.0,30828.78,811.22,2.56,Delhi,North,Retail Store,Credit Card,No,Small Business,False
ORD-13068,2024-11-01,November,Q4,Smart TVs,Entertainment,LG,154000.0,30,107800.0,2,215600.0,203803.58,11796.42,5.47,Pune,West,Online,Cash,No,Student,True
ORD-13069,2024-02-12,February,Q1,Tablets,Mobile,Apple,20400.0,5,19380.0,2,38760.0,23045.68,15714.32,40.54,Chennai,South,Online,Credit Card,Yes,Individual,False
ORD-13070,2024-10-15,October,Q4,Headphones,Audio,Sony,16800.0,30,11760.0,5,58800.0,49781.7,9018.3,15.34,Delhi,North,Corporate,Credit Card,No,Enterprise,True
ORD-13071,2024-07-16,July,Q3,Tablets,Mobile,Huawei,22700.0,0,22700.0,1,22700.0,14249.52,8450.48,37.23,Delhi,North,Online,Cash,Yes,Small Business,False
ORD-13072,2024-07-31,July,Q3,Tablets,Mobile,Samsung,42500.0,0,42500.0,4,170000.0,127319.04,42680.96,25.11,Lucknow,North,Corporate,Credit Card,No,Enterprise,False
ORD-13073,2024-09-08,September,Q3,Laptops,Computing,HP,35500.0,20,28400.0,1,28400.0,22589.51,5810.49,20.46,Delhi,North,Retail Store,EMI,No,Small Business,False
ORD-13074,2024-12-08,December,Q4,Smart TVs,Entertainment,Mi,171100.0,5,162545.0,1,162545.0,100800.73,61744.27,37.99,Bangalore,South,Online,Debit Card,No,Student,True
ORD-13075,2024-10-24,October,Q4,Tablets,Mobile,Samsung,31500.0,5,29925.0,2,59850.0,37436.64,22413.36,37.45,Hyderabad,South,Distributor,Credit Card,No,Individual,True
ORD-13076,2024-01-11,January,Q1,Gaming Consoles,Gaming,Nintendo,33500.0,0,33500.0,3,100500.0,66746.49,33753.51,33.59,Kolkata,East,Distributor,UPI,No,Individual,False
ORD-13077,2024-06-25,June,Q2,Tablets,Mobile,Samsung,13300.0,30,9310.0,1,9310.0,7445.22,1864.78,20.03,Chennai,South,Distributor,UPI,No,Enterprise,False
ORD-13078,2024-02-22,February,Q1,Routers,Networking,TP-Link,4500.0,25,3375.0,7,23625.0,22341.34,1283.66,5.43,Kolkata,East,Distributor,EMI,No,Student,False
ORD-13079,2024-02-22,February,Q1,Headphones,Audio,Sony,20200.0,20,16160.0,5,80800.0,72533.75,8266.25,10.23,Hyderabad,South,Retail Store,Credit Card,No,Enterprise,False
ORD-13080,2024-01-16,January,Q1,Cameras,Imaging,Canon,91900.0,30,64330.0,2,128660.0,132322.92,-3662.92,-2.85,Pune,West,Distributor,Cash,No,Small Business,False
ORD-13081,2024-12-20,December,Q4,Air Purifiers,Home Tech,Xiaomi,16900.0,15,14365.0,3,43095.0,33909.39,9185.61,21.31,Chennai,South,Retail Store,Debit Card,No,Enterprise,True
ORD-13082,2024-10-19,October,Q4,Smartphones,Mobile,Xiaomi,26600.0,20,21280.0,2,42560.0,39717.02,2842.98,6.68,Delhi,North,Online,Debit Card,No,Enterprise,True
ORD-13083,2024-11-13,November,Q4,Smartwatches,Wearables,Noise,42000.0,25,31500.0,2,63000.0,53643.46,9356.54,14.85,Kolkata,East,Online,EMI,No,Enterprise,True
ORD-13084,2024-08-20,August,Q3,Cameras,Imaging,Fujifilm,93900.0,20,75120.0,2,150240.0,133579.22,16660.78,11.09,Chennai,South,Online,Credit Card,No,Enterprise,False
ORD-13085,2024-09-10,September,Q3,Tablets,Mobile,Huawei,16200.0,10,14580.0,2,29160.0,22176.48,6983.52,23.95,Kolkata,East,Distributor,Credit Card,No,Small Business,False
ORD-13086,2024-12-17,December,Q4,Cameras,Imaging,Nikon,94400.0,15,80240.0,2,160480.0,139988.2,20491.8,12.77,Delhi,North,Online,Credit Card,No,Student,True
ORD-13087,2024-08-10,August,Q3,Smartphones,Mobile,Apple,30200.0,20,24160.0,1,24160.0,17379.95,6780.05,28.06,Kolkata,East,Distributor,Debit Card,No,Student,False
ORD-13088,2024-09-04,September,Q3,Smartphones,Mobile,Samsung,36500.0,15,31025.0,1,31025.0,21224.03,9800.97,31.59,Ahmedabad,West,Retail Store,EMI,No,Small Business,False
ORD-13089,2024-02-02,February,Q1,Smartwatches,Wearables,Noise,42900.0,5,40755.0,5,203775.0,121696.0,82079.0,40.28,Bangalore,South,Online,UPI,Yes,Enterprise,False
ORD-13090,2024-03-18,March,Q1,Smartwatches,Wearables,Noise,37700.0,0,37700.0,5,188500.0,123316.65000000001,65183.35,34.58,Jaipur,North,Distributor,Credit Card,No,Individual,False
ORD-13091,2024-08-19,August,Q3,Tablets,Mobile,Samsung,28100.0,30,19670.0,1,19670.0,15772.9,3897.1,19.81,Bangalore,South,Online,Credit Card,No,Small Business,False
ORD-13092,2024-06-18,June,Q2,Smart TVs,Entertainment,Sony,49900.0,0,49900.0,1,49900.0,32585.05,17314.95,34.7,Pune,West,Corporate,UPI,No,Small Business,False
ORD-13093,2024-05-27,May,Q2,Tablets,Mobile,Apple,17500.0,25,13125.0,1,13125.0,12137.4,987.6,7.52,Delhi,North,Online,UPI,No,Enterprise,False
ORD-13094,2024-05-12,May,Q2,Smart TVs,Entertainment,Sony,161700.0,10,145530.0,1,145530.0,118324.73,27205.27,18.69,Delhi,North,Online,UPI,No,Student,False
ORD-13095,2024-09-19,September,Q3,Smart TVs,Entertainment,Samsung,143500.0,30,100450.0,2,200900.0,207106.04,-6206.04,-3.09,Ahmedabad,West,Distributor,Credit Card,No,Small Business,False
ORD-13096,2024-12-18,December,Q4,Headphones,Audio,Sony,19000.0,0,19000.0,1,19000.0,13976.29,5023.71,26.44,Kolkata,East,Corporate,UPI,No,Student,True
ORD-13097,2024-11-14,November,Q4,Gaming Consoles,Gaming,Nintendo,51500.0,20,41200.0,2,82400.0,58314.7,24085.3,29.23,Delhi,North,Retail Store,Net Banking,No,Student,True
ORD-13098,2024-03-18,March,Q1,Headphones,Audio,Boat,24300.0,10,21870.0,4,87480.0,72771.28,14708.72,16.81,Jaipur,North,Distributor,EMI,No,Small Business,False
ORD-13099,2024-12-13,December,Q4,Smartwatches,Wearables,Garmin,23400.0,15,19890.0,3,59670.0,52262.549999999996,7407.45,12.41,Pune,West,Distributor,Credit Card,No,Enterprise,True
ORD-13100,2024-09-14,September,Q3,Routers,Networking,Netgear,3700.0,30,2590.0,3,7770.0,8307.539999999999,-537.54,-6.92,Bangalore,South,Online,UPI,No,Enterprise,False
ORD-13101,2024-04-13,April,Q2,Smartwatches,Wearables,Apple,4400.0,15,3740.0,5,18700.0,16368.0,2332.0,12.47,Jaipur,North,Distributor,Debit Card,No,Small Business,False
ORD-13102,2024-05-08,May,Q2,Smartwatches,Wearables,Garmin,11500.0,25,8625.0,2,17250.0,15075.42,2174.58,12.61,Jaipur,North,Corporate,UPI,Yes,Student,False
ORD-13103,2024-07-22,July,Q3,Air Purifiers,Home Tech,Sharp,18300.0,15,15555.0,6,93330.0,75950.64,17379.36,18.62,Jaipur,North,Online,Credit Card,No,Enterprise,False
ORD-13104,2024-12-27,December,Q4,Routers,Networking,D-Link,2100.0,25,1575.0,1,1575.0,1209.34,365.66,23.22,Ahmedabad,West,Online,UPI,No,Small Business,True
ORD-13105,2024-07-18,July,Q3,Routers,Networking,Asus,9500.0,0,9500.0,4,38000.0,23722.76,14277.24,37.57,Bangalore,South,Online,UPI,No,Student,False
ORD-13106,2024-05-31,May,Q2,Laptops,Computing,Lenovo,100100.0,10,90090.0,1,90090.0,59456.75,30633.25,34.0,Delhi,North,Online,Credit Card,No,Enterprise,False
ORD-13107,2024-07-01,July,Q3,Tablets,Mobile,Huawei,56600.0,10,50940.0,2,101880.0,78285.2,23594.8,23.16,Hyderabad,South,Online,UPI,No,Student,False
ORD-13108,2024-02-19,February,Q1,Laptops,Computing,Lenovo,46500.0,30,32550.0,4,130200.0,111341.04,18858.96,14.48,Hyderabad,South,Distributor,Cash,No,Student,False
ORD-13109,2024-11-11,November,Q4,Air Purifiers,Home Tech,Dyson,8200.0,30,5740.0,2,11480.0,9169.92,2310.08,20.12,Chennai,South,Distributor,Credit Card,No,Student,True
ORD-13110,2024-07-05,July,Q3,Routers,Networking,Asus,12400.0,25,9300.0,3,27900.0,23535.36,4364.64,15.64,Delhi,North,Retail Store,Credit Card,No,Student,False
ORD-13111,2024-09-19,September,Q3,Cameras,Imaging,Canon,142600.0,30,99820.0,1,99820.0,103603.2,-3783.2,-3.79,Delhi,North,Online,Debit Card,No,Enterprise,False
ORD-13112,2024-04-21,April,Q2,Air Purifiers,Home Tech,Sharp,39200.0,5,37240.0,1,37240.0,25597.36,11642.64,31.26,Ahmedabad,West,Corporate,Debit Card,No,Small Business,False
ORD-13113,2024-04-19,April,Q2,Laptops,Computing,HP,40900.0,5,38855.0,2,77710.0,59238.64,18471.36,23.77,Pune,West,Online,UPI,No,Individual,False
ORD-13114,2024-05-28,May,Q2,Air Purifiers,Home Tech,Philips,29000.0,10,26100.0,4,104400.0,80778.6,23621.4,22.63,Jaipur,North,Online,Credit Card,No,Student,False
ORD-13115,2024-08-29,August,Q3,Air Purifiers,Home Tech,Xiaomi,5200.0,0,5200.0,1,5200.0,3090.03,2109.97,40.58,Kolkata,East,Retail Store,Net Banking,No,Student,False
ORD-13116,2024-01-07,January,Q1,Smartphones,Mobile,Xiaomi,35200.0,25,26400.0,1,26400.0,20340.32,6059.68,22.95,Jaipur,North,Distributor,UPI,Yes,Small Business,False
ORD-13117,2024-03-02,March,Q1,Gaming Consoles,Gaming,Sony,50100.0,20,40080.0,2,80160.0,63433.38,16726.62,20.87,Jaipur,North,Online,Debit Card,No,Student,False
ORD-13118,2024-03-09,March,Q1,Cameras,Imaging,Sony,108600.0,5,103170.0,2,206340.0,145467.38,60872.62,29.5,Chennai,South,Distributor,Cash,No,Enterprise,False
ORD-13119,2024-11-25,November,Q4,Gaming Consoles,Gaming,Microsoft,39900.0,25,29925.0,1,29925.0,28013.71,1911.29,6.39,Kolkata,East,Retail Store,Net Banking,No,Enterprise,True
ORD-13120,2024-10-05,October,Q4,Smartwatches,Wearables,Samsung,5600.0,5,5320.0,1,5320.0,3362.66,1957.34,36.79,Hyderabad,South,Online,Credit Card,No,Enterprise,True
ORD-13121,2024-10-23,October,Q4,Routers,Networking,TP-Link,2600.0,20,2080.0,3,6240.0,5316.21,923.79,14.8,Kolkata,East,Online,UPI,No,Individual,True
ORD-13122,2024-01-15,January,Q1,Cameras,Imaging,Nikon,74400.0,25,55800.0,1,55800.0,42234.62,13565.38,24.31,Mumbai,West,Online,Debit Card,Yes,Student,False
ORD-13123,2024-05-09,May,Q2,Routers,Networking,TP-Link,2200.0,15,1870.0,1,1870.0,1529.71,340.29,18.2,Lucknow,North,Online,Credit Card,Yes,Enterprise,False
ORD-13124,2024-10-20,October,Q4,Headphones,Audio,Boat,2300.0,5,2185.0,1,2185.0,1494.83,690.17,31.59,Chennai,South,Corporate,UPI,No,Small Business,True
ORD-13125,2024-12-18,December,Q4,Cameras,Imaging,Sony,89800.0,5,85310.0,2,170620.0,116339.9,54280.1,31.81,Ahmedabad,West,Retail Store,Credit Card,No,Small Business,True
ORD-13126,2024-07-03,July,Q3,Routers,Networking,D-Link,2000.0,30,1400.0,2,2800.0,2820.44,-20.44,-0.73,Delhi,North,Retail Store,Net Banking,No,Enterprise,False
ORD-13127,2024-04-22,April,Q2,Routers,Networking,TP-Link,14400.0,25,10800.0,2,21600.0,18975.86,2624.14,12.15,Hyderabad,South,Online,EMI,No,Small Business,False
ORD-13128,2024-04-12,April,Q2,Gaming Consoles,Gaming,Nintendo,20500.0,30,14350.0,1,14350.0,13284.03,1065.97,7.43,Kolkata,East,Online,EMI,No,Individual,False
ORD-13129,2024-02-11,February,Q1,Smart TVs,Entertainment,Mi,34700.0,10,31230.0,3,93690.0,68199.87,25490.13,27.21,Mumbai,West,Online,UPI,No,Enterprise,False
ORD-13130,2024-09-12,September,Q3,Gaming Consoles,Gaming,Sony,46500.0,10,41850.0,4,167400.0,139233.0,28167.0,16.83,Lucknow,North,Online,UPI,No,Student,False
ORD-13131,2024-02-19,February,Q1,Cameras,Imaging,Sony,125200.0,25,93900.0,1,93900.0,84024.23,9875.77,10.52,Hyderabad,South,Distributor,Net Banking,No,Individual,False
ORD-13132,2024-06-24,June,Q2,Air Purifiers,Home Tech,Philips,23600.0,0,23600.0,4,94400.0,59121.2,35278.8,37.37,Lucknow,North,Corporate,Credit Card,No,Student,False
ORD-13133,2024-08-19,August,Q3,Tablets,Mobile,Samsung,39200.0,15,33320.0,2,66640.0,44972.92,21667.08,32.51,Bangalore,South,Distributor,Credit Card,No,Small Business,False
ORD-13134,2024-12-11,December,Q4,Tablets,Mobile,Samsung,28200.0,30,19740.0,1,19740.0,17692.42,2047.58,10.37,Lucknow,North,Retail Store,UPI,No,Enterprise,True
ORD-13135,2024-11-13,November,Q4,Air Purifiers,Home Tech,Dyson,28300.0,30,19810.0,3,59430.0,57657.36,1772.64,2.98,Pune,West,Corporate,Credit Card,No,Student,True
ORD-13136,2024-08-27,August,Q3,Smartphones,Mobile,Samsung,16300.0,10,14670.0,2,29340.0,19939.82,9400.18,32.04,Lucknow,North,Online,Net Banking,No,Small Business,False
ORD-13137,2024-11-16,November,Q4,Tablets,Mobile,Huawei,10200.0,20,8160.0,1,8160.0,6474.98,1685.02,20.65,Pune,West,Retail Store,Debit Card,No,Student,True
ORD-13138,2024-02-02,February,Q1,Smartphones,Mobile,Vivo,32700.0,20,26160.0,2,52320.0,42173.62,10146.38,19.39,Pune,West,Retail Store,Net Banking,No,Enterprise,False
ORD-13139,2024-04-18,April,Q2,Smart TVs,Entertainment,OnePlus,65700.0,15,55845.0,1,55845.0,36805.93,19039.07,34.09,Kolkata,East,Online,Credit Card,No,Student,False
ORD-13140,2024-06-28,June,Q2,Gaming Consoles,Gaming,Microsoft,48300.0,30,33810.0,3,101430.0,87341.01,14088.99,13.89,Pune,West,Retail Store,Debit Card,No,Enterprise,False
ORD-13141,2024-10-25,October,Q4,Headphones,Audio,Sennheiser,18700.0,10,16830.0,3,50490.0,34822.2,15667.8,31.03,Chennai,South,Online,Credit Card,No,Enterprise,True
ORD-13142,2024-11-27,November,Q4,Smartphones,Mobile,Apple,26200.0,30,18340.0,3,55020.0,48960.659999999996,6059.34,11.01,Ahmedabad,West,Retail Store,Debit Card,No,Enterprise,True
ORD-13143,2024-12-13,December,Q4,Routers,Networking,D-Link,5400.0,5,5130.0,6,30780.0,21978.12,8801.88,28.6,Hyderabad,South,Online,UPI,No,Enterprise,True
ORD-13144,2024-05-23,May,Q2,Routers,Networking,TP-Link,11800.0,15,10030.0,1,10030.0,7728.95,2301.05,22.94,Pune,West,Online,UPI,No,Enterprise,False
ORD-13145,2024-07-25,July,Q3,Gaming Consoles,Gaming,Sony,26500.0,20,21200.0,3,63600.0,45646.770000000004,17953.23,28.23,Kolkata,East,Retail Store,Credit Card,No,Individual,False
ORD-13146,2024-12-22,December,Q4,Headphones,Audio,Sony,12100.0,15,10285.0,3,30855.0,21482.579999999998,9372.42,30.38,Hyderabad,South,Online,UPI,No,Small Business,True
ORD-13147,2024-03-31,March,Q1,Headphones,Audio,Sony,8200.0,0,8200.0,5,41000.0,29127.75,11872.25,28.96,Bangalore,South,Retail Store,Credit Card,No,Student,False
ORD-13148,2024-11-19,November,Q4,Gaming Consoles,Gaming,Microsoft,27200.0,10,24480.0,2,48960.0,39978.84,8981.16,18.34,Ahmedabad,West,Online,Credit Card,No,Student,True
ORD-13149,2024-08-09,August,Q3,Smartphones,Mobile,Apple,23700.0,30,16590.0,1,16590.0,17545.79,-955.79,-5.76,Ahmedabad,West,Online,EMI,No,Enterprise,False
ORD-13150,2024-02-27,February,Q1,Smartwatches,Wearables,Boat,7900.0,0,7900.0,2,15800.0,10929.54,4870.46,30.83,Lucknow,North,Online,EMI,No,Individual,False
ORD-13151,2024-01-11,January,Q1,Tablets,Mobile,Huawei,31800.0,15,27030.0,4,108120.0,90418.68,17701.32,16.37,Delhi,North,Retail Store,Debit Card,No,Enterprise,False
ORD-13152,2024-09-22,September,Q3,Headphones,Audio,Apple,22100.0,15,18785.0,1,18785.0,14655.75,4129.25,21.98,Ahmedabad,West,Online,UPI,No,Individual,False
ORD-13153,2024-08-06,August,Q3,Laptops,Computing,Lenovo,48900.0,10,44010.0,4,176040.0,125073.96,50966.04,28.95,Pune,West,Online,Cash,No,Small Business,False
ORD-13154,2024-06-23,June,Q2,Smartphones,Mobile,OnePlus,56100.0,30,39270.0,1,39270.0,38050.69,1219.31,3.1,Bangalore,South,Retail Store,UPI,No,Student,False
ORD-13155,2024-09-27,September,Q3,Air Purifiers,Home Tech,Xiaomi,20100.0,15,17085.0,1,17085.0,11298.06,5786.94,33.87,Delhi,North,Retail Store,Cash,No,Individual,False
ORD-13156,2024-03-22,March,Q1,Gaming Consoles,Gaming,Sony,28400.0,25,21300.0,2,42600.0,35774.08,6825.92,16.02,Delhi,North,Distributor,Debit Card,No,Student,False
ORD-13157,2024-08-24,August,Q3,Headphones,Audio,JBL,15200.0,20,12160.0,2,24320.0,19887.18,4432.82,18.23,Hyderabad,South,Corporate,UPI,No,Small Business,False
ORD-13158,2024-05-07,May,Q2,Air Purifiers,Home Tech,Sharp,37700.0,15,32045.0,1,32045.0,20802.72,11242.28,35.08,Jaipur,North,Distributor,UPI,No,Individual,False
ORD-13159,2024-11-17,November,Q4,Cameras,Imaging,Sony,24900.0,0,24900.0,3,74700.0,53315.94,21384.06,28.63,Hyderabad,South,Online,UPI,No,Small Business,True
ORD-13160,2024-10-02,October,Q4,Headphones,Audio,Sennheiser,13500.0,10,12150.0,5,60750.0,44040.9,16709.1,27.5,Chennai,South,Distributor,UPI,No,Enterprise,True
ORD-13161,2024-08-24,August,Q3,Smart TVs,Entertainment,OnePlus,187000.0,10,168300.0,2,336600.0,255063.08,81536.92,24.22,Mumbai,West,Distributor,EMI,No,Student,False
ORD-13162,2024-04-04,April,Q2,Routers,Networking,TP-Link,9600.0,5,9120.0,1,9120.0,5505.95,3614.05,39.63,Ahmedabad,West,Retail Store,EMI,No,Student,False
ORD-13163,2024-05-11,May,Q2,Smart TVs,Entertainment,Sony,94200.0,25,70650.0,1,70650.0,61592.81,9057.19,12.82,Lucknow,North,Retail Store,UPI,No,Enterprise,False
ORD-13164,2024-01-22,January,Q1,Routers,Networking,Asus,15000.0,20,12000.0,2,24000.0,17793.68,6206.32,25.86,Chennai,South,Corporate,Net Banking,No,Enterprise,False
ORD-13165,2024-08-11,August,Q3,Smartphones,Mobile,OnePlus,19100.0,20,15280.0,1,15280.0,12892.48,2387.52,15.63,Mumbai,West,Online,Credit Card,No,Individual,False
ORD-13166,2024-03-07,March,Q1,Gaming Consoles,Gaming,Nintendo,43000.0,15,36550.0,1,36550.0,26927.44,9622.56,26.33,Chennai,South,Online,Debit Card,No,Small Business,False
ORD-13167,2024-07-02,July,Q3,Cameras,Imaging,Sony,45600.0,0,45600.0,1,45600.0,34003.66,11596.34,25.43,Mumbai,West,Retail Store,Debit Card,No,Enterprise,False
ORD-13168,2024-05-20,May,Q2,Smartphones,Mobile,Apple,57100.0,5,54245.0,1,54245.0,41961.55,12283.45,22.64,Mumbai,West,Online,EMI,No,Enterprise,False
ORD-13169,2024-04-20,April,Q2,Laptops,Computing,Apple,117800.0,10,106020.0,2,212040.0,129786.34,82253.66,38.79,Hyderabad,South,Online,UPI,Yes,Small Business,False
ORD-13170,2024-12-24,December,Q4,Smartphones,Mobile,Xiaomi,75200.0,5,71440.0,1,71440.0,53508.53,17931.47,25.1,Mumbai,West,Online,EMI,No,Individual,True
ORD-13171,2024-10-17,October,Q4,Smart TVs,Entertainment,Sony,183300.0,10,164970.0,2,329940.0,223429.62,106510.38,32.28,Hyderabad,South,Retail Store,UPI,No,Student,True
ORD-13172,2024-09-05,September,Q3,Gaming Consoles,Gaming,Microsoft,51000.0,20,40800.0,4,163200.0,145303.04,17896.96,10.97,Bangalore,South,Online,Debit Card,No,Enterprise,False
ORD-13173,2024-05-01,May,Q2,Routers,Networking,TP-Link,6200.0,0,6200.0,3,18600.0,12223.11,6376.89,34.28,Ahmedabad,West,Online,Debit Card,No,Small Business,False
ORD-13174,2024-08-11,August,Q3,Headphones,Audio,Boat,14900.0,30,10430.0,2,20860.0,22091.86,-1231.86,-5.91,Jaipur,North,Online,EMI,No,Student,False
ORD-13175,2024-12-17,December,Q4,Cameras,Imaging,Canon,55800.0,10,50220.0,2,100440.0,74587.82,25852.18,25.74,Chennai,South,Online,Credit Card,No,Enterprise,True
ORD-13176,2024-06-04,June,Q2,Headphones,Audio,Apple,11600.0,0,11600.0,1,11600.0,7946.48,3653.52,31.5,Pune,West,Online,Debit Card,No,Enterprise,False
ORD-13177,2024-10-26,October,Q4,Laptops,Computing,Lenovo,95000.0,20,76000.0,1,76000.0,63120.06,12879.94,16.95,Hyderabad,South,Online,Debit Card,No,Enterprise,True
ORD-13178,2024-01-14,January,Q1,Air Purifiers,Home Tech,Sharp,25800.0,10,23220.0,1,23220.0,15978.82,7241.18,31.19,Pune,West,Retail Store,EMI,Yes,Enterprise,False
ORD-13179,2024-06-19,June,Q2,Routers,Networking,TP-Link,13000.0,20,10400.0,1,10400.0,9117.24,1282.76,12.33,Bangalore,South,Retail Store,Credit Card,No,Enterprise,False
ORD-13180,2024-08-16,August,Q3,Air Purifiers,Home Tech,Sharp,37700.0,10,33930.0,1,33930.0,23540.66,10389.34,30.62,Bangalore,South,Online,EMI,No,Small Business,False
ORD-13181,2024-09-20,September,Q3,Air Purifiers,Home Tech,Philips,34800.0,25,26100.0,1,26100.0,23224.09,2875.91,11.02,Chennai,South,Retail Store,Credit Card,No,Student,False
ORD-13182,2024-02-01,February,Q1,Headphones,Audio,JBL,22400.0,20,17920.0,3,53760.0,50175.18000000001,3584.82,6.67,Jaipur,North,Distributor,Debit Card,No,Student,False
ORD-13183,2024-05-15,May,Q2,Laptops,Computing,Asus,65500.0,5,62225.0,1,62225.0,44903.45,17321.55,27.84,Pune,West,Distributor,Debit Card,No,Small Business,False
ORD-13184,2024-06-17,June,Q2,Smartwatches,Wearables,Boat,11100.0,0,11100.0,1,11100.0,8169.89,2930.11,26.4,Ahmedabad,West,Retail Store,UPI,No,Individual,False
ORD-13185,2024-07-11,July,Q3,Headphones,Audio,Sony,19700.0,30,13790.0,3,41370.0,44156.340000000004,-2786.34,-6.74,Ahmedabad,West,Online,Credit Card,No,Individual,False
ORD-13186,2024-05-24,May,Q2,Smartwatches,Wearables,Apple,31700.0,5,30115.0,1,30115.0,19186.77,10928.23,36.29,Ahmedabad,West,Corporate,Debit Card,No,Enterprise,False
ORD-13187,2024-05-24,May,Q2,Smartwatches,Wearables,Garmin,25700.0,30,17990.0,5,89950.0,78122.6,11827.4,13.15,Pune,West,Retail Store,Credit Card,No,Student,False
ORD-13188,2024-04-05,April,Q2,Laptops,Computing,Asus,119200.0,25,89400.0,2,178800.0,141356.4,37443.6,20.94,Pune,West,Distributor,Cash,No,Student,False
ORD-13189,2024-07-31,July,Q3,Routers,Networking,TP-Link,8800.0,30,6160.0,4,24640.0,23673.84,966.16,3.92,Mumbai,West,Online,EMI,No,Individual,False
ORD-13190,2024-09-14,September,Q3,Cameras,Imaging,Canon,49700.0,0,49700.0,2,99400.0,64086.14,35313.86,35.53,Pune,West,Corporate,Debit Card,No,Small Business,False
ORD-13191,2024-02-17,February,Q1,Gaming Consoles,Gaming,Microsoft,40400.0,5,38380.0,1,38380.0,25379.03,13000.97,33.87,Kolkata,East,Distributor,EMI,No,Small Business,False
ORD-13192,2024-02-05,February,Q1,Cameras,Imaging,Canon,82300.0,20,65840.0,3,197520.0,184351.53,13168.47,6.67,Jaipur,North,Online,Debit Card,Yes,Individual,False
ORD-13193,2024-07-07,July,Q3,Smartwatches,Wearables,Boat,10100.0,0,10100.0,1,10100.0,5742.53,4357.47,43.14,Pune,West,Distributor,UPI,No,Enterprise,False
ORD-13194,2024-01-25,January,Q1,Smartphones,Mobile,Vivo,59000.0,25,44250.0,1,44250.0,40448.82,3801.18,8.59,Chennai,South,Retail Store,Cash,No,Student,False
ORD-13195,2024-10-27,October,Q4,Smartphones,Mobile,Apple,73500.0,25,55125.0,2,110250.0,100521.86,9728.14,8.82,Chennai,South,Retail Store,Debit Card,No,Individual,True
ORD-13196,2024-10-13,October,Q4,Routers,Networking,Netgear,8400.0,10,7560.0,1,7560.0,6220.35,1339.65,17.72,Ahmedabad,West,Retail Store,EMI,No,Student,True
ORD-13197,2024-08-09,August,Q3,Cameras,Imaging,Nikon,114200.0,10,102780.0,3,308340.0,248774.07,59565.93,19.32,Bangalore,South,Retail Store,Credit Card,No,Individual,False
ORD-13198,2024-04-05,April,Q2,Headphones,Audio,Boat,18700.0,15,15895.0,2,31790.0,23823.54,7966.46,25.06,Ahmedabad,West,Online,Debit Card,No,Enterprise,False
ORD-13199,2024-01-16,January,Q1,Headphones,Audio,Sennheiser,16400.0,5,15580.0,4,62320.0,46136.44,16183.56,25.97,Bangalore,South,Distributor,Debit Card,No,Small Business,False
ORD-13200,2024-08-14,August,Q3,Gaming Consoles,Gaming,Nintendo,31500.0,0,31500.0,1,31500.0,21628.53,9871.47,31.34,Jaipur,North,Retail Store,EMI,No,Small Business,False
ORD-13201,2024-06-08,June,Q2,Cameras,Imaging,Fujifilm,102300.0,10,92070.0,1,92070.0,75339.12,16730.88,18.17,Hyderabad,South,Online,Debit Card,Yes,Enterprise,False
ORD-13202,2024-05-07,May,Q2,Laptops,Computing,Lenovo,56400.0,15,47940.0,1,47940.0,35570.07,12369.93,25.8,Bangalore,South,Online,UPI,Yes,Student,False
ORD-13203,2024-10-25,October,Q4,Smartphones,Mobile,Vivo,75600.0,30,52920.0,2,105840.0,94500.94,11339.06,10.71,Lucknow,North,Online,Credit Card,Yes,Individual,True
ORD-13204,2024-03-03,March,Q1,Routers,Networking,Netgear,12800.0,20,10240.0,3,30720.0,27121.949999999997,3598.05,11.71,Bangalore,South,Online,EMI,No,Small Business,False
ORD-13205,2024-05-16,May,Q2,Cameras,Imaging,Fujifilm,27500.0,0,27500.0,2,55000.0,32742.12,22257.88,40.47,Chennai,South,Online,Debit Card,No,Individual,False
ORD-13206,2024-07-17,July,Q3,Laptops,Computing,HP,73900.0,15,62815.0,1,62815.0,54241.38,8573.62,13.65,Jaipur,North,Corporate,Credit Card,No,Enterprise,False
ORD-13207,2024-06-17,June,Q2,Smartwatches,Wearables,Boat,18200.0,30,12740.0,1,12740.0,13334.64,-594.64,-4.67,Pune,West,Retail Store,Credit Card,No,Enterprise,False
ORD-13208,2024-08-23,August,Q3,Routers,Networking,D-Link,8900.0,0,8900.0,2,17800.0,9982.64,7817.36,43.92,Pune,West,Online,EMI,No,Student,False
ORD-13209,2024-11-22,November,Q4,Air Purifiers,Home Tech,Sharp,14100.0,10,12690.0,3,38070.0,31222.800000000003,6847.2,17.99,Hyderabad,South,Online,Credit Card,No,Student,True
ORD-13210,2024-01-19,January,Q1,Smartwatches,Wearables,Noise,6200.0,15,5270.0,3,15810.0,11551.08,4258.92,26.94,Hyderabad,South,Distributor,UPI,No,Small Business,False
ORD-13211,2024-02-14,February,Q1,Routers,Networking,D-Link,7200.0,15,6120.0,1,6120.0,4990.12,1129.88,18.46,Pune,West,Online,UPI,No,Individual,False
ORD-13212,2024-10-19,October,Q4,Routers,Networking,Asus,10400.0,25,7800.0,1,7800.0,5765.14,2034.86,26.09,Pune,West,Retail Store,Debit Card,No,Enterprise,True
ORD-13213,2024-10-07,October,Q4,Smartwatches,Wearables,Apple,25100.0,25,18825.0,2,37650.0,30251.64,7398.36,19.65,Chennai,South,Corporate,EMI,No,Student,True
ORD-13214,2024-08-04,August,Q3,Cameras,Imaging,Nikon,34400.0,15,29240.0,1,29240.0,23540.73,5699.27,19.49,Mumbai,West,Distributor,UPI,No,Individual,False
ORD-13215,2024-01-01,January,Q1,Cameras,Imaging,Canon,138700.0,25,104025.0,2,208050.0,196976.22,11073.78,5.32,Lucknow,North,Corporate,Debit Card,No,Individual,False
ORD-13216,2024-07-05,July,Q3,Tablets,Mobile,Apple,40200.0,20,32160.0,5,160800.0,121294.3,39505.7,24.57,Ahmedabad,West,Corporate,Debit Card,No,Enterprise,False
ORD-13217,2024-10-24,October,Q4,Cameras,Imaging,Sony,95800.0,0,95800.0,5,479000.0,295423.45,183576.55,38.32,Bangalore,South,Retail Store,Debit Card,No,Student,True
ORD-13218,2024-02-18,February,Q1,Laptops,Computing,Lenovo,45500.0,20,36400.0,3,109200.0,97505.52,11694.48,10.71,Mumbai,West,Online,EMI,No,Student,False
ORD-13219,2024-07-06,July,Q3,Laptops,Computing,HP,28800.0,0,28800.0,4,115200.0,63609.76,51590.24,44.78,Bangalore,South,Distributor,Net Banking,No,Student,False
ORD-13220,2024-05-27,May,Q2,Smartwatches,Wearables,Samsung,37300.0,0,37300.0,1,37300.0,22622.57,14677.43,39.35,Ahmedabad,West,Online,EMI,No,Small Business,False
ORD-13221,2024-02-12,February,Q1,Gaming Consoles,Gaming,Sony,35500.0,5,33725.0,1,33725.0,25203.93,8521.07,25.27,Bangalore,South,Retail Store,Credit Card,No,Individual,False
ORD-13222,2024-03-30,March,Q1,Smart TVs,Entertainment,LG,89300.0,15,75905.0,1,75905.0,66403.87,9501.13,12.52,Pune,West,Retail Store,Credit Card,No,Student,False
ORD-13223,2024-06-15,June,Q2,Smartwatches,Wearables,Garmin,8000.0,15,6800.0,1,6800.0,5904.28,895.72,13.17,Mumbai,West,Retail Store,Credit Card,No,Individual,False
ORD-13224,2024-03-14,March,Q1,Air Purifiers,Home Tech,Xiaomi,8900.0,0,8900.0,2,17800.0,12955.76,4844.24,27.21,Pune,West,Corporate,EMI,No,Student,False
ORD-13225,2024-10-08,October,Q4,Air Purifiers,Home Tech,Dyson,19900.0,0,19900.0,1,19900.0,12215.44,7684.56,38.62,Delhi,North,Distributor,Net Banking,No,Individual,True
ORD-13226,2024-07-15,July,Q3,Air Purifiers,Home Tech,Philips,33400.0,5,31730.0,1,31730.0,20808.04,10921.96,34.42,Chennai,South,Retail Store,UPI,No,Small Business,False
ORD-13227,2024-01-09,January,Q1,Smartwatches,Wearables,Garmin,24500.0,25,18375.0,1,18375.0,16330.53,2044.47,11.13,Pune,West,Corporate,EMI,No,Student,False
ORD-13228,2024-01-29,January,Q1,Air Purifiers,Home Tech,Xiaomi,11600.0,30,8120.0,3,24360.0,19893.57,4466.43,18.34,Jaipur,North,Online,UPI,No,Enterprise,False
ORD-13229,2024-07-30,July,Q3,Routers,Networking,Asus,9800.0,25,7350.0,3,22050.0,18115.800000000003,3934.2,17.84,Delhi,North,Retail Store,UPI,No,Individual,False
ORD-13230,2024-11-30,November,Q4,Laptops,Computing,Lenovo,92500.0,20,74000.0,2,148000.0,120413.7,27586.3,18.64,Pune,West,Online,Debit Card,No,Student,True
ORD-13231,2024-07-05,July,Q3,Smart TVs,Entertainment,LG,196400.0,5,186580.0,2,373160.0,276056.14,97103.86,26.02,Mumbai,West,Online,Debit Card,No,Enterprise,False
ORD-13232,2024-04-09,April,Q2,Air Purifiers,Home Tech,Dyson,5100.0,30,3570.0,1,3570.0,3356.06,213.94,5.99,Hyderabad,South,Online,EMI,No,Student,False
ORD-13233,2024-08-17,August,Q3,Smartphones,Mobile,Apple,14900.0,15,12665.0,1,12665.0,8226.96,4438.04,35.04,Hyderabad,South,Retail Store,UPI,No,Small Business,False
ORD-13234,2024-10-09,October,Q4,Smart TVs,Entertainment,LG,185300.0,25,138975.0,1,138975.0,132295.18,6679.82,4.81,Ahmedabad,West,Online,Debit Card,No,Enterprise,True
ORD-13235,2024-07-13,July,Q3,Routers,Networking,TP-Link,7400.0,20,5920.0,1,5920.0,4727.79,1192.21,20.14,Mumbai,West,Online,UPI,Yes,Small Business,False
ORD-13236,2024-12-18,December,Q4,Gaming Consoles,Gaming,Sony,21100.0,25,15825.0,5,79125.0,59484.899999999994,19640.1,24.82,Mumbai,West,Retail Store,Debit Card,No,Individual,True
ORD-13237,2024-07-12,July,Q3,Gaming Consoles,Gaming,Nintendo,26600.0,25,19950.0,2,39900.0,36180.9,3719.1,9.32,Ahmedabad,West,Retail Store,Net Banking,No,Student,False
ORD-13238,2024-01-15,January,Q1,Routers,Networking,Asus,11100.0,0,11100.0,1,11100.0,6961.27,4138.73,37.29,Hyderabad,South,Corporate,EMI,No,Enterprise,False
ORD-13239,2024-10-19,October,Q4,Smart TVs,Entertainment,Samsung,101400.0,25,76050.0,6,456300.0,395151.30000000005,61148.7,13.4,Kolkata,East,Distributor,UPI,No,Small Business,True
ORD-13240,2024-01-07,January,Q1,Air Purifiers,Home Tech,Xiaomi,19900.0,25,14925.0,1,14925.0,14693.33,231.67,1.55,Bangalore,South,Retail Store,Debit Card,No,Student,False
ORD-13241,2024-01-14,January,Q1,Tablets,Mobile,Huawei,49400.0,30,34580.0,2,69160.0,73298.86,-4138.86,-5.98,Delhi,North,Retail Store,Credit Card,No,Individual,False
ORD-13242,2024-01-14,January,Q1,Gaming Consoles,Gaming,Sony,35300.0,0,35300.0,3,105900.0,70691.1,35208.9,33.25,Delhi,North,Retail Store,EMI,No,Individual,False
ORD-13243,2024-11-30,November,Q4,Air Purifiers,Home Tech,Dyson,6700.0,5,6365.0,1,6365.0,5017.85,1347.15,21.16,Ahmedabad,West,Retail Store,Debit Card,No,Enterprise,True
ORD-13244,2024-12-08,December,Q4,Routers,Networking,D-Link,7500.0,15,6375.0,1,6375.0,5401.71,973.29,15.27,Mumbai,West,Online,Debit Card,No,Student,True
ORD-13245,2024-09-16,September,Q3,Tablets,Mobile,Samsung,15300.0,10,13770.0,2,27540.0,19442.04,8097.96,29.4,Lucknow,North,Corporate,Credit Card,No,Student,False
ORD-13246,2024-08-18,August,Q3,Smart TVs,Entertainment,Samsung,192900.0,10,173610.0,1,173610.0,121154.45,52455.55,30.21,Lucknow,North,Retail Store,Net Banking,No,Small Business,False
ORD-13247,2024-01-19,January,Q1,Smartwatches,Wearables,Apple,43700.0,10,39330.0,1,39330.0,27542.08,11787.92,29.97,Lucknow,North,Corporate,Debit Card,No,Small Business,False
ORD-13248,2024-06-29,June,Q2,Smartphones,Mobile,Samsung,43700.0,0,43700.0,1,43700.0,27744.39,15955.61,36.51,Hyderabad,South,Distributor,Debit Card,No,Student,False
ORD-13249,2024-04-06,April,Q2,Smartwatches,Wearables,Boat,6700.0,5,6365.0,1,6365.0,4664.3,1700.7,26.72,Ahmedabad,West,Retail Store,UPI,No,Enterprise,False
ORD-13250,2024-09-12,September,Q3,Air Purifiers,Home Tech,Philips,18100.0,20,14480.0,3,43440.0,39948.600000000006,3491.4,8.04,Pune,West,Retail Store,Credit Card,No,Enterprise,False
ORD-13251,2024-07-16,July,Q3,Gaming Consoles,Gaming,Nintendo,40700.0,30,28490.0,1,28490.0,23395.95,5094.05,17.88,Pune,West,Online,UPI,No,Small Business,False
ORD-13252,2024-02-01,February,Q1,Cameras,Imaging,Sony,68500.0,20,54800.0,1,54800.0,39361.32,15438.68,28.17,Kolkata,East,Distributor,UPI,No,Student,False
ORD-13253,2024-10-26,October,Q4,Gaming Consoles,Gaming,Sony,27400.0,5,26030.0,1,26030.0,18786.78,7243.22,27.83,Chennai,South,Retail Store,UPI,No,Small Business,True
ORD-13254,2024-01-21,January,Q1,Smartwatches,Wearables,Noise,24600.0,20,19680.0,3,59040.0,52366.14,6673.86,11.3,Ahmedabad,West,Online,UPI,No,Small Business,False
ORD-13255,2024-08-04,August,Q3,Tablets,Mobile,Samsung,16800.0,25,12600.0,3,37800.0,30509.79,7290.21,19.29,Jaipur,North,Corporate,UPI,No,Individual,False
ORD-13256,2024-04-05,April,Q2,Routers,Networking,Netgear,6600.0,30,4620.0,1,4620.0,4507.08,112.92,2.44,Chennai,South,Online,Credit Card,No,Small Business,False
ORD-13257,2024-03-06,March,Q1,Tablets,Mobile,Apple,14100.0,25,10575.0,2,21150.0,18104.9,3045.1,14.4,Kolkata,East,Online,Cash,No,Enterprise,False
ORD-13258,2024-12-17,December,Q4,Air Purifiers,Home Tech,Xiaomi,34300.0,25,25725.0,2,51450.0,46625.68,4824.32,9.38,Pune,West,Online,Credit Card,No,Student,True
ORD-13259,2024-10-15,October,Q4,Laptops,Computing,Asus,53600.0,0,53600.0,2,107200.0,78569.64,28630.36,26.71,Hyderabad,South,Online,Debit Card,No,Small Business,True
ORD-13260,2024-09-14,September,Q3,Laptops,Computing,Dell,90500.0,15,76925.0,1,76925.0,56141.1,20783.9,27.02,Lucknow,North,Online,Net Banking,No,Enterprise,False
ORD-13261,2024-09-20,September,Q3,Smartphones,Mobile,Apple,35400.0,25,26550.0,2,53100.0,51041.74,2058.26,3.88,Ahmedabad,West,Retail Store,Net Banking,No,Enterprise,False
ORD-13262,2024-04-10,April,Q2,Smart TVs,Entertainment,Mi,33600.0,20,26880.0,2,53760.0,42034.5,11725.5,21.81,Ahmedabad,West,Corporate,EMI,No,Enterprise,False
ORD-13263,2024-01-09,January,Q1,Cameras,Imaging,Sony,40400.0,20,32320.0,1,32320.0,27417.19,4902.81,15.17,Hyderabad,South,Online,UPI,No,Individual,False
ORD-13264,2024-01-09,January,Q1,Headphones,Audio,Boat,21500.0,30,15050.0,3,45150.0,45132.899999999994,17.1,0.04,Ahmedabad,West,Online,UPI,No,Small Business,False
ORD-13265,2024-02-28,February,Q1,Smartphones,Mobile,Samsung,69300.0,30,48510.0,1,48510.0,39099.11,9410.89,19.4,Jaipur,North,Distributor,Debit Card,No,Individual,False
ORD-13266,2024-04-19,April,Q2,Tablets,Mobile,Apple,28500.0,10,25650.0,4,102600.0,67491.12,35108.88,34.22,Hyderabad,South,Distributor,EMI,No,Individual,False
ORD-13267,2024-06-15,June,Q2,Air Purifiers,Home Tech,Dyson,34900.0,10,31410.0,2,62820.0,44784.46,18035.54,28.71,Kolkata,East,Online,UPI,Yes,Student,False
ORD-13268,2024-05-26,May,Q2,Tablets,Mobile,Huawei,19400.0,30,13580.0,3,40740.0,42960.99,-2220.99,-5.45,Pune,West,Online,Net Banking,No,Small Business,False
ORD-13269,2024-03-04,March,Q1,Smart TVs,Entertainment,Samsung,146200.0,30,102340.0,3,307020.0,275386.94999999995,31633.05,10.3,Bangalore,South,Online,UPI,No,Student,False
ORD-13270,2024-02-12,February,Q1,Air Purifiers,Home Tech,Philips,28300.0,5,26885.0,1,26885.0,17128.26,9756.74,36.29,Kolkata,East,Corporate,Cash,No,Enterprise,False
ORD-13271,2024-05-12,May,Q2,Air Purifiers,Home Tech,Dyson,30200.0,0,30200.0,1,30200.0,19129.41,11070.59,36.66,Chennai,South,Corporate,Credit Card,Yes,Individual,False
ORD-13272,2024-08-14,August,Q3,Gaming Consoles,Gaming,Microsoft,23800.0,5,22610.0,2,45220.0,29391.06,15828.94,35.0,Delhi,North,Online,EMI,No,Small Business,False
ORD-13273,2024-01-01,January,Q1,Tablets,Mobile,Apple,24600.0,0,24600.0,1,24600.0,15929.01,8670.99,35.25,Kolkata,East,Online,Credit Card,No,Enterprise,False
ORD-13274,2024-08-11,August,Q3,Headphones,Audio,Sony,13500.0,10,12150.0,1,12150.0,8153.49,3996.51,32.89,Chennai,South,Online,UPI,No,Individual,False
ORD-13275,2024-03-12,March,Q1,Routers,Networking,Asus,14700.0,20,11760.0,1,11760.0,10437.37,1322.63,11.25,Delhi,North,Online,Credit Card,No,Enterprise,False
ORD-13276,2024-10-09,October,Q4,Laptops,Computing,Asus,86400.0,0,86400.0,5,432000.0,295227.3,136772.7,31.66,Ahmedabad,West,Retail Store,Debit Card,No,Small Business,True
ORD-13277,2024-06-04,June,Q2,Gaming Consoles,Gaming,Sony,26000.0,30,18200.0,1,18200.0,17341.46,858.54,4.72,Delhi,North,Retail Store,UPI,No,Enterprise,False
ORD-13278,2024-09-14,September,Q3,Laptops,Computing,Lenovo,35500.0,0,35500.0,2,71000.0,49715.34,21284.66,29.98,Chennai,South,Distributor,Net Banking,No,Student,False
ORD-13279,2024-10-22,October,Q4,Gaming Consoles,Gaming,Sony,40300.0,10,36270.0,1,36270.0,29054.05,7215.95,19.9,Kolkata,East,Online,UPI,No,Small Business,True
ORD-13280,2024-12-29,December,Q4,Smartphones,Mobile,Samsung,40400.0,0,40400.0,1,40400.0,23449.35,16950.65,41.96,Lucknow,North,Corporate,Debit Card,No,Student,True
ORD-13281,2024-11-12,November,Q4,Routers,Networking,D-Link,6600.0,20,5280.0,5,26400.0,20112.149999999998,6287.85,23.82,Delhi,North,Retail Store,UPI,No,Individual,True
ORD-13282,2024-05-06,May,Q2,Cameras,Imaging,Fujifilm,133900.0,10,120510.0,1,120510.0,99070.57,21439.43,17.79,Delhi,North,Corporate,Credit Card,No,Individual,False
ORD-13283,2024-06-09,June,Q2,Smart TVs,Entertainment,LG,148100.0,20,118480.0,1,118480.0,100845.18,17634.82,14.88,Delhi,North,Online,UPI,No,Small Business,False
ORD-13284,2024-04-21,April,Q2,Laptops,Computing,Lenovo,63300.0,20,50640.0,1,50640.0,44531.58,6108.42,12.06,Chennai,South,Online,Credit Card,Yes,Individual,False
ORD-13285,2024-03-05,March,Q1,Tablets,Mobile,Lenovo,29700.0,15,25245.0,3,75735.0,57498.240000000005,18236.76,24.08,Delhi,North,Retail Store,Net Banking,No,Small Business,False
ORD-13286,2024-06-09,June,Q2,Smart TVs,Entertainment,Samsung,44400.0,20,35520.0,1,35520.0,28184.34,7335.66,20.65,Mumbai,West,Distributor,Credit Card,No,Small Business,False
ORD-13287,2024-11-12,November,Q4,Smart TVs,Entertainment,Mi,154000.0,15,130900.0,2,261800.0,208811.16,52988.84,20.24,Kolkata,East,Retail Store,Cash,No,Student,True
ORD-13288,2024-09-06,September,Q3,Tablets,Mobile,Samsung,12000.0,25,9000.0,2,18000.0,14822.6,3177.4,17.65,Hyderabad,South,Distributor,UPI,No,Small Business,False
ORD-13289,2024-12-23,December,Q4,Smartphones,Mobile,OnePlus,69500.0,0,69500.0,1,69500.0,47787.12,21712.88,31.24,Lucknow,North,Retail Store,Credit Card,No,Enterprise,True
ORD-13290,2024-08-24,August,Q3,Tablets,Mobile,Lenovo,23800.0,15,20230.0,2,40460.0,29477.3,10982.7,27.14,Delhi,North,Retail Store,EMI,Yes,Small Business,False
ORD-13291,2024-10-30,October,Q4,Tablets,Mobile,Huawei,59900.0,15,50915.0,2,101830.0,83918.84,17911.16,17.59,Chennai,South,Retail Store,Credit Card,No,Individual,True
ORD-13292,2024-10-09,October,Q4,Tablets,Mobile,Apple,55400.0,25,41550.0,3,124650.0,97782.24,26867.76,21.55,Bangalore,South,Distributor,Credit Card,No,Individual,True
ORD-13293,2024-09-01,September,Q3,Smartphones,Mobile,OnePlus,21000.0,5,19950.0,3,59850.0,39088.74,20761.26,34.69,Ahmedabad,West,Distributor,UPI,No,Enterprise,False
ORD-13294,2024-10-23,October,Q4,Smart TVs,Entertainment,Sony,166800.0,25,125100.0,1,125100.0,105964.09,19135.91,15.3,Lucknow,North,Retail Store,Debit Card,No,Enterprise,True
ORD-13295,2024-05-07,May,Q2,Headphones,Audio,Sennheiser,18100.0,10,16290.0,2,32580.0,19959.5,12620.5,38.74,Ahmedabad,West,Corporate,Net Banking,No,Student,False
ORD-13296,2024-07-10,July,Q3,Smartphones,Mobile,Vivo,47700.0,30,33390.0,3,100170.0,104531.31,-4361.31,-4.35,Lucknow,North,Online,Debit Card,No,Student,False
ORD-13297,2024-04-11,April,Q2,Smartwatches,Wearables,Noise,17900.0,15,15215.0,4,60860.0,49466.28,11393.72,18.72,Kolkata,East,Online,UPI,No,Individual,False
ORD-13298,2024-06-15,June,Q2,Gaming Consoles,Gaming,Microsoft,22600.0,30,15820.0,1,15820.0,16150.89,-330.89,-2.09,Jaipur,North,Online,Credit Card,No,Small Business,False
ORD-13299,2024-07-08,July,Q3,Gaming Consoles,Gaming,Microsoft,31800.0,5,30210.0,1,30210.0,22686.96,7523.04,24.9,Chennai,South,Retail Store,Debit Card,No,Enterprise,False
ORD-13300,2024-05-30,May,Q2,Laptops,Computing,Apple,64300.0,25,48225.0,1,48225.0,44222.51,4002.49,8.3,Delhi,North,Corporate,Debit Card,No,Individual,False
ORD-13301,2024-11-01,November,Q4,Cameras,Imaging,Fujifilm,51800.0,0,51800.0,1,51800.0,35457.35,16342.65,31.55,Kolkata,East,Online,EMI,No,Individual,True
ORD-13302,2024-06-20,June,Q2,Smartphones,Mobile,OnePlus,12700.0,5,12065.0,1,12065.0,8246.43,3818.57,31.65,Bangalore,South,Online,UPI,No,Student,False
ORD-13303,2024-09-14,September,Q3,Air Purifiers,Home Tech,Dyson,39800.0,5,37810.0,2,75620.0,57845.64,17774.36,23.5,Bangalore,South,Online,EMI,No,Individual,False
ORD-13304,2024-08-13,August,Q3,Laptops,Computing,Apple,102500.0,25,76875.0,5,384375.0,356236.69999999995,28138.3,7.32,Chennai,South,Online,EMI,No,Enterprise,False
ORD-13305,2024-03-12,March,Q1,Laptops,Computing,Dell,110800.0,15,94180.0,1,94180.0,77542.37,16637.63,17.67,Lucknow,North,Retail Store,EMI,No,Small Business,False
ORD-13306,2024-02-06,February,Q1,Laptops,Computing,Lenovo,82600.0,5,78470.0,6,470820.0,296230.56,174589.44,37.08,Delhi,North,Distributor,Net Banking,No,Small Business,False
ORD-13307,2024-05-03,May,Q2,Smartphones,Mobile,Xiaomi,60700.0,10,54630.0,1,54630.0,42872.04,11757.96,21.52,Lucknow,North,Distributor,Debit Card,No,Small Business,False
ORD-13308,2024-09-29,September,Q3,Laptops,Computing,Apple,101100.0,5,96045.0,4,384180.0,279439.12,104740.88,27.26,Hyderabad,South,Retail Store,Credit Card,No,Individual,False
ORD-13309,2024-01-23,January,Q1,Tablets,Mobile,Samsung,35000.0,10,31500.0,2,63000.0,39561.24,23438.76,37.2,Hyderabad,South,Online,UPI,No,Enterprise,False
ORD-13310,2024-08-04,August,Q3,Laptops,Computing,Asus,85300.0,15,72505.0,3,217515.0,168021.84,49493.16,22.75,Chennai,South,Online,UPI,No,Student,False
ORD-13311,2024-01-06,January,Q1,Smart TVs,Entertainment,LG,193100.0,10,173790.0,1,173790.0,113454.28,60335.72,34.72,Hyderabad,South,Retail Store,UPI,No,Enterprise,False
ORD-13312,2024-06-05,June,Q2,Tablets,Mobile,Samsung,12200.0,10,10980.0,3,32940.0,20615.64,12324.36,37.41,Mumbai,West,Distributor,UPI,No,Individual,False
ORD-13313,2024-01-07,January,Q1,Headphones,Audio,Sony,5400.0,5,5130.0,2,10260.0,6666.26,3593.74,35.03,Pune,West,Corporate,Credit Card,No,Individual,False
ORD-13314,2024-08-29,August,Q3,Tablets,Mobile,Apple,44000.0,20,35200.0,1,35200.0,32648.85,2551.15,7.25,Kolkata,East,Distributor,Net Banking,No,Individual,False
ORD-13315,2024-09-07,September,Q3,Cameras,Imaging,Canon,108900.0,30,76230.0,1,76230.0,76540.86,-310.86,-0.41,Jaipur,North,Corporate,Debit Card,No,Student,False
ORD-13316,2024-09-08,September,Q3,Cameras,Imaging,Fujifilm,112400.0,10,101160.0,3,303480.0,243779.97000000003,59700.03,19.67,Chennai,South,Retail Store,Credit Card,No,Small Business,False
ORD-13317,2024-11-06,November,Q4,Routers,Networking,TP-Link,8500.0,20,6800.0,5,34000.0,25272.25,8727.75,25.67,Ahmedabad,West,Retail Store,EMI,No,Student,True
ORD-13318,2024-04-25,April,Q2,Smartphones,Mobile,OnePlus,34000.0,20,27200.0,2,54400.0,40839.62,13560.38,24.93,Pune,West,Retail Store,Credit Card,No,Individual,False
ORD-13319,2024-11-26,November,Q4,Air Purifiers,Home Tech,Philips,14800.0,20,11840.0,5,59200.0,48921.7,10278.3,17.36,Mumbai,West,Retail Store,Net Banking,No,Enterprise,True
ORD-13320,2024-12-12,December,Q4,Smartphones,Mobile,Apple,53100.0,30,37170.0,3,111510.0,91022.22,20487.78,18.37,Ahmedabad,West,Distributor,Credit Card,No,Individual,True
ORD-13321,2024-10-03,October,Q4,Smartwatches,Wearables,Samsung,30300.0,25,22725.0,2,45450.0,35029.34,10420.66,22.93,Pune,West,Corporate,EMI,No,Small Business,True
ORD-13322,2024-10-25,October,Q4,Tablets,Mobile,Huawei,14100.0,20,11280.0,6,67680.0,51880.08,15799.92,23.35,Mumbai,West,Corporate,UPI,No,Student,True
ORD-13323,2024-08-21,August,Q3,Smartphones,Mobile,Apple,78400.0,25,58800.0,1,58800.0,50462.33,8337.67,14.18,Delhi,North,Distributor,UPI,No,Enterprise,False
ORD-13324,2024-04-05,April,Q2,Smartphones,Mobile,OnePlus,33900.0,25,25425.0,2,50850.0,42012.16,8837.84,17.38,Pune,West,Distributor,Debit Card,No,Individual,False
ORD-13325,2024-08-18,August,Q3,Routers,Networking,D-Link,7400.0,25,5550.0,2,11100.0,11004.36,95.64,0.86,Jaipur,North,Retail Store,EMI,Yes,Small Business,False
ORD-13326,2024-11-25,November,Q4,Tablets,Mobile,Samsung,48100.0,0,48100.0,1,48100.0,33576.37,14523.63,30.19,Ahmedabad,West,Distributor,Debit Card,No,Enterprise,True
ORD-13327,2024-01-12,January,Q1,Gaming Consoles,Gaming,Microsoft,37300.0,0,37300.0,1,37300.0,27879.26,9420.74,25.26,Bangalore,South,Online,UPI,No,Student,False
ORD-13328,2024-10-02,October,Q4,Smartphones,Mobile,OnePlus,14800.0,0,14800.0,3,44400.0,32878.770000000004,11521.23,25.95,Hyderabad,South,Retail Store,Credit Card,No,Student,True
ORD-13329,2024-05-11,May,Q2,Headphones,Audio,Boat,24000.0,5,22800.0,2,45600.0,33788.08,11811.92,25.9,Hyderabad,South,Distributor,Net Banking,No,Enterprise,False
ORD-13330,2024-10-15,October,Q4,Routers,Networking,D-Link,7600.0,0,7600.0,3,22800.0,16211.73,6588.27,28.9,Delhi,North,Retail Store,Credit Card,No,Small Business,True
ORD-13331,2024-03-21,March,Q1,Smartwatches,Wearables,Noise,35300.0,25,26475.0,2,52950.0,42857.94,10092.06,19.06,Hyderabad,South,Online,EMI,No,Small Business,False
ORD-13332,2024-06-06,June,Q2,Cameras,Imaging,Fujifilm,117700.0,20,94160.0,2,188320.0,176167.6,12152.4,6.45,Ahmedabad,West,Retail Store,UPI,No,Individual,False
ORD-13333,2024-04-19,April,Q2,Smartphones,Mobile,OnePlus,65500.0,5,62225.0,3,186675.0,128252.67,58422.33,31.3,Delhi,North,Distributor,Credit Card,No,Small Business,False
ORD-13334,2024-05-13,May,Q2,Cameras,Imaging,Nikon,48300.0,0,48300.0,1,48300.0,29294.05,19005.95,39.35,Jaipur,North,Online,Cash,No,Individual,False
ORD-13335,2024-02-17,February,Q1,Routers,Networking,D-Link,11700.0,10,10530.0,1,10530.0,7008.44,3521.56,33.44,Chennai,South,Online,UPI,No,Student,False
ORD-13336,2024-07-09,July,Q3,Laptops,Computing,Apple,99800.0,5,94810.0,4,379240.0,256583.12,122656.88,32.34,Lucknow,North,Online,EMI,No,Small Business,False
ORD-13337,2024-05-18,May,Q2,Smart TVs,Entertainment,OnePlus,65100.0,25,48825.0,1,48825.0,46779.24,2045.76,4.19,Pune,West,Distributor,EMI,No,Individual,False
ORD-13338,2024-12-18,December,Q4,Smartwatches,Wearables,Samsung,18000.0,10,16200.0,2,32400.0,20458.14,11941.86,36.86,Bangalore,South,Online,UPI,No,Individual,True
ORD-13339,2024-11-22,November,Q4,Laptops,Computing,Dell,81200.0,0,81200.0,3,243600.0,165164.58000000002,78435.42,32.2,Mumbai,West,Online,Credit Card,No,Student,True
ORD-13340,2024-11-28,November,Q4,Gaming Consoles,Gaming,Sony,21800.0,0,21800.0,1,21800.0,13561.7,8238.3,37.79,Bangalore,South,Online,Net Banking,No,Small Business,True
ORD-13341,2024-11-27,November,Q4,Cameras,Imaging,Fujifilm,100900.0,5,95855.0,1,95855.0,70594.94,25260.06,26.35,Pune,West,Distributor,Debit Card,No,Enterprise,True
ORD-13342,2024-08-05,August,Q3,Laptops,Computing,Dell,104100.0,0,104100.0,4,416400.0,309245.36,107154.64,25.73,Pune,West,Retail Store,Debit Card,No,Enterprise,False
ORD-13343,2024-05-18,May,Q2,Tablets,Mobile,Huawei,49600.0,0,49600.0,4,198400.0,130306.68,68093.32,34.32,Pune,West,Online,Credit Card,No,Enterprise,False
ORD-13344,2024-10-01,October,Q4,Tablets,Mobile,Huawei,36500.0,25,27375.0,1,27375.0,24755.44,2619.56,9.57,Pune,West,Online,UPI,No,Enterprise,True
ORD-13345,2024-01-17,January,Q1,Tablets,Mobile,Apple,16700.0,10,15030.0,1,15030.0,11039.24,3990.76,26.55,Lucknow,North,Online,Credit Card,No,Small Business,False
ORD-13346,2024-12-08,December,Q4,Smartwatches,Wearables,Samsung,23600.0,0,23600.0,6,141600.0,87397.31999999999,54202.68,38.28,Ahmedabad,West,Online,EMI,No,Individual,True
ORD-13347,2024-10-26,October,Q4,Air Purifiers,Home Tech,Philips,17600.0,30,12320.0,1,12320.0,12460.56,-140.56,-1.14,Hyderabad,South,Corporate,Credit Card,No,Student,True
ORD-13348,2024-09-09,September,Q3,Air Purifiers,Home Tech,Sharp,13900.0,30,9730.0,2,19460.0,20348.2,-888.2,-4.56,Lucknow,North,Online,EMI,No,Enterprise,False
ORD-13349,2024-08-06,August,Q3,Headphones,Audio,Sony,1700.0,0,1700.0,1,1700.0,1066.42,633.58,37.27,Jaipur,North,Distributor,Cash,No,Student,False
ORD-13350,2024-03-05,March,Q1,Air Purifiers,Home Tech,Xiaomi,33200.0,30,23240.0,2,46480.0,39280.82,7199.18,15.49,Ahmedabad,West,Retail Store,EMI,No,Enterprise,False
ORD-13351,2024-11-29,November,Q4,Headphones,Audio,Sennheiser,1000.0,0,1000.0,2,2000.0,1155.88,844.12,42.21,Mumbai,West,Distributor,UPI,No,Enterprise,True
ORD-13352,2024-05-09,May,Q2,Smartwatches,Wearables,Samsung,27700.0,0,27700.0,1,27700.0,15747.89,11952.11,43.15,Kolkata,East,Online,EMI,No,Small Business,False
ORD-13353,2024-03-13,March,Q1,Headphones,Audio,Sennheiser,1300.0,20,1040.0,3,3120.0,2256.7799999999997,863.22,27.67,Bangalore,South,Online,Cash,No,Student,False
ORD-13354,2024-05-31,May,Q2,Smart TVs,Entertainment,Sony,141800.0,30,99260.0,2,198520.0,159200.1,39319.9,19.81,Bangalore,South,Online,Debit Card,No,Enterprise,False
ORD-13355,2024-05-06,May,Q2,Gaming Consoles,Gaming,Nintendo,52700.0,10,47430.0,2,94860.0,77948.26,16911.74,17.83,Bangalore,South,Retail Store,Debit Card,No,Small Business,False
ORD-13356,2024-08-06,August,Q3,Laptops,Computing,Asus,81200.0,10,73080.0,1,73080.0,53915.32,19164.68,26.22,Hyderabad,South,Online,EMI,No,Enterprise,False
ORD-13357,2024-12-30,December,Q4,Gaming Consoles,Gaming,Microsoft,49500.0,25,37125.0,1,37125.0,32245.03,4879.97,13.14,Delhi,North,Online,Debit Card,No,Student,True
ORD-13358,2024-12-29,December,Q4,Headphones,Audio,Boat,11300.0,0,11300.0,2,22600.0,14821.46,7778.54,34.42,Bangalore,South,Distributor,Cash,No,Individual,True
ORD-13359,2024-03-23,March,Q1,Smart TVs,Entertainment,Mi,193500.0,15,164475.0,1,164475.0,139803.63,24671.37,15.0,Bangalore,South,Retail Store,UPI,No,Enterprise,False
ORD-13360,2024-12-29,December,Q4,Smartphones,Mobile,OnePlus,78500.0,10,70650.0,5,353250.0,273054.45,80195.55,22.7,Kolkata,East,Online,Credit Card,No,Student,True
ORD-13361,2024-04-28,April,Q2,Routers,Networking,TP-Link,14400.0,0,14400.0,4,57600.0,35714.48,21885.52,38.0,Bangalore,South,Retail Store,EMI,No,Small Business,False
ORD-13362,2024-01-20,January,Q1,Air Purifiers,Home Tech,Xiaomi,28800.0,10,25920.0,1,25920.0,19224.94,6695.06,25.83,Bangalore,South,Distributor,Cash,Yes,Small Business,False
ORD-13363,2024-08-14,August,Q3,Cameras,Imaging,Fujifilm,76400.0,10,68760.0,1,68760.0,44809.52,23950.48,34.83,Lucknow,North,Online,Debit Card,No,Small Business,False
ORD-13364,2024-11-23,November,Q4,Air Purifiers,Home Tech,Philips,30600.0,5,29070.0,2,58140.0,42417.12,15722.88,27.04,Jaipur,North,Corporate,Debit Card,No,Small Business,True
ORD-13365,2024-02-10,February,Q1,Smartwatches,Wearables,Apple,3300.0,5,3135.0,2,6270.0,4130.74,2139.26,34.12,Ahmedabad,West,Retail Store,UPI,No,Enterprise,False
ORD-13366,2024-12-22,December,Q4,Routers,Networking,D-Link,14400.0,20,11520.0,5,57600.0,49197.35,8402.65,14.59,Kolkata,East,Corporate,Cash,No,Student,True
ORD-13367,2024-02-04,February,Q1,Smartwatches,Wearables,Garmin,22200.0,0,22200.0,1,22200.0,16514.99,5685.01,25.61,Pune,West,Online,Debit Card,No,Individual,False
ORD-13368,2024-10-11,October,Q4,Air Purifiers,Home Tech,Philips,6100.0,30,4270.0,1,4270.0,4048.38,221.62,5.19,Pune,West,Online,Debit Card,No,Student,True
ORD-13369,2024-08-18,August,Q3,Smart TVs,Entertainment,Sony,196700.0,20,157360.0,2,314720.0,253847.98,60872.02,19.34,Chennai,South,Distributor,UPI,No,Enterprise,False
ORD-13370,2024-09-21,September,Q3,Smartwatches,Wearables,Apple,40400.0,30,28280.0,6,169680.0,141072.41999999998,28607.58,16.86,Ahmedabad,West,Retail Store,Net Banking,No,Individual,False
ORD-13371,2024-09-26,September,Q3,Tablets,Mobile,Huawei,37200.0,0,37200.0,1,37200.0,20461.92,16738.08,44.99,Mumbai,West,Retail Store,UPI,No,Student,False
ORD-13372,2024-02-13,February,Q1,Tablets,Mobile,Samsung,36100.0,30,25270.0,1,25270.0,25288.66,-18.66,-0.07,Hyderabad,South,Online,UPI,Yes,Enterprise,False
ORD-13373,2024-10-18,October,Q4,Cameras,Imaging,Canon,26700.0,5,25365.0,1,25365.0,15087.56,10277.44,40.52,Pune,West,Distributor,Cash,No,Student,True
ORD-13374,2024-06-28,June,Q2,Laptops,Computing,Asus,59300.0,30,41510.0,1,41510.0,39980.71,1529.29,3.68,Chennai,South,Online,UPI,Yes,Individual,False
ORD-13375,2024-08-10,August,Q3,Smartphones,Mobile,Vivo,28400.0,0,28400.0,1,28400.0,18260.39,10139.61,35.7,Mumbai,West,Online,EMI,No,Small Business,False
ORD-13376,2024-01-13,January,Q1,Smartphones,Mobile,Xiaomi,45000.0,20,36000.0,1,36000.0,28558.77,7441.23,20.67,Pune,West,Retail Store,EMI,No,Enterprise,False
ORD-13377,2024-01-03,January,Q1,Gaming Consoles,Gaming,Microsoft,40100.0,0,40100.0,1,40100.0,24490.36,15609.64,38.93,Mumbai,West,Online,EMI,No,Small Business,False
ORD-13378,2024-07-19,July,Q3,Cameras,Imaging,Sony,104200.0,5,98990.0,4,395960.0,266361.28,129598.72,32.73,Jaipur,North,Retail Store,Credit Card,No,Individual,False
ORD-13379,2024-05-27,May,Q2,Tablets,Mobile,Samsung,25400.0,5,24130.0,5,120650.0,86393.05,34256.95,28.39,Hyderabad,South,Distributor,Credit Card,No,Enterprise,False
ORD-13380,2024-07-24,July,Q3,Tablets,Mobile,Samsung,34300.0,15,29155.0,1,29155.0,20654.02,8500.98,29.16,Chennai,South,Corporate,Debit Card,No,Enterprise,False
ORD-13381,2024-02-24,February,Q1,Cameras,Imaging,Fujifilm,71800.0,0,71800.0,1,71800.0,45831.66,25968.34,36.17,Jaipur,North,Retail Store,Debit Card,No,Enterprise,False
ORD-13382,2024-09-29,September,Q3,Smartwatches,Wearables,Noise,13300.0,0,13300.0,1,13300.0,9862.58,3437.42,25.85,Delhi,North,Online,Debit Card,Yes,Student,False
ORD-13383,2024-11-24,November,Q4,Tablets,Mobile,Huawei,24500.0,0,24500.0,2,49000.0,31889.24,17110.76,34.92,Lucknow,North,Online,Debit Card,No,Enterprise,True
ORD-13384,2024-04-20,April,Q2,Air Purifiers,Home Tech,Sharp,6800.0,5,6460.0,1,6460.0,4119.09,2340.91,36.24,Chennai,South,Distributor,UPI,No,Enterprise,False
ORD-13385,2024-12-12,December,Q4,Gaming Consoles,Gaming,Nintendo,54900.0,10,49410.0,6,296460.0,245875.80000000002,50584.2,17.06,Ahmedabad,West,Retail Store,UPI,No,Individual,True
ORD-13386,2024-09-04,September,Q3,Gaming Consoles,Gaming,Sony,33600.0,0,33600.0,2,67200.0,47736.2,19463.8,28.96,Ahmedabad,West,Online,EMI,No,Student,False
ORD-13387,2024-12-22,December,Q4,Gaming Consoles,Gaming,Sony,46500.0,30,32550.0,2,65100.0,69206.2,-4106.2,-6.31,Chennai,South,Retail Store,Cash,No,Small Business,True
ORD-13388,2024-06-24,June,Q2,Air Purifiers,Home Tech,Dyson,9900.0,15,8415.0,1,8415.0,7209.23,1205.77,14.33,Bangalore,South,Corporate,UPI,No,Individual,False
ORD-13389,2024-10-09,October,Q4,Smartwatches,Wearables,Noise,30200.0,30,21140.0,1,21140.0,20089.69,1050.31,4.97,Lucknow,North,Online,UPI,No,Small Business,True
ORD-13390,2024-06-23,June,Q2,Cameras,Imaging,Fujifilm,10800.0,20,8640.0,1,8640.0,7105.65,1534.35,17.76,Mumbai,West,Distributor,Credit Card,No,Small Business,False
ORD-13391,2024-07-27,July,Q3,Gaming Consoles,Gaming,Sony,44400.0,5,42180.0,6,253080.0,148162.44,104917.56,41.46,Hyderabad,South,Online,Cash,No,Student,False
ORD-13392,2024-06-22,June,Q2,Smart TVs,Entertainment,LG,123800.0,10,111420.0,1,111420.0,78827.99,32592.01,29.25,Jaipur,North,Online,EMI,No,Student,False
ORD-13393,2024-08-13,August,Q3,Smartphones,Mobile,Xiaomi,65700.0,15,55845.0,1,55845.0,36712.85,19132.15,34.26,Ahmedabad,West,Online,Credit Card,No,Small Business,False
ORD-13394,2024-05-06,May,Q2,Air Purifiers,Home Tech,Dyson,39800.0,30,27860.0,1,27860.0,24101.12,3758.88,13.49,Lucknow,North,Online,EMI,No,Enterprise,False
ORD-13395,2024-05-25,May,Q2,Smart TVs,Entertainment,OnePlus,118600.0,0,118600.0,3,355800.0,242678.19,113121.81,31.79,Kolkata,East,Online,Cash,No,Small Business,False
ORD-13396,2024-02-10,February,Q1,Smartwatches,Wearables,Noise,32300.0,30,22610.0,1,22610.0,19709.79,2900.21,12.83,Mumbai,West,Retail Store,UPI,No,Student,False
ORD-13397,2024-08-07,August,Q3,Laptops,Computing,Apple,39200.0,30,27440.0,4,109760.0,103149.76,6610.24,6.02,Ahmedabad,West,Online,UPI,No,Enterprise,False
ORD-13398,2024-04-29,April,Q2,Laptops,Computing,Lenovo,35300.0,25,26475.0,1,26475.0,23681.8,2793.2,10.55,Jaipur,North,Retail Store,Credit Card,No,Small Business,False
ORD-13399,2024-02-12,February,Q1,Tablets,Mobile,Apple,20200.0,5,19190.0,3,57570.0,40314.06,17255.94,29.97,Lucknow,North,Distributor,Credit Card,No,Small Business,False
ORD-13400,2024-03-03,March,Q1,Smartwatches,Wearables,Boat,35700.0,0,35700.0,2,71400.0,45853.46,25546.54,35.78,Delhi,North,Online,Net Banking,No,Individual,False
ORD-13401,2024-05-28,May,Q2,Headphones,Audio,Apple,6800.0,30,4760.0,1,4760.0,4217.5,542.5,11.4,Ahmedabad,West,Corporate,Credit Card,No,Enterprise,False
ORD-13402,2024-02-26,February,Q1,Air Purifiers,Home Tech,Sharp,18700.0,10,16830.0,3,50490.0,34396.590000000004,16093.41,31.87,Jaipur,North,Retail Store,UPI,No,Individual,False
ORD-13403,2024-07-24,July,Q3,Headphones,Audio,JBL,11300.0,15,9605.0,1,9605.0,7325.9,2279.1,23.73,Ahmedabad,West,Distributor,Credit Card,No,Student,False
ORD-13404,2024-08-09,August,Q3,Cameras,Imaging,Fujifilm,130300.0,15,110755.0,1,110755.0,97012.64,13742.36,12.41,Mumbai,West,Retail Store,UPI,No,Enterprise,False
ORD-13405,2024-11-24,November,Q4,Tablets,Mobile,Huawei,25500.0,10,22950.0,1,22950.0,18750.53,4199.47,18.3,Delhi,North,Retail Store,UPI,No,Student,True
ORD-13406,2024-09-27,September,Q3,Tablets,Mobile,Huawei,59800.0,15,50830.0,2,101660.0,74405.38,27254.62,26.81,Hyderabad,South,Online,UPI,No,Enterprise,False
ORD-13407,2024-12-20,December,Q4,Smartphones,Mobile,Xiaomi,72100.0,5,68495.0,1,68495.0,48233.63,20261.37,29.58,Jaipur,North,Retail Store,Debit Card,No,Student,True
ORD-13408,2024-12-17,December,Q4,Headphones,Audio,Sony,2000.0,30,1400.0,1,1400.0,1291.58,108.42,7.74,Hyderabad,South,Retail Store,Net Banking,No,Individual,True
ORD-13409,2024-05-05,May,Q2,Tablets,Mobile,Samsung,22800.0,0,22800.0,1,22800.0,13424.55,9375.45,41.12,Jaipur,North,Retail Store,Net Banking,No,Small Business,False
ORD-13410,2024-05-03,May,Q2,Smartphones,Mobile,Samsung,15800.0,0,15800.0,2,31600.0,22442.14,9157.86,28.98,Jaipur,North,Online,UPI,No,Enterprise,False
ORD-13411,2024-06-24,June,Q2,Routers,Networking,D-Link,5500.0,5,5225.0,5,26125.0,18955.899999999998,7169.1,27.44,Pune,West,Online,Credit Card,No,Enterprise,False
ORD-13412,2024-04-08,April,Q2,Cameras,Imaging,Fujifilm,141000.0,10,126900.0,2,253800.0,180752.0,73048.0,28.78,Jaipur,North,Online,UPI,No,Small Business,False
ORD-13413,2024-11-28,November,Q4,Routers,Networking,D-Link,11000.0,0,11000.0,1,11000.0,7494.81,3505.19,31.87,Pune,West,Online,Credit Card,No,Student,True
ORD-13414,2024-05-06,May,Q2,Smart TVs,Entertainment,Mi,146700.0,20,117360.0,1,117360.0,91112.47,26247.53,22.36,Jaipur,North,Retail Store,UPI,No,Small Business,False
ORD-13415,2024-06-16,June,Q2,Cameras,Imaging,Canon,106300.0,20,85040.0,2,170080.0,143068.22,27011.78,15.88,Lucknow,North,Corporate,EMI,No,Student,False
ORD-13416,2024-03-07,March,Q1,Headphones,Audio,Sennheiser,23400.0,10,21060.0,3,63180.0,47508.840000000004,15671.16,24.8,Kolkata,East,Retail Store,UPI,No,Enterprise,False
ORD-13417,2024-03-11,March,Q1,Cameras,Imaging,Sony,126800.0,15,107780.0,4,431120.0,376961.36,54158.64,12.56,Ahmedabad,West,Online,Credit Card,No,Individual,False
ORD-13418,2024-02-16,February,Q1,Smartphones,Mobile,Apple,55200.0,30,38640.0,2,77280.0,79470.26,-2190.26,-2.83,Delhi,North,Retail Store,UPI,No,Enterprise,False
ORD-13419,2024-12-12,December,Q4,Tablets,Mobile,Samsung,19400.0,25,14550.0,1,14550.0,12432.28,2117.72,14.55,Delhi,North,Corporate,UPI,No,Enterprise,True
ORD-13420,2024-11-22,November,Q4,Laptops,Computing,Apple,28900.0,10,26010.0,2,52020.0,42182.86,9837.14,18.91,Kolkata,East,Online,Credit Card,Yes,Enterprise,True
ORD-13421,2024-08-01,August,Q3,Tablets,Mobile,Apple,11800.0,15,10030.0,3,30090.0,21852.989999999998,8237.01,27.37,Kolkata,East,Online,EMI,No,Enterprise,False
ORD-13422,2024-01-19,January,Q1,Routers,Networking,Netgear,5000.0,25,3750.0,2,7500.0,5762.96,1737.04,23.16,Bangalore,South,Online,Debit Card,No,Enterprise,False
ORD-13423,2024-01-08,January,Q1,Smart TVs,Entertainment,Sony,134000.0,10,120600.0,1,120600.0,82098.3,38501.7,31.93,Lucknow,North,Distributor,EMI,No,Enterprise,False
ORD-13424,2024-03-22,March,Q1,Smartphones,Mobile,Apple,71700.0,20,57360.0,2,114720.0,87403.04,27316.96,23.81,Pune,West,Online,UPI,No,Small Business,False
ORD-13425,2024-05-06,May,Q2,Tablets,Mobile,Samsung,52700.0,25,39525.0,1,39525.0,38895.34,629.66,1.59,Lucknow,North,Retail Store,Credit Card,No,Enterprise,False
ORD-13426,2024-01-03,January,Q1,Headphones,Audio,Boat,2600.0,20,2080.0,1,2080.0,1436.25,643.75,30.95,Ahmedabad,West,Online,Debit Card,No,Enterprise,False
ORD-13427,2024-12-25,December,Q4,Smart TVs,Entertainment,LG,155000.0,15,131750.0,1,131750.0,99966.17,31783.83,24.12,Chennai,South,Retail Store,Credit Card,No,Student,True
ORD-13428,2024-02-03,February,Q1,Air Purifiers,Home Tech,Philips,20500.0,15,17425.0,4,69700.0,60631.04,9068.96,13.01,Pune,West,Online,Debit Card,No,Student,False
ORD-13429,2024-02-19,February,Q1,Tablets,Mobile,Huawei,30300.0,0,30300.0,2,60600.0,37445.78,23154.22,38.21,Chennai,South,Retail Store,EMI,No,Small Business,False
ORD-13430,2024-11-06,November,Q4,Headphones,Audio,Boat,11800.0,0,11800.0,5,59000.0,42270.75,16729.25,28.35,Delhi,North,Online,Cash,No,Enterprise,True
ORD-13431,2024-04-23,April,Q2,Smart TVs,Entertainment,Mi,24300.0,5,23085.0,1,23085.0,15661.59,7423.41,32.16,Jaipur,North,Corporate,Debit Card,No,Small Business,False
ORD-13432,2024-05-27,May,Q2,Air Purifiers,Home Tech,Sharp,11600.0,25,8700.0,1,8700.0,8432.19,267.81,3.08,Lucknow,North,Online,UPI,No,Individual,False
ORD-13433,2024-04-23,April,Q2,Air Purifiers,Home Tech,Dyson,29100.0,0,29100.0,3,87300.0,50599.740000000005,36700.26,42.04,Ahmedabad,West,Online,UPI,No,Enterprise,False
ORD-13434,2024-06-10,June,Q2,Air Purifiers,Home Tech,Dyson,38200.0,30,26740.0,1,26740.0,22391.0,4349.0,16.26,Delhi,North,Retail Store,Debit Card,Yes,Individual,False
ORD-13435,2024-12-27,December,Q4,Cameras,Imaging,Sony,92900.0,0,92900.0,1,92900.0,51166.63,41733.37,44.92,Hyderabad,South,Distributor,UPI,No,Small Business,True
ORD-13436,2024-07-19,July,Q3,Headphones,Audio,JBL,6600.0,30,4620.0,1,4620.0,3841.69,778.31,16.85,Lucknow,North,Distributor,Credit Card,No,Small Business,False
ORD-13437,2024-03-21,March,Q1,Smartphones,Mobile,Samsung,41400.0,5,39330.0,1,39330.0,24137.44,15192.56,38.63,Ahmedabad,West,Online,Credit Card,No,Student,False
ORD-13438,2024-09-17,September,Q3,Smartphones,Mobile,Vivo,73000.0,15,62050.0,1,62050.0,53607.41,8442.59,13.61,Pune,West,Retail Store,UPI,No,Small Business,False
ORD-13439,2024-04-06,April,Q2,Routers,Networking,Asus,4100.0,0,4100.0,1,4100.0,2290.75,1809.25,44.13,Mumbai,West,Distributor,Debit Card,No,Small Business,False
ORD-13440,2024-06-24,June,Q2,Routers,Networking,D-Link,10000.0,15,8500.0,2,17000.0,14727.3,2272.7,13.37,Pune,West,Online,Credit Card,No,Student,False
ORD-13441,2024-03-25,March,Q1,Routers,Networking,Asus,14500.0,25,10875.0,4,43500.0,32222.6,11277.4,25.93,Hyderabad,South,Online,Credit Card,No,Small Business,False
ORD-13442,2024-12-30,December,Q4,Headphones,Audio,Sennheiser,9200.0,30,6440.0,1,6440.0,6848.73,-408.73,-6.35,Kolkata,East,Distributor,Credit Card,Yes,Individual,True
ORD-13443,2024-06-20,June,Q2,Headphones,Audio,Sennheiser,18500.0,10,16650.0,2,33300.0,21246.04,12053.96,36.2,Pune,West,Retail Store,Credit Card,Yes,Individual,False
ORD-13444,2024-09-20,September,Q3,Smartwatches,Wearables,Apple,35800.0,30,25060.0,1,25060.0,26795.54,-1735.54,-6.93,Kolkata,East,Retail Store,Credit Card,No,Enterprise,False
ORD-13445,2024-10-23,October,Q4,Cameras,Imaging,Sony,120000.0,0,120000.0,3,360000.0,201007.80000000002,158992.2,44.16,Chennai,South,Retail Store,Credit Card,No,Small Business,True
ORD-13446,2024-10-18,October,Q4,Cameras,Imaging,Sony,81200.0,25,60900.0,1,60900.0,46928.27,13971.73,22.94,Mumbai,West,Retail Store,UPI,No,Enterprise,True
ORD-13447,2024-02-17,February,Q1,Headphones,Audio,JBL,9200.0,20,7360.0,2,14720.0,12452.74,2267.26,15.4,Chennai,South,Retail Store,UPI,No,Student,False
ORD-13448,2024-01-24,January,Q1,Headphones,Audio,Sony,7500.0,15,6375.0,3,19125.0,13755.99,5369.01,28.07,Mumbai,West,Online,EMI,No,Individual,False
ORD-13449,2024-04-22,April,Q2,Air Purifiers,Home Tech,Philips,11300.0,20,9040.0,2,18080.0,13075.2,5004.8,27.68,Mumbai,West,Retail Store,UPI,No,Small Business,False
ORD-13450,2024-06-08,June,Q2,Smart TVs,Entertainment,Mi,43300.0,20,34640.0,1,34640.0,29339.75,5300.25,15.3,Mumbai,West,Online,Net Banking,No,Enterprise,False
ORD-13451,2024-10-17,October,Q4,Cameras,Imaging,Nikon,87100.0,0,87100.0,1,87100.0,55933.27,31166.73,35.78,Kolkata,East,Retail Store,Debit Card,No,Small Business,True
ORD-13452,2024-11-04,November,Q4,Smartphones,Mobile,Vivo,41700.0,5,39615.0,2,79230.0,56865.98,22364.02,28.23,Hyderabad,South,Distributor,Credit Card,No,Individual,True
ORD-13453,2024-01-26,January,Q1,Air Purifiers,Home Tech,Philips,15900.0,15,13515.0,1,13515.0,10115.39,3399.61,25.15,Kolkata,East,Online,Credit Card,No,Student,False
ORD-13454,2024-12-16,December,Q4,Smartphones,Mobile,Vivo,53600.0,5,50920.0,2,101840.0,70066.78,31773.22,31.2,Jaipur,North,Online,Debit Card,No,Individual,True
ORD-13455,2024-09-28,September,Q3,Smartwatches,Wearables,Garmin,26700.0,10,24030.0,2,48060.0,37776.54,10283.46,21.4,Kolkata,East,Online,Credit Card,No,Student,False
ORD-13456,2024-10-16,October,Q4,Tablets,Mobile,Apple,50400.0,30,35280.0,3,105840.0,87476.85,18363.15,17.35,Ahmedabad,West,Retail Store,UPI,No,Enterprise,True
ORD-13457,2024-07-30,July,Q3,Routers,Networking,Netgear,7600.0,0,7600.0,5,38000.0,26430.2,11569.8,30.45,Hyderabad,South,Retail Store,UPI,No,Small Business,False
ORD-13458,2024-05-09,May,Q2,Headphones,Audio,Sennheiser,10700.0,0,10700.0,1,10700.0,5983.38,4716.62,44.08,Delhi,North,Corporate,UPI,No,Student,False
ORD-13459,2024-02-14,February,Q1,Routers,Networking,TP-Link,14700.0,30,10290.0,2,20580.0,19187.62,1392.38,6.77,Bangalore,South,Retail Store,Credit Card,No,Student,False
ORD-13460,2024-11-11,November,Q4,Tablets,Mobile,Lenovo,58600.0,20,46880.0,1,46880.0,42709.24,4170.76,8.9,Hyderabad,South,Distributor,EMI,No,Enterprise,True
ORD-13461,2024-02-12,February,Q1,Routers,Networking,D-Link,9700.0,10,8730.0,4,34920.0,24576.6,10343.4,29.62,Delhi,North,Online,UPI,No,Small Business,False
ORD-13462,2024-12-22,December,Q4,Smart TVs,Entertainment,Sony,115700.0,20,92560.0,2,185120.0,128550.08,56569.92,30.56,Kolkata,East,Retail Store,UPI,No,Individual,True
ORD-13463,2024-03-10,March,Q1,Smart TVs,Entertainment,OnePlus,193600.0,20,154880.0,2,309760.0,288033.72,21726.28,7.01,Chennai,South,Retail Store,Debit Card,No,Individual,False
ORD-13464,2024-12-10,December,Q4,Tablets,Mobile,Apple,56500.0,0,56500.0,1,56500.0,31942.6,24557.4,43.46,Chennai,South,Online,EMI,No,Individual,True
ORD-13465,2024-11-17,November,Q4,Tablets,Mobile,Apple,39000.0,10,35100.0,1,35100.0,22634.84,12465.16,35.51,Delhi,North,Corporate,UPI,No,Small Business,True
ORD-13466,2024-12-13,December,Q4,Laptops,Computing,Lenovo,98000.0,20,78400.0,1,78400.0,64744.94,13655.06,17.42,Delhi,North,Online,UPI,No,Student,True
ORD-13467,2024-09-04,September,Q3,Tablets,Mobile,Samsung,51700.0,5,49115.0,1,49115.0,34870.88,14244.12,29.0,Lucknow,North,Online,EMI,No,Student,False
ORD-13468,2024-09-05,September,Q3,Smartwatches,Wearables,Noise,40800.0,25,30600.0,2,61200.0,56128.7,5071.3,8.29,Mumbai,West,Retail Store,Debit Card,No,Individual,False
ORD-13469,2024-08-25,August,Q3,Cameras,Imaging,Sony,127700.0,5,121315.0,3,363945.0,273596.91000000003,90348.09,24.82,Bangalore,South,Corporate,EMI,No,Enterprise,False
ORD-13470,2024-04-21,April,Q2,Routers,Networking,D-Link,2600.0,0,2600.0,3,7800.0,4777.68,3022.32,38.75,Ahmedabad,West,Online,Debit Card,No,Individual,False
ORD-13471,2024-12-19,December,Q4,Routers,Networking,D-Link,1200.0,15,1020.0,5,5100.0,3468.75,1631.25,31.99,Bangalore,South,Corporate,EMI,No,Small Business,True
ORD-13472,2024-12-02,December,Q4,Routers,Networking,TP-Link,13100.0,20,10480.0,3,31440.0,28949.100000000002,2490.9,7.92,Chennai,South,Online,Debit Card,No,Small Business,True
ORD-13473,2024-04-14,April,Q2,Tablets,Mobile,Samsung,29000.0,25,21750.0,1,21750.0,16023.19,5726.81,26.33,Pune,West,Distributor,EMI,No,Enterprise,False
ORD-13474,2024-12-23,December,Q4,Laptops,Computing,Apple,47200.0,25,35400.0,3,106200.0,98724.29999999999,7475.7,7.04,Pune,West,Online,Credit Card,No,Small Business,True
ORD-13475,2024-12-01,December,Q4,Smartphones,Mobile,Apple,14400.0,0,14400.0,1,14400.0,8204.34,6195.66,43.03,Ahmedabad,West,Retail Store,Debit Card,No,Small Business,True
ORD-13476,2024-03-26,March,Q1,Cameras,Imaging,Fujifilm,104500.0,0,104500.0,2,209000.0,146270.74,62729.26,30.01,Delhi,North,Retail Store,Credit Card,No,Student,False
ORD-13477,2024-08-27,August,Q3,Routers,Networking,D-Link,11300.0,20,9040.0,1,9040.0,6230.95,2809.05,31.07,Pune,West,Online,UPI,No,Enterprise,False
ORD-13478,2024-03-27,March,Q1,Cameras,Imaging,Fujifilm,41200.0,0,41200.0,1,41200.0,24066.01,17133.99,41.59,Mumbai,West,Retail Store,UPI,No,Enterprise,False
ORD-13479,2024-04-16,April,Q2,Smartphones,Mobile,OnePlus,76100.0,0,76100.0,1,76100.0,47349.63,28750.37,37.78,Chennai,South,Online,Credit Card,No,Individual,False
ORD-13480,2024-12-06,December,Q4,Smartwatches,Wearables,Apple,21000.0,30,14700.0,5,73500.0,64464.3,9035.7,12.29,Jaipur,North,Online,Credit Card,No,Student,True
ORD-13481,2024-09-07,September,Q3,Air Purifiers,Home Tech,Dyson,13100.0,15,11135.0,1,11135.0,8526.02,2608.98,23.43,Kolkata,East,Retail Store,Credit Card,No,Small Business,False
ORD-13482,2024-01-13,January,Q1,Air Purifiers,Home Tech,Sharp,14500.0,10,13050.0,2,26100.0,20768.52,5331.48,20.43,Pune,West,Corporate,UPI,No,Individual,False
ORD-13483,2024-02-13,February,Q1,Air Purifiers,Home Tech,Philips,20500.0,15,17425.0,2,34850.0,27808.18,7041.82,20.21,Ahmedabad,West,Online,Debit Card,No,Individual,False
ORD-13484,2024-03-01,March,Q1,Routers,Networking,Netgear,2800.0,10,2520.0,1,2520.0,1600.45,919.55,36.49,Bangalore,South,Online,UPI,No,Small Business,False
ORD-13485,2024-07-15,July,Q3,Routers,Networking,TP-Link,2000.0,20,1600.0,3,4800.0,4015.8599999999997,784.14,16.34,Pune,West,Online,Credit Card,No,Individual,False
ORD-13486,2024-02-03,February,Q1,Air Purifiers,Home Tech,Xiaomi,35000.0,15,29750.0,4,119000.0,99455.2,19544.8,16.42,Delhi,North,Retail Store,Debit Card,No,Enterprise,False
ORD-13487,2024-08-13,August,Q3,Gaming Consoles,Gaming,Microsoft,51900.0,20,41520.0,1,41520.0,32754.49,8765.51,21.11,Chennai,South,Retail Store,UPI,No,Enterprise,False
ORD-13488,2024-01-29,January,Q1,Air Purifiers,Home Tech,Dyson,15800.0,10,14220.0,2,28440.0,20811.92,7628.08,26.82,Delhi,North,Corporate,Credit Card,No,Individual,False
ORD-13489,2024-10-22,October,Q4,Smartphones,Mobile,Samsung,15200.0,30,10640.0,2,21280.0,22488.9,-1208.9,-5.68,Hyderabad,South,Distributor,Credit Card,No,Student,True
ORD-13490,2024-08-25,August,Q3,Air Purifiers,Home Tech,Sharp,36600.0,20,29280.0,5,146400.0,132144.75,14255.25,9.74,Bangalore,South,Online,Credit Card,No,Student,False
ORD-13491,2024-01-20,January,Q1,Gaming Consoles,Gaming,Sony,47700.0,15,40545.0,2,81090.0,60524.92,20565.08,25.36,Pune,West,Online,EMI,No,Student,False
ORD-13492,2024-01-21,January,Q1,Tablets,Mobile,Apple,43300.0,20,34640.0,2,69280.0,47702.68,21577.32,31.15,Pune,West,Corporate,Credit Card,No,Small Business,False
ORD-13493,2024-08-13,August,Q3,Air Purifiers,Home Tech,Philips,16300.0,5,15485.0,4,61940.0,45360.0,16580.0,26.77,Mumbai,West,Retail Store,Credit Card,No,Small Business,False
ORD-13494,2024-09-29,September,Q3,Headphones,Audio,Apple,14300.0,15,12155.0,1,12155.0,10106.78,2048.22,16.85,Pune,West,Retail Store,Credit Card,Yes,Small Business,False
ORD-13495,2024-11-13,November,Q4,Gaming Consoles,Gaming,Sony,27500.0,25,20625.0,5,103125.0,84959.9,18165.1,17.61,Ahmedabad,West,Distributor,Debit Card,No,Enterprise,True
ORD-13496,2024-01-16,January,Q1,Gaming Consoles,Gaming,Sony,40100.0,15,34085.0,3,102255.0,82188.45000000001,20066.55,19.62,Chennai,South,Retail Store,EMI,No,Student,False
ORD-13497,2024-05-26,May,Q2,Routers,Networking,Asus,4700.0,25,3525.0,5,17625.0,15063.099999999999,2561.9,14.54,Lucknow,North,Retail Store,Credit Card,No,Enterprise,False
ORD-13498,2024-03-08,March,Q1,Smart TVs,Entertainment,Mi,29300.0,25,21975.0,1,21975.0,19354.74,2620.26,11.92,Ahmedabad,West,Retail Store,EMI,No,Small Business,False
ORD-13499,2024-06-19,June,Q2,Smart TVs,Entertainment,LG,173500.0,0,173500.0,2,347000.0,256021.92,90978.08,26.22,Bangalore,South,Online,UPI,No,Small Business,False
ORD-13500,2024-05-18,May,Q2,Smartphones,Mobile,Samsung,26800.0,5,25460.0,1,25460.0,15232.4,10227.6,40.17,Kolkata,East,Retail Store,UPI,No,Enterprise,False
ORD-13501,2024-03-31,March,Q1,Cameras,Imaging,Nikon,65000.0,30,45500.0,1,45500.0,47043.65,-1543.65,-3.39,Jaipur,North,Retail Store,EMI,No,Student,False
ORD-13502,2024-01-17,January,Q1,Headphones,Audio,JBL,7000.0,10,6300.0,2,12600.0,9937.8,2662.2,21.13,Delhi,North,Retail Store,EMI,Yes,Small Business,False
ORD-13503,2024-05-18,May,Q2,Headphones,Audio,Boat,2600.0,0,2600.0,1,2600.0,1672.94,927.06,35.66,Hyderabad,South,Distributor,UPI,Yes,Enterprise,False
ORD-13504,2024-09-01,September,Q3,Headphones,Audio,Boat,19300.0,0,19300.0,1,19300.0,13053.66,6246.34,32.36,Jaipur,North,Retail Store,UPI,No,Enterprise,False
ORD-13505,2024-07-12,July,Q3,Smart TVs,Entertainment,Mi,35300.0,10,31770.0,2,63540.0,39883.28,23656.72,37.23,Lucknow,North,Online,Net Banking,No,Student,False
ORD-13506,2024-11-24,November,Q4,Gaming Consoles,Gaming,Sony,51600.0,25,38700.0,3,116100.0,97133.76,18966.24,16.34,Bangalore,South,Retail Store,EMI,Yes,Small Business,True
ORD-13507,2024-05-09,May,Q2,Air Purifiers,Home Tech,Philips,16300.0,25,12225.0,1,12225.0,11923.17,301.83,2.47,Lucknow,North,Retail Store,Credit Card,No,Individual,False
ORD-13508,2024-07-03,July,Q3,Smart TVs,Entertainment,Sony,26300.0,10,23670.0,2,47340.0,37446.16,9893.84,20.9,Hyderabad,South,Online,Cash,No,Small Business,False
ORD-13509,2024-05-22,May,Q2,Air Purifiers,Home Tech,Philips,37100.0,5,35245.0,3,105735.0,62299.44,43435.56,41.08,Ahmedabad,West,Distributor,Debit Card,No,Small Business,False
ORD-13510,2024-02-09,February,Q1,Smartphones,Mobile,Vivo,14600.0,10,13140.0,1,13140.0,9211.15,3928.85,29.9,Hyderabad,South,Corporate,UPI,No,Student,False
ORD-13511,2024-03-27,March,Q1,Headphones,Audio,Boat,18700.0,30,13090.0,1,13090.0,12662.48,427.52,3.27,Hyderabad,South,Retail Store,UPI,No,Student,False
ORD-13512,2024-02-28,February,Q1,Smartphones,Mobile,Xiaomi,66200.0,20,52960.0,3,158880.0,134120.76,24759.24,15.58,Chennai,South,Retail Store,Cash,No,Small Business,False
ORD-13513,2024-02-02,February,Q1,Routers,Networking,D-Link,9400.0,25,7050.0,2,14100.0,12704.38,1395.62,9.9,Kolkata,East,Online,Credit Card,No,Enterprise,False
ORD-13514,2024-08-12,August,Q3,Laptops,Computing,Lenovo,80200.0,0,80200.0,5,401000.0,229170.0,171830.0,42.85,Bangalore,South,Online,UPI,Yes,Individual,False
ORD-13515,2024-07-31,July,Q3,Smartphones,Mobile,Samsung,73500.0,30,51450.0,3,154350.0,123599.22,30750.78,19.92,Ahmedabad,West,Online,Cash,No,Student,False
ORD-13516,2024-09-18,September,Q3,Smart TVs,Entertainment,LG,35900.0,5,34105.0,7,238735.0,141234.52000000002,97500.48,40.84,Kolkata,East,Distributor,UPI,No,Enterprise,False
ORD-13517,2024-03-13,March,Q1,Smartwatches,Wearables,Apple,38500.0,20,30800.0,1,30800.0,24216.73,6583.27,21.37,Kolkata,East,Retail Store,EMI,No,Student,False
ORD-13518,2024-09-15,September,Q3,Headphones,Audio,Boat,1300.0,0,1300.0,4,5200.0,3533.24,1666.76,32.05,Hyderabad,South,Online,EMI,No,Student,False
ORD-13519,2024-01-08,January,Q1,Air Purifiers,Home Tech,Philips,34500.0,5,32775.0,1,32775.0,20677.17,12097.83,36.91,Jaipur,North,Corporate,UPI,Yes,Enterprise,False
ORD-13520,2024-03-27,March,Q1,Routers,Networking,Asus,11400.0,25,8550.0,2,17100.0,16494.16,605.84,3.54,Hyderabad,South,Retail Store,Credit Card,No,Student,False
ORD-13521,2024-04-19,April,Q2,Air Purifiers,Home Tech,Philips,25800.0,0,25800.0,4,103200.0,63777.88,39422.12,38.2,Ahmedabad,West,Retail Store,Credit Card,No,Small Business,False
ORD-13522,2024-07-18,July,Q3,Air Purifiers,Home Tech,Sharp,5600.0,10,5040.0,2,10080.0,7772.56,2307.44,22.89,Delhi,North,Online,Debit Card,No,Individual,False
ORD-13523,2024-06-11,June,Q2,Smartphones,Mobile,OnePlus,66800.0,5,63460.0,1,63460.0,44352.54,19107.46,30.11,Chennai,South,Online,EMI,No,Small Business,False
ORD-13524,2024-09-28,September,Q3,Smartwatches,Wearables,Boat,29000.0,20,23200.0,2,46400.0,39239.6,7160.4,15.43,Kolkata,East,Retail Store,UPI,No,Small Business,False
ORD-13525,2024-07-01,July,Q3,Headphones,Audio,Sennheiser,22700.0,15,19295.0,2,38590.0,25125.18,13464.82,34.89,Ahmedabad,West,Online,UPI,No,Individual,False
ORD-13526,2024-02-15,February,Q1,Routers,Networking,Asus,2800.0,5,2660.0,1,2660.0,1911.44,748.56,28.14,Kolkata,East,Online,Debit Card,No,Individual,False
ORD-13527,2024-03-07,March,Q1,Headphones,Audio,JBL,14800.0,0,14800.0,1,14800.0,9625.06,5174.94,34.97,Lucknow,North,Retail Store,Credit Card,No,Enterprise,False
ORD-13528,2024-03-21,March,Q1,Headphones,Audio,Boat,12000.0,15,10200.0,3,30600.0,25299.239999999998,5300.76,17.32,Lucknow,North,Online,EMI,No,Student,False
ORD-13529,2024-12-15,December,Q4,Smartwatches,Wearables,Garmin,21500.0,5,20425.0,1,20425.0,13914.12,6510.88,31.88,Hyderabad,South,Retail Store,Debit Card,No,Small Business,True
ORD-13530,2024-06-18,June,Q2,Laptops,Computing,HP,41200.0,10,37080.0,1,37080.0,30390.86,6689.14,18.04,Jaipur,North,Distributor,Credit Card,No,Individual,False
ORD-13531,2024-02-12,February,Q1,Air Purifiers,Home Tech,Xiaomi,32100.0,30,22470.0,1,22470.0,18668.07,3801.93,16.92,Ahmedabad,West,Retail Store,Debit Card,No,Enterprise,False
ORD-13532,2024-10-15,October,Q4,Cameras,Imaging,Sony,132600.0,5,125970.0,2,251940.0,187577.98,64362.02,25.55,Kolkata,East,Retail Store,Debit Card,No,Individual,True
ORD-13533,2024-03-13,March,Q1,Smartphones,Mobile,Apple,55900.0,10,50310.0,1,50310.0,33754.71,16555.29,32.91,Ahmedabad,West,Online,Debit Card,No,Enterprise,False
ORD-13534,2024-10-19,October,Q4,Laptops,Computing,HP,51900.0,15,44115.0,1,44115.0,34401.73,9713.27,22.02,Pune,West,Retail Store,Credit Card,No,Enterprise,True
ORD-13535,2024-02-05,February,Q1,Smart TVs,Entertainment,Mi,176100.0,15,149685.0,1,149685.0,121700.35,27984.65,18.7,Pune,West,Online,UPI,No,Small Business,False
ORD-13536,2024-08-10,August,Q3,Tablets,Mobile,Samsung,23600.0,20,18880.0,3,56640.0,43955.01,12684.99,22.4,Mumbai,West,Online,UPI,No,Student,False
ORD-13537,2024-02-09,February,Q1,Laptops,Computing,Apple,81900.0,20,65520.0,3,196560.0,159509.73,37050.27,18.85,Ahmedabad,West,Online,UPI,No,Enterprise,False
ORD-13538,2024-11-04,November,Q4,Smart TVs,Entertainment,LG,142900.0,0,142900.0,1,142900.0,86793.33,56106.67,39.26,Lucknow,North,Online,UPI,No,Student,True
ORD-13539,2024-01-25,January,Q1,Smart TVs,Entertainment,LG,197300.0,25,147975.0,2,295950.0,280432.4,15517.6,5.24,Chennai,South,Online,EMI,No,Individual,False
ORD-13540,2024-09-27,September,Q3,Headphones,Audio,Boat,10800.0,30,7560.0,3,22680.0,23425.32,-745.32,-3.29,Mumbai,West,Retail Store,Debit Card,No,Small Business,False
ORD-13541,2024-02-14,February,Q1,Smart TVs,Entertainment,OnePlus,183500.0,20,146800.0,5,734000.0,513484.25,220515.75,30.04,Bangalore,South,Retail Store,UPI,No,Student,False
ORD-13542,2024-09-05,September,Q3,Cameras,Imaging,Fujifilm,141400.0,30,98980.0,3,296940.0,272656.86,24283.14,8.18,Chennai,South,Distributor,Credit Card,Yes,Student,False
ORD-13543,2024-06-08,June,Q2,Smartwatches,Wearables,Garmin,14500.0,20,11600.0,1,11600.0,10543.31,1056.69,9.11,Chennai,South,Online,Net Banking,No,Enterprise,False
ORD-13544,2024-12-22,December,Q4,Headphones,Audio,Boat,9300.0,25,6975.0,3,20925.0,19373.31,1551.69,7.42,Delhi,North,Corporate,UPI,No,Enterprise,True
ORD-13545,2024-07-09,July,Q3,Smart TVs,Entertainment,LG,167200.0,20,133760.0,2,267520.0,225269.82,42250.18,15.79,Bangalore,South,Online,UPI,No,Individual,False
ORD-13546,2024-04-15,April,Q2,Smartwatches,Wearables,Apple,15000.0,25,11250.0,1,11250.0,9810.06,1439.94,12.8,Pune,West,Retail Store,UPI,No,Student,False
ORD-13547,2024-05-08,May,Q2,Smartphones,Mobile,Xiaomi,18000.0,30,12600.0,1,12600.0,11421.31,1178.69,9.35,Kolkata,East,Retail Store,Debit Card,No,Individual,False
ORD-13548,2024-06-01,June,Q2,Headphones,Audio,Apple,12200.0,5,11590.0,3,34770.0,20915.88,13854.12,39.85,Kolkata,East,Corporate,Debit Card,No,Enterprise,False
ORD-13549,2024-12-04,December,Q4,Tablets,Mobile,Huawei,44900.0,30,31430.0,3,94290.0,98101.41,-3811.41,-4.04,Ahmedabad,West,Online,UPI,No,Student,True
ORD-13550,2024-10-17,October,Q4,Smartwatches,Wearables,Noise,41400.0,10,37260.0,2,74520.0,48317.58,26202.42,35.16,Mumbai,West,Online,Debit Card,No,Enterprise,True
ORD-13551,2024-09-16,September,Q3,Gaming Consoles,Gaming,Sony,35900.0,30,25130.0,3,75390.0,61640.06999999999,13749.93,18.24,Pune,West,Retail Store,Credit Card,No,Individual,False
ORD-13552,2024-10-29,October,Q4,Gaming Consoles,Gaming,Microsoft,49100.0,10,44190.0,3,132570.0,109052.04000000001,23517.96,17.74,Kolkata,East,Retail Store,Credit Card,No,Enterprise,True
ORD-13553,2024-06-09,June,Q2,Cameras,Imaging,Sony,149800.0,15,127330.0,1,127330.0,89922.58,37407.42,29.38,Pune,West,Online,EMI,No,Enterprise,False
ORD-13554,2024-02-07,February,Q1,Smartwatches,Wearables,Samsung,14700.0,5,13965.0,1,13965.0,10961.18,3003.82,21.51,Jaipur,North,Online,Credit Card,No,Student,False
ORD-13555,2024-01-05,January,Q1,Laptops,Computing,Apple,80900.0,30,56630.0,5,283150.0,261959.7,21190.3,7.48,Pune,West,Distributor,UPI,No,Student,False
ORD-13556,2024-08-19,August,Q3,Smartphones,Mobile,Vivo,56900.0,5,54055.0,2,108110.0,72229.3,35880.7,33.19,Bangalore,South,Distributor,Net Banking,No,Small Business,False
ORD-13557,2024-09-14,September,Q3,Smartphones,Mobile,Samsung,65400.0,10,58860.0,4,235440.0,178726.76,56713.24,24.09,Ahmedabad,West,Retail Store,Debit Card,No,Student,False
ORD-13558,2024-05-03,May,Q2,Headphones,Audio,Sennheiser,1600.0,5,1520.0,3,4560.0,2741.61,1818.39,39.88,Delhi,North,Online,UPI,No,Small Business,False
ORD-13559,2024-12-16,December,Q4,Laptops,Computing,Asus,109100.0,10,98190.0,2,196380.0,141019.66,55360.34,28.19,Bangalore,South,Retail Store,UPI,No,Small Business,True
ORD-13560,2024-03-05,March,Q1,Routers,Networking,D-Link,7900.0,20,6320.0,2,12640.0,9759.5,2880.5,22.79,Delhi,North,Corporate,Debit Card,No,Student,False
ORD-13561,2024-09-23,September,Q3,Routers,Networking,TP-Link,5900.0,25,4425.0,3,13275.0,11392.05,1882.95,14.18,Pune,West,Online,Credit Card,No,Student,False
ORD-13562,2024-07-31,July,Q3,Routers,Networking,Asus,14700.0,20,11760.0,4,47040.0,35156.68,11883.32,25.26,Chennai,South,Online,Credit Card,No,Enterprise,False
ORD-13563,2024-06-09,June,Q2,Laptops,Computing,Asus,36100.0,0,36100.0,1,36100.0,21436.78,14663.22,40.62,Lucknow,North,Online,Net Banking,No,Enterprise,False
ORD-13564,2024-07-09,July,Q3,Laptops,Computing,Apple,39100.0,15,33235.0,2,66470.0,52503.34,13966.66,21.01,Delhi,North,Retail Store,UPI,No,Student,False
ORD-13565,2024-10-17,October,Q4,Air Purifiers,Home Tech,Xiaomi,24500.0,30,17150.0,1,17150.0,16903.62,246.38,1.44,Kolkata,East,Retail Store,Debit Card,No,Student,True
ORD-13566,2024-04-11,April,Q2,Laptops,Computing,Apple,65400.0,5,62130.0,6,372780.0,220407.53999999998,152372.46,40.87,Bangalore,South,Retail Store,UPI,No,Student,False
ORD-13567,2024-10-19,October,Q4,Tablets,Mobile,Apple,48100.0,30,33670.0,2,67340.0,63749.8,3590.2,5.33,Delhi,North,Retail Store,UPI,No,Individual,True
ORD-13568,2024-03-09,March,Q1,Air Purifiers,Home Tech,Xiaomi,19200.0,25,14400.0,2,28800.0,27004.04,1795.96,6.24,Delhi,North,Retail Store,UPI,No,Individual,False
ORD-13569,2024-10-19,October,Q4,Routers,Networking,D-Link,4400.0,25,3300.0,1,3300.0,2993.4,306.6,9.29,Jaipur,North,Online,Credit Card,No,Individual,True
ORD-13570,2024-08-03,August,Q3,Tablets,Mobile,Apple,19600.0,15,16660.0,4,66640.0,46076.68,20563.32,30.86,Kolkata,East,Retail Store,Debit Card,No,Student,False
ORD-13571,2024-07-10,July,Q3,Cameras,Imaging,Sony,31600.0,20,25280.0,2,50560.0,41343.38,9216.62,18.23,Delhi,North,Online,UPI,No,Individual,False
ORD-13572,2024-04-21,April,Q2,Tablets,Mobile,Huawei,20200.0,5,19190.0,3,57570.0,42449.04,15120.96,26.27,Hyderabad,South,Distributor,UPI,No,Student,False
ORD-13573,2024-04-15,April,Q2,Smartwatches,Wearables,Samsung,31200.0,5,29640.0,1,29640.0,22071.17,7568.83,25.54,Kolkata,East,Online,Debit Card,No,Small Business,False
ORD-13574,2024-01-07,January,Q1,Smart TVs,Entertainment,Mi,15600.0,30,10920.0,4,43680.0,39677.24,4002.76,9.16,Lucknow,North,Online,Debit Card,No,Small Business,False
ORD-13575,2024-12-04,December,Q4,Laptops,Computing,Apple,56800.0,25,42600.0,5,213000.0,211169.5,1830.5,0.86,Delhi,North,Retail Store,UPI,Yes,Individual,True
ORD-13576,2024-08-26,August,Q3,Air Purifiers,Home Tech,Dyson,33300.0,5,31635.0,1,31635.0,22561.07,9073.93,28.68,Kolkata,East,Online,UPI,No,Enterprise,False
ORD-13577,2024-09-02,September,Q3,Tablets,Mobile,Samsung,42500.0,5,40375.0,8,323000.0,215161.92,107838.08,33.39,Pune,West,Retail Store,UPI,No,Small Business,False
ORD-13578,2024-12-16,December,Q4,Air Purifiers,Home Tech,Dyson,30100.0,25,22575.0,3,67725.0,61657.229999999996,6067.77,8.96,Hyderabad,South,Corporate,UPI,No,Enterprise,True
ORD-13579,2024-04-21,April,Q2,Smartwatches,Wearables,Samsung,30500.0,0,30500.0,2,61000.0,41603.84,19396.16,31.8,Bangalore,South,Retail Store,Debit Card,No,Student,False
ORD-13580,2024-12-18,December,Q4,Smartwatches,Wearables,Noise,21100.0,0,21100.0,3,63300.0,42183.72,21116.28,33.36,Pune,West,Online,EMI,No,Small Business,True
ORD-13581,2024-01-28,January,Q1,Smartwatches,Wearables,Noise,23300.0,20,18640.0,1,18640.0,13102.0,5538.0,29.71,Delhi,North,Online,EMI,No,Small Business,False
ORD-13582,2024-05-25,May,Q2,Gaming Consoles,Gaming,Microsoft,47800.0,20,38240.0,1,38240.0,26980.7,11259.3,29.44,Pune,West,Online,Debit Card,Yes,Small Business,False
ORD-13583,2024-09-16,September,Q3,Routers,Networking,Netgear,13700.0,25,10275.0,2,20550.0,15474.62,5075.38,24.7,Delhi,North,Online,Credit Card,No,Enterprise,False
ORD-13584,2024-10-21,October,Q4,Laptops,Computing,HP,63000.0,0,63000.0,1,63000.0,39793.44,23206.56,36.84,Pune,West,Retail Store,EMI,No,Small Business,True
ORD-13585,2024-03-09,March,Q1,Cameras,Imaging,Canon,127200.0,25,95400.0,3,286200.0,234896.91,51303.09,17.93,Hyderabad,South,Retail Store,Debit Card,No,Small Business,False
ORD-13586,2024-10-15,October,Q4,Headphones,Audio,Apple,21500.0,20,17200.0,2,34400.0,30346.78,4053.22,11.78,Chennai,South,Retail Store,Debit Card,No,Enterprise,True
ORD-13587,2024-08-22,August,Q3,Air Purifiers,Home Tech,Sharp,35200.0,0,35200.0,2,70400.0,48883.36,21516.64,30.56,Chennai,South,Corporate,Credit Card,No,Enterprise,False
ORD-13588,2024-01-09,January,Q1,Smartphones,Mobile,Vivo,69300.0,25,51975.0,2,103950.0,86417.22,17532.78,16.87,Pune,West,Retail Store,Debit Card,No,Small Business,False
ORD-13589,2024-04-16,April,Q2,Gaming Consoles,Gaming,Nintendo,42800.0,25,32100.0,3,96300.0,90760.92,5539.08,5.75,Pune,West,Corporate,EMI,No,Student,False
ORD-13590,2024-01-08,January,Q1,Laptops,Computing,Apple,99100.0,0,99100.0,3,297300.0,172685.76,124614.24,41.92,Ahmedabad,West,Online,Credit Card,No,Enterprise,False
ORD-13591,2024-12-09,December,Q4,Smart TVs,Entertainment,OnePlus,21400.0,20,17120.0,3,51360.0,41636.55,9723.45,18.93,Mumbai,West,Corporate,Credit Card,No,Small Business,True
ORD-13592,2024-01-15,January,Q1,Smart TVs,Entertainment,LG,116900.0,20,93520.0,1,93520.0,66637.63,26882.37,28.75,Delhi,North,Online,EMI,No,Student,False
ORD-13593,2024-07-21,July,Q3,Air Purifiers,Home Tech,Sharp,39200.0,15,33320.0,2,66640.0,45689.82,20950.18,31.44,Mumbai,West,Online,Credit Card,No,Enterprise,False
ORD-13594,2024-09-14,September,Q3,Smart TVs,Entertainment,OnePlus,81900.0,15,69615.0,3,208845.0,135182.25,73662.75,35.27,Delhi,North,Retail Store,Debit Card,No,Enterprise,False
ORD-13595,2024-09-08,September,Q3,Headphones,Audio,Boat,14900.0,15,12665.0,1,12665.0,9620.38,3044.62,24.04,Pune,West,Online,EMI,No,Small Business,False
ORD-13596,2024-02-08,February,Q1,Cameras,Imaging,Sony,111100.0,0,111100.0,3,333300.0,222667.28999999998,110632.71,33.19,Pune,West,Online,Credit Card,No,Student,False
ORD-13597,2024-05-03,May,Q2,Smartphones,Mobile,OnePlus,45300.0,20,36240.0,1,36240.0,28799.52,7440.48,20.53,Delhi,North,Online,UPI,No,Individual,False
ORD-13598,2024-03-10,March,Q1,Gaming Consoles,Gaming,Sony,34800.0,15,29580.0,1,29580.0,20029.35,9550.65,32.29,Hyderabad,South,Corporate,EMI,No,Individual,False
ORD-13599,2024-10-15,October,Q4,Smartwatches,Wearables,Boat,3800.0,0,3800.0,1,3800.0,2735.56,1064.44,28.01,Hyderabad,South,Online,EMI,No,Student,True
ORD-13600,2024-01-07,January,Q1,Smartphones,Mobile,Samsung,13100.0,20,10480.0,2,20960.0,17928.78,3031.22,14.46,Mumbai,West,Retail Store,Credit Card,Yes,Enterprise,False
ORD-13601,2024-07-19,July,Q3,Air Purifiers,Home Tech,Philips,27100.0,25,20325.0,3,60975.0,52782.36,8192.64,13.44,Chennai,South,Distributor,EMI,No,Individual,False
ORD-13602,2024-10-10,October,Q4,Gaming Consoles,Gaming,Microsoft,23700.0,0,23700.0,2,47400.0,31515.1,15884.9,33.51,Pune,West,Corporate,Credit Card,No,Small Business,True
ORD-13603,2024-03-14,March,Q1,Laptops,Computing,HP,116100.0,10,104490.0,4,417960.0,282707.48,135252.52,32.36,Jaipur,North,Retail Store,Debit Card,No,Enterprise,False
ORD-13604,2024-11-18,November,Q4,Laptops,Computing,Dell,33200.0,20,26560.0,1,26560.0,22617.27,3942.73,14.84,Chennai,South,Distributor,Debit Card,No,Individual,True
ORD-13605,2024-10-22,October,Q4,Headphones,Audio,Boat,16700.0,10,15030.0,2,30060.0,18791.2,11268.8,37.49,Bangalore,South,Online,Credit Card,No,Individual,True
ORD-13606,2024-12-15,December,Q4,Smart TVs,Entertainment,LG,60700.0,20,48560.0,1,48560.0,42000.89,6559.11,13.51,Kolkata,East,Corporate,Credit Card,No,Student,True
ORD-13607,2024-03-25,March,Q1,Routers,Networking,Asus,13500.0,30,9450.0,2,18900.0,15233.58,3666.42,19.4,Chennai,South,Distributor,EMI,No,Small Business,False
ORD-13608,2024-10-15,October,Q4,Gaming Consoles,Gaming,Microsoft,39300.0,20,31440.0,5,157200.0,126197.65,31002.35,19.72,Hyderabad,South,Retail Store,Debit Card,No,Individual,True
ORD-13609,2024-09-18,September,Q3,Smart TVs,Entertainment,OnePlus,59200.0,25,44400.0,1,44400.0,41513.73,2886.27,6.5,Chennai,South,Retail Store,EMI,No,Individual,False
ORD-13610,2024-04-02,April,Q2,Cameras,Imaging,Fujifilm,42400.0,5,40280.0,3,120840.0,92282.52,28557.48,23.63,Ahmedabad,West,Online,Cash,No,Enterprise,False
ORD-13611,2024-03-01,March,Q1,Smart TVs,Entertainment,LG,167600.0,0,167600.0,1,167600.0,94783.8,72816.2,43.45,Ahmedabad,West,Retail Store,UPI,No,Student,False
ORD-13612,2024-07-26,July,Q3,Air Purifiers,Home Tech,Sharp,7500.0,5,7125.0,2,14250.0,11212.62,3037.38,21.31,Jaipur,North,Retail Store,UPI,No,Small Business,False
ORD-13613,2024-01-31,January,Q1,Tablets,Mobile,Huawei,26000.0,15,22100.0,1,22100.0,15703.04,6396.96,28.95,Pune,West,Retail Store,EMI,No,Individual,False
ORD-13614,2024-04-17,April,Q2,Cameras,Imaging,Canon,61700.0,15,52445.0,2,104890.0,80947.06,23942.94,22.83,Delhi,North,Retail Store,Debit Card,No,Student,False
ORD-13615,2024-12-05,December,Q4,Tablets,Mobile,Huawei,26200.0,30,18340.0,3,55020.0,57070.59,-2050.59,-3.73,Delhi,North,Online,Credit Card,No,Student,True
ORD-13616,2024-09-01,September,Q3,Headphones,Audio,JBL,2800.0,25,2100.0,3,6300.0,5139.42,1160.58,18.42,Chennai,South,Retail Store,EMI,No,Enterprise,False
ORD-13617,2024-06-01,June,Q2,Routers,Networking,Netgear,14800.0,10,13320.0,1,13320.0,8552.91,4767.09,35.79,Kolkata,East,Retail Store,Cash,No,Individual,False
ORD-13618,2024-12-28,December,Q4,Laptops,Computing,Apple,59700.0,0,59700.0,1,59700.0,41932.06,17767.94,29.76,Delhi,North,Distributor,Credit Card,No,Small Business,True
ORD-13619,2024-04-28,April,Q2,Routers,Networking,Asus,2000.0,15,1700.0,3,5100.0,3813.3900000000003,1286.61,25.23,Kolkata,East,Retail Store,UPI,No,Student,False
ORD-13620,2024-09-29,September,Q3,Smartphones,Mobile,Vivo,47200.0,20,37760.0,5,188800.0,164503.0,24297.0,12.87,Delhi,North,Distributor,UPI,No,Individual,False
ORD-13621,2024-03-31,March,Q1,Air Purifiers,Home Tech,Xiaomi,22800.0,15,19380.0,1,19380.0,12775.39,6604.61,34.08,Hyderabad,South,Retail Store,EMI,No,Small Business,False
ORD-13622,2024-04-15,April,Q2,Routers,Networking,Netgear,4400.0,20,3520.0,3,10560.0,9824.94,735.06,6.96,Pune,West,Online,EMI,No,Enterprise,False
ORD-13623,2024-02-09,February,Q1,Smartwatches,Wearables,Garmin,32900.0,30,23030.0,1,23030.0,21585.47,1444.53,6.27,Bangalore,South,Retail Store,Credit Card,No,Small Business,False
ORD-13624,2024-03-26,March,Q1,Headphones,Audio,Boat,11900.0,15,10115.0,1,10115.0,6807.04,3307.96,32.7,Jaipur,North,Retail Store,Credit Card,No,Student,False
ORD-13625,2024-10-23,October,Q4,Air Purifiers,Home Tech,Xiaomi,21800.0,25,16350.0,2,32700.0,31003.38,1696.62,5.19,Chennai,South,Retail Store,UPI,No,Enterprise,True
ORD-13626,2024-11-29,November,Q4,Headphones,Audio,Sennheiser,14200.0,15,12070.0,1,12070.0,9945.96,2124.04,17.6,Bangalore,South,Retail Store,UPI,Yes,Small Business,True
ORD-13627,2024-03-03,March,Q1,Gaming Consoles,Gaming,Sony,26300.0,20,21040.0,2,42080.0,38938.96,3141.04,7.46,Delhi,North,Distributor,Debit Card,No,Small Business,False
ORD-13628,2024-03-12,March,Q1,Routers,Networking,TP-Link,13100.0,30,9170.0,2,18340.0,19644.0,-1304.0,-7.11,Kolkata,East,Online,UPI,No,Individual,False
ORD-13629,2024-09-13,September,Q3,Smartwatches,Wearables,Garmin,16400.0,10,14760.0,1,14760.0,9231.31,5528.69,37.46,Jaipur,North,Retail Store,Credit Card,No,Small Business,False
ORD-13630,2024-02-13,February,Q1,Headphones,Audio,Sony,1800.0,5,1710.0,4,6840.0,4459.92,2380.08,34.8,Chennai,South,Online,Cash,No,Small Business,False
ORD-13631,2024-08-08,August,Q3,Air Purifiers,Home Tech,Philips,16400.0,10,14760.0,5,73800.0,59385.7,14414.3,19.53,Mumbai,West,Online,Credit Card,No,Student,False
ORD-13632,2024-07-03,July,Q3,Air Purifiers,Home Tech,Dyson,19900.0,30,13930.0,2,27860.0,25899.82,1960.18,7.04,Kolkata,East,Retail Store,UPI,No,Enterprise,False
ORD-13633,2024-01-31,January,Q1,Routers,Networking,D-Link,3400.0,20,2720.0,1,2720.0,2147.29,572.71,21.06,Jaipur,North,Online,UPI,No,Enterprise,False
ORD-13634,2024-08-12,August,Q3,Cameras,Imaging,Canon,105300.0,20,84240.0,2,168480.0,150537.12,17942.88,10.65,Jaipur,North,Online,UPI,No,Enterprise,False
ORD-13635,2024-10-05,October,Q4,Air Purifiers,Home Tech,Philips,23200.0,30,16240.0,3,48720.0,47342.850000000006,1377.15,2.83,Hyderabad,South,Online,Cash,No,Student,True
ORD-13636,2024-04-17,April,Q2,Laptops,Computing,Asus,44200.0,0,44200.0,1,44200.0,31841.06,12358.94,27.96,Hyderabad,South,Online,UPI,No,Student,False
ORD-13637,2024-03-18,March,Q1,Routers,Networking,TP-Link,4300.0,5,4085.0,1,4085.0,2967.86,1117.14,27.35,Kolkata,East,Online,UPI,No,Enterprise,False
ORD-13638,2024-12-07,December,Q4,Air Purifiers,Home Tech,Xiaomi,25000.0,25,18750.0,6,112500.0,85209.12,27290.88,24.26,Chennai,South,Online,Debit Card,No,Individual,True
ORD-13639,2024-04-27,April,Q2,Laptops,Computing,Dell,92800.0,25,69600.0,3,208800.0,158572.26,50227.74,24.06,Kolkata,East,Online,Credit Card,No,Small Business,False
ORD-13640,2024-09-25,September,Q3,Headphones,Audio,JBL,21000.0,10,18900.0,1,18900.0,11853.96,7046.04,37.28,Mumbai,West,Retail Store,Credit Card,No,Student,False
ORD-13641,2024-03-18,March,Q1,Tablets,Mobile,Lenovo,13800.0,30,9660.0,4,38640.0,31509.16,7130.84,18.45,Mumbai,West,Retail Store,Credit Card,No,Student,False
ORD-13642,2024-07-31,July,Q3,Smartphones,Mobile,Samsung,21200.0,15,18020.0,2,36040.0,30875.76,5164.24,14.33,Hyderabad,South,Retail Store,UPI,No,Enterprise,False
ORD-13643,2024-11-09,November,Q4,Smartwatches,Wearables,Samsung,23700.0,25,17775.0,2,35550.0,31987.98,3562.02,10.02,Kolkata,East,Distributor,UPI,No,Individual,True
ORD-13644,2024-01-13,January,Q1,Cameras,Imaging,Fujifilm,97000.0,20,77600.0,1,77600.0,63910.34,13689.66,17.64,Pune,West,Corporate,EMI,No,Small Business,False
ORD-13645,2024-02-08,February,Q1,Cameras,Imaging,Sony,15900.0,5,15105.0,4,60420.0,46570.16,13849.84,22.92,Hyderabad,South,Online,UPI,No,Small Business,False
ORD-13646,2024-06-26,June,Q2,Headphones,Audio,JBL,21300.0,0,21300.0,1,21300.0,13678.5,7621.5,35.78,Delhi,North,Retail Store,UPI,No,Small Business,False
ORD-13647,2024-11-11,November,Q4,Routers,Networking,Asus,1300.0,5,1235.0,1,1235.0,886.92,348.08,28.18,Mumbai,West,Corporate,Debit Card,No,Student,True
ORD-13648,2024-08-10,August,Q3,Air Purifiers,Home Tech,Dyson,13800.0,10,12420.0,3,37260.0,24707.399999999998,12552.6,33.69,Chennai,South,Retail Store,EMI,No,Individual,False
ORD-13649,2024-05-10,May,Q2,Air Purifiers,Home Tech,Xiaomi,17500.0,25,13125.0,1,13125.0,12461.32,663.68,5.06,Bangalore,South,Retail Store,EMI,No,Small Business,False
ORD-13650,2024-05-29,May,Q2,Gaming Consoles,Gaming,Sony,25500.0,30,17850.0,1,17850.0,18018.31,-168.31,-0.94,Jaipur,North,Corporate,Cash,No,Small Business,False
ORD-13651,2024-01-25,January,Q1,Routers,Networking,Asus,2900.0,30,2030.0,1,2030.0,1850.48,179.52,8.84,Kolkata,East,Retail Store,UPI,No,Student,False
ORD-13652,2024-11-06,November,Q4,Cameras,Imaging,Nikon,55500.0,0,55500.0,2,111000.0,79943.04,31056.96,27.98,Mumbai,West,Retail Store,UPI,No,Enterprise,True
ORD-13653,2024-11-03,November,Q4,Laptops,Computing,HP,109300.0,10,98370.0,2,196740.0,130662.02,66077.98,33.59,Chennai,South,Distributor,Debit Card,No,Individual,True
ORD-13654,2024-03-27,March,Q1,Air Purifiers,Home Tech,Xiaomi,26000.0,30,18200.0,1,18200.0,15090.19,3109.81,17.09,Chennai,South,Retail Store,Credit Card,No,Individual,False
ORD-13655,2024-12-13,December,Q4,Smart TVs,Entertainment,OnePlus,133800.0,10,120420.0,2,240840.0,160928.78,79911.22,33.18,Lucknow,North,Retail Store,UPI,No,Enterprise,True
ORD-13656,2024-09-25,September,Q3,Smartphones,Mobile,Apple,24200.0,0,24200.0,1,24200.0,15840.05,8359.95,34.55,Hyderabad,South,Distributor,UPI,No,Small Business,False
ORD-13657,2024-03-06,March,Q1,Gaming Consoles,Gaming,Nintendo,21600.0,10,19440.0,3,58320.0,46165.32,12154.68,20.84,Pune,West,Corporate,EMI,No,Student,False
ORD-13658,2024-12-04,December,Q4,Laptops,Computing,Lenovo,80500.0,30,56350.0,1,56350.0,49345.74,7004.26,12.43,Jaipur,North,Online,UPI,No,Individual,True
ORD-13659,2024-01-31,January,Q1,Gaming Consoles,Gaming,Sony,36900.0,10,33210.0,1,33210.0,22192.81,11017.19,33.17,Lucknow,North,Retail Store,Debit Card,No,Student,False
ORD-13660,2024-03-04,March,Q1,Air Purifiers,Home Tech,Xiaomi,34900.0,0,34900.0,2,69800.0,38802.7,30997.3,44.41,Hyderabad,South,Online,Credit Card,No,Enterprise,False
ORD-13661,2024-09-28,September,Q3,Cameras,Imaging,Sony,103700.0,15,88145.0,3,264435.0,218038.28999999998,46396.71,17.55,Ahmedabad,West,Online,UPI,No,Student,False
ORD-13662,2024-01-03,January,Q1,Air Purifiers,Home Tech,Philips,12700.0,15,10795.0,3,32385.0,26514.629999999997,5870.37,18.13,Hyderabad,South,Distributor,EMI,No,Small Business,False
ORD-13663,2024-01-04,January,Q1,Routers,Networking,TP-Link,8600.0,5,8170.0,1,8170.0,5480.53,2689.47,32.92,Lucknow,North,Online,Debit Card,No,Small Business,False
ORD-13664,2024-09-30,September,Q3,Gaming Consoles,Gaming,Nintendo,29900.0,10,26910.0,1,26910.0,17736.35,9173.65,34.09,Chennai,South,Distributor,UPI,No,Student,False
ORD-13665,2024-11-07,November,Q4,Smartwatches,Wearables,Noise,43900.0,10,39510.0,2,79020.0,50614.92,28405.08,35.95,Kolkata,East,Retail Store,UPI,No,Individual,True
ORD-13666,2024-04-21,April,Q2,Laptops,Computing,Asus,43600.0,15,37060.0,1,37060.0,28542.65,8517.35,22.98,Ahmedabad,West,Online,UPI,No,Individual,False
ORD-13667,2024-05-07,May,Q2,Smartwatches,Wearables,Samsung,22700.0,10,20430.0,1,20430.0,13196.56,7233.44,35.41,Jaipur,North,Online,Debit Card,No,Enterprise,False
ORD-13668,2024-05-03,May,Q2,Gaming Consoles,Gaming,Microsoft,24700.0,25,18525.0,2,37050.0,35888.82,1161.18,3.13,Kolkata,East,Online,Debit Card,Yes,Small Business,False
ORD-13669,2024-04-02,April,Q2,Gaming Consoles,Gaming,Nintendo,49300.0,5,46835.0,2,93670.0,59954.32,33715.68,35.99,Mumbai,West,Online,UPI,No,Student,False
ORD-13670,2024-06-04,June,Q2,Air Purifiers,Home Tech,Xiaomi,14500.0,15,12325.0,3,36975.0,25679.850000000002,11295.15,30.55,Ahmedabad,West,Distributor,UPI,No,Individual,False
ORD-13671,2024-10-21,October,Q4,Cameras,Imaging,Fujifilm,83800.0,20,67040.0,2,134080.0,102572.22,31507.78,23.5,Kolkata,East,Corporate,Credit Card,No,Student,True
ORD-13672,2024-04-29,April,Q2,Gaming Consoles,Gaming,Microsoft,23300.0,0,23300.0,2,46600.0,31812.18,14787.82,31.73,Hyderabad,South,Online,Credit Card,No,Student,False
ORD-13673,2024-10-04,October,Q4,Gaming Consoles,Gaming,Sony,52300.0,20,41840.0,1,41840.0,37815.39,4024.61,9.62,Mumbai,West,Online,UPI,No,Enterprise,True
ORD-13674,2024-08-07,August,Q3,Gaming Consoles,Gaming,Nintendo,29700.0,5,28215.0,1,28215.0,16523.28,11691.72,41.44,Bangalore,South,Distributor,EMI,No,Student,False
ORD-13675,2024-12-04,December,Q4,Air Purifiers,Home Tech,Dyson,28700.0,15,24395.0,2,48790.0,42509.14,6280.86,12.87,Lucknow,North,Retail Store,Credit Card,No,Small Business,True
ORD-13676,2024-04-28,April,Q2,Cameras,Imaging,Nikon,51800.0,0,51800.0,1,51800.0,29719.88,22080.12,42.63,Hyderabad,South,Retail Store,Credit Card,Yes,Student,False
ORD-13677,2024-08-18,August,Q3,Laptops,Computing,HP,61600.0,30,43120.0,1,43120.0,39757.39,3362.61,7.8,Bangalore,South,Retail Store,UPI,Yes,Individual,False
ORD-13678,2024-03-26,March,Q1,Air Purifiers,Home Tech,Xiaomi,36900.0,5,35055.0,3,105165.0,66602.76,38562.24,36.67,Lucknow,North,Online,EMI,No,Enterprise,False
ORD-13679,2024-02-21,February,Q1,Smartwatches,Wearables,Boat,35400.0,10,31860.0,2,63720.0,41677.14,22042.86,34.59,Chennai,South,Online,EMI,No,Student,False
ORD-13680,2024-04-14,April,Q2,Laptops,Computing,Apple,55500.0,20,44400.0,4,177600.0,140018.04,37581.96,21.16,Ahmedabad,West,Online,EMI,No,Enterprise,False
ORD-13681,2024-05-10,May,Q2,Routers,Networking,TP-Link,4800.0,10,4320.0,2,8640.0,5284.36,3355.64,38.84,Mumbai,West,Retail Store,UPI,No,Enterprise,False
ORD-13682,2024-07-29,July,Q3,Smartphones,Mobile,Apple,25200.0,30,17640.0,2,35280.0,37748.12,-2468.12,-7.0,Mumbai,West,Retail Store,Credit Card,No,Student,False
ORD-13683,2024-11-06,November,Q4,Air Purifiers,Home Tech,Philips,25500.0,20,20400.0,1,20400.0,17801.98,2598.02,12.74,Bangalore,South,Retail Store,Credit Card,No,Enterprise,True
ORD-13684,2024-03-19,March,Q1,Air Purifiers,Home Tech,Philips,31000.0,10,27900.0,1,27900.0,23218.31,4681.69,16.78,Ahmedabad,West,Retail Store,Debit Card,No,Enterprise,False
ORD-13685,2024-02-28,February,Q1,Gaming Consoles,Gaming,Microsoft,44100.0,30,30870.0,2,61740.0,55760.88,5979.12,9.68,Pune,West,Corporate,Credit Card,Yes,Student,False
ORD-13686,2024-10-13,October,Q4,Smart TVs,Entertainment,OnePlus,183300.0,0,183300.0,6,1099800.0,789548.1000000001,310251.9,28.21,Pune,West,Online,Debit Card,No,Enterprise,True
ORD-13687,2024-11-27,November,Q4,Gaming Consoles,Gaming,Sony,47900.0,25,35925.0,5,179625.0,170360.40000000002,9264.6,5.16,Ahmedabad,West,Online,Credit Card,No,Individual,True
ORD-13688,2024-11-21,November,Q4,Laptops,Computing,Asus,52500.0,5,49875.0,1,49875.0,36231.72,13643.28,27.35,Hyderabad,South,Online,Cash,No,Individual,True
ORD-13689,2024-01-24,January,Q1,Headphones,Audio,Sony,5400.0,0,5400.0,1,5400.0,3411.73,1988.27,36.82,Kolkata,East,Distributor,Credit Card,No,Individual,False
ORD-13690,2024-08-12,August,Q3,Laptops,Computing,HP,108700.0,20,86960.0,1,86960.0,81370.26,5589.74,6.43,Ahmedabad,West,Online,Credit Card,No,Enterprise,False
ORD-13691,2024-01-05,January,Q1,Cameras,Imaging,Sony,33300.0,25,24975.0,5,124875.0,106843.70000000001,18031.3,14.44,Lucknow,North,Retail Store,Cash,No,Small Business,False
ORD-13692,2024-09-19,September,Q3,Routers,Networking,TP-Link,7800.0,25,5850.0,4,23400.0,19700.96,3699.04,15.81,Kolkata,East,Online,EMI,No,Student,False
ORD-13693,2024-01-18,January,Q1,Tablets,Mobile,Lenovo,25600.0,0,25600.0,2,51200.0,32217.78,18982.22,37.07,Chennai,South,Retail Store,Credit Card,No,Student,False
ORD-13694,2024-05-19,May,Q2,Air Purifiers,Home Tech,Philips,16700.0,0,16700.0,1,16700.0,11944.38,4755.62,28.48,Kolkata,East,Distributor,Net Banking,No,Individual,False
ORD-13695,2024-12-15,December,Q4,Smart TVs,Entertainment,OnePlus,129800.0,15,110330.0,5,551650.0,446992.85000000003,104657.15,18.97,Delhi,North,Online,EMI,No,Small Business,True
ORD-13696,2024-07-20,July,Q3,Laptops,Computing,HP,49400.0,25,37050.0,3,111150.0,100000.41,11149.59,10.03,Ahmedabad,West,Online,EMI,No,Individual,False
ORD-13697,2024-12-30,December,Q4,Cameras,Imaging,Fujifilm,70300.0,15,59755.0,7,418285.0,366136.26,52148.74,12.47,Hyderabad,South,Retail Store,Credit Card,No,Small Business,True
ORD-13698,2024-05-22,May,Q2,Tablets,Mobile,Samsung,44600.0,15,37910.0,1,37910.0,33252.3,4657.7,12.29,Hyderabad,South,Online,UPI,No,Student,False
ORD-13699,2024-02-07,February,Q1,Air Purifiers,Home Tech,Dyson,17800.0,0,17800.0,3,53400.0,31930.649999999998,21469.35,40.2,Jaipur,North,Online,Credit Card,No,Individual,False
ORD-13700,2024-04-24,April,Q2,Cameras,Imaging,Fujifilm,129700.0,30,90790.0,1,90790.0,95598.58,-4808.58,-5.3,Jaipur,North,Online,Credit Card,No,Small Business,False
ORD-13701,2024-07-28,July,Q3,Laptops,Computing,Lenovo,36300.0,15,30855.0,1,30855.0,20045.84,10809.16,35.03,Pune,West,Retail Store,Net Banking,No,Small Business,False
ORD-13702,2024-11-14,November,Q4,Smartwatches,Wearables,Apple,26000.0,20,20800.0,1,20800.0,16862.1,3937.9,18.93,Hyderabad,South,Online,UPI,No,Student,True
ORD-13703,2024-12-01,December,Q4,Tablets,Mobile,Lenovo,38100.0,20,30480.0,6,182880.0,132609.41999999998,50270.58,27.49,Kolkata,East,Online,Credit Card,No,Small Business,True
ORD-13704,2024-06-20,June,Q2,Smartwatches,Wearables,Apple,17400.0,15,14790.0,5,73950.0,61775.9,12174.1,16.46,Lucknow,North,Distributor,Credit Card,Yes,Individual,False
ORD-13705,2024-10-26,October,Q4,Smart TVs,Entertainment,OnePlus,177300.0,10,159570.0,1,159570.0,118364.12,41205.88,25.82,Chennai,South,Online,Net Banking,No,Small Business,True
ORD-13706,2024-05-16,May,Q2,Headphones,Audio,JBL,13500.0,0,13500.0,1,13500.0,9231.4,4268.6,31.62,Lucknow,North,Corporate,Credit Card,No,Small Business,False
ORD-13707,2024-05-17,May,Q2,Cameras,Imaging,Canon,64300.0,25,48225.0,1,48225.0,40209.45,8015.55,16.62,Pune,West,Online,Debit Card,No,Enterprise,False
ORD-13708,2024-05-07,May,Q2,Tablets,Mobile,Apple,16400.0,25,12300.0,1,12300.0,11614.04,685.96,5.58,Ahmedabad,West,Online,Debit Card,No,Individual,False
ORD-13709,2024-02-24,February,Q1,Headphones,Audio,Apple,17400.0,5,16530.0,4,66120.0,46393.4,19726.6,29.83,Ahmedabad,West,Online,Debit Card,No,Enterprise,False
ORD-13710,2024-05-06,May,Q2,Air Purifiers,Home Tech,Xiaomi,24400.0,30,17080.0,1,17080.0,17896.49,-816.49,-4.78,Delhi,North,Distributor,EMI,No,Student,False
ORD-13711,2024-11-03,November,Q4,Smart TVs,Entertainment,Sony,149600.0,20,119680.0,1,119680.0,107762.19,11917.81,9.96,Pune,West,Retail Store,EMI,No,Individual,True
ORD-13712,2024-06-17,June,Q2,Routers,Networking,TP-Link,8700.0,10,7830.0,1,7830.0,4812.98,3017.02,38.53,Chennai,South,Online,EMI,No,Individual,False
ORD-13713,2024-10-10,October,Q4,Laptops,Computing,Dell,57200.0,25,42900.0,1,42900.0,33992.31,8907.69,20.76,Jaipur,North,Retail Store,Debit Card,No,Individual,True
ORD-13714,2024-11-20,November,Q4,Tablets,Mobile,Samsung,48900.0,0,48900.0,1,48900.0,27845.75,21054.25,43.06,Kolkata,East,Retail Store,Credit Card,No,Individual,True
ORD-13715,2024-03-23,March,Q1,Headphones,Audio,Sennheiser,24100.0,30,16870.0,2,33740.0,30578.32,3161.68,9.37,Hyderabad,South,Online,UPI,No,Enterprise,False
ORD-13716,2024-10-16,October,Q4,Routers,Networking,Netgear,6600.0,5,6270.0,2,12540.0,7396.16,5143.84,41.02,Hyderabad,South,Retail Store,EMI,No,Enterprise,True
ORD-13717,2024-10-26,October,Q4,Smartwatches,Wearables,Boat,4800.0,5,4560.0,1,4560.0,3013.24,1546.76,33.92,Lucknow,North,Online,UPI,No,Enterprise,True
ORD-13718,2024-08-09,August,Q3,Smartwatches,Wearables,Noise,43600.0,10,39240.0,2,78480.0,56600.4,21879.6,27.88,Delhi,North,Distributor,Credit Card,No,Individual,False
ORD-13719,2024-04-18,April,Q2,Smartphones,Mobile,OnePlus,78600.0,20,62880.0,1,62880.0,48659.12,14220.88,22.62,Mumbai,West,Online,Cash,No,Student,False
ORD-13720,2024-05-28,May,Q2,Laptops,Computing,Asus,50700.0,0,50700.0,2,101400.0,66485.2,34914.8,34.43,Bangalore,South,Distributor,Debit Card,No,Enterprise,False
ORD-13721,2024-04-07,April,Q2,Tablets,Mobile,Apple,52400.0,0,52400.0,4,209600.0,135056.32,74543.68,35.56,Bangalore,South,Corporate,EMI,Yes,Student,False
ORD-13722,2024-07-16,July,Q3,Headphones,Audio,Sony,23000.0,15,19550.0,4,78200.0,52416.76,25783.24,32.97,Chennai,South,Retail Store,Debit Card,No,Enterprise,False
ORD-13723,2024-09-07,September,Q3,Headphones,Audio,JBL,13800.0,0,13800.0,2,27600.0,17962.0,9638.0,34.92,Mumbai,West,Retail Store,EMI,No,Small Business,False
ORD-13724,2024-06-08,June,Q2,Smartphones,Mobile,Vivo,23800.0,10,21420.0,3,64260.0,48316.229999999996,15943.77,24.81,Hyderabad,South,Distributor,Debit Card,No,Enterprise,False
ORD-13725,2024-10-16,October,Q4,Routers,Networking,TP-Link,9300.0,0,9300.0,5,46500.0,29605.35,16894.65,36.33,Kolkata,East,Online,Debit Card,No,Student,True
ORD-13726,2024-03-13,March,Q1,Air Purifiers,Home Tech,Sharp,29100.0,5,27645.0,2,55290.0,34803.52,20486.48,37.05,Jaipur,North,Online,EMI,No,Small Business,False
ORD-13727,2024-05-10,May,Q2,Laptops,Computing,Apple,44600.0,25,33450.0,1,33450.0,29947.44,3502.56,10.47,Pune,West,Corporate,Debit Card,No,Individual,False
ORD-13728,2024-03-23,March,Q1,Tablets,Mobile,Samsung,14400.0,15,12240.0,1,12240.0,9351.74,2888.26,23.6,Mumbai,West,Retail Store,Debit Card,No,Individual,False
ORD-13729,2024-03-09,March,Q1,Cameras,Imaging,Sony,46000.0,5,43700.0,4,174800.0,129791.56,45008.44,25.75,Chennai,South,Online,Net Banking,No,Enterprise,False
ORD-13730,2024-12-22,December,Q4,Smart TVs,Entertainment,Mi,28500.0,25,21375.0,3,64125.0,50735.06999999999,13389.93,20.88,Chennai,South,Retail Store,UPI,No,Student,True
ORD-13731,2024-08-27,August,Q3,Gaming Consoles,Gaming,Nintendo,21700.0,15,18445.0,2,36890.0,27533.2,9356.8,25.36,Ahmedabad,West,Corporate,UPI,No,Small Business,False
ORD-13732,2024-01-27,January,Q1,Laptops,Computing,Dell,87900.0,0,87900.0,3,263700.0,160607.82,103092.18,39.09,Jaipur,North,Online,UPI,No,Small Business,False
ORD-13733,2024-07-20,July,Q3,Smartphones,Mobile,Samsung,54300.0,15,46155.0,3,138465.0,104867.70000000001,33597.3,24.26,Ahmedabad,West,Distributor,EMI,No,Small Business,False
ORD-13734,2024-05-24,May,Q2,Tablets,Mobile,Apple,26200.0,20,20960.0,1,20960.0,15594.12,5365.88,25.6,Lucknow,North,Online,UPI,No,Student,False
ORD-13735,2024-09-01,September,Q3,Air Purifiers,Home Tech,Philips,21000.0,10,18900.0,6,113400.0,78425.22,34974.78,30.84,Pune,West,Online,Net Banking,No,Enterprise,False
ORD-13736,2024-04-05,April,Q2,Laptops,Computing,Dell,113900.0,10,102510.0,1,102510.0,74634.83,27875.17,27.19,Kolkata,East,Corporate,UPI,No,Small Business,False
ORD-13737,2024-10-25,October,Q4,Cameras,Imaging,Fujifilm,85000.0,20,68000.0,2,136000.0,123188.16,12811.84,9.42,Bangalore,South,Distributor,UPI,No,Enterprise,True
ORD-13738,2024-08-24,August,Q3,Smartwatches,Wearables,Boat,35100.0,5,33345.0,2,66690.0,43783.82,22906.18,34.35,Jaipur,North,Distributor,Credit Card,No,Individual,False
ORD-13739,2024-07-15,July,Q3,Gaming Consoles,Gaming,Nintendo,53300.0,30,37310.0,2,74620.0,63841.48,10778.52,14.44,Lucknow,North,Online,Credit Card,No,Individual,False
ORD-13740,2024-03-17,March,Q1,Smartwatches,Wearables,Garmin,19200.0,30,13440.0,3,40320.0,36514.8,3805.2,9.44,Ahmedabad,West,Retail Store,UPI,No,Student,False
ORD-13741,2024-11-26,November,Q4,Air Purifiers,Home Tech,Dyson,23200.0,30,16240.0,2,32480.0,30805.02,1674.98,5.16,Kolkata,East,Online,Credit Card,No,Small Business,True
ORD-13742,2024-10-20,October,Q4,Smartwatches,Wearables,Boat,32800.0,30,22960.0,3,68880.0,66660.36,2219.64,3.22,Lucknow,North,Online,Net Banking,No,Enterprise,True
ORD-13743,2024-08-12,August,Q3,Tablets,Mobile,Apple,57600.0,10,51840.0,1,51840.0,42753.41,9086.59,17.53,Mumbai,West,Online,UPI,No,Student,False
ORD-13744,2024-10-19,October,Q4,Cameras,Imaging,Nikon,64900.0,5,61655.0,1,61655.0,42252.26,19402.74,31.47,Lucknow,North,Online,EMI,No,Student,True
ORD-13745,2024-12-13,December,Q4,Air Purifiers,Home Tech,Dyson,29800.0,20,23840.0,1,23840.0,20127.18,3712.82,15.57,Bangalore,South,Distributor,EMI,No,Individual,True
ORD-13746,2024-01-12,January,Q1,Smartphones,Mobile,Samsung,61400.0,5,58330.0,6,349980.0,239799.66,110180.34,31.48,Kolkata,East,Retail Store,Debit Card,No,Enterprise,False
ORD-13747,2024-02-13,February,Q1,Smartwatches,Wearables,Noise,15600.0,10,14040.0,2,28080.0,17831.92,10248.08,36.5,Lucknow,North,Distributor,EMI,No,Student,False
ORD-13748,2024-08-15,August,Q3,Laptops,Computing,Dell,88100.0,0,88100.0,6,528600.0,290895.42,237704.58,44.97,Hyderabad,South,Retail Store,Credit Card,No,Small Business,False
ORD-13749,2024-05-19,May,Q2,Tablets,Mobile,Apple,34200.0,25,25650.0,1,25650.0,24964.68,685.32,2.67,Hyderabad,South,Distributor,Debit Card,No,Student,False
ORD-13750,2024-08-04,August,Q3,Smartwatches,Wearables,Samsung,28400.0,30,19880.0,1,19880.0,18552.44,1327.56,6.68,Mumbai,West,Corporate,Credit Card,No,Student,False
ORD-13751,2024-03-20,March,Q1,Smartwatches,Wearables,Apple,9300.0,5,8835.0,1,8835.0,6723.24,2111.76,23.9,Hyderabad,South,Online,Cash,No,Student,False
ORD-13752,2024-08-25,August,Q3,Smartwatches,Wearables,Noise,31100.0,15,26435.0,1,26435.0,19868.41,6566.59,24.84,Hyderabad,South,Corporate,EMI,No,Enterprise,False
ORD-13753,2024-09-29,September,Q3,Air Purifiers,Home Tech,Xiaomi,6700.0,25,5025.0,2,10050.0,7556.52,2493.48,24.81,Hyderabad,South,Retail Store,Debit Card,No,Enterprise,False
ORD-13754,2024-01-01,January,Q1,Air Purifiers,Home Tech,Sharp,7600.0,25,5700.0,2,11400.0,10268.36,1131.64,9.93,Jaipur,North,Online,EMI,No,Individual,False
ORD-13755,2024-09-03,September,Q3,Headphones,Audio,Sennheiser,10100.0,25,7575.0,5,37875.0,37666.4,208.6,0.55,Lucknow,North,Distributor,EMI,No,Small Business,False
ORD-13756,2024-02-16,February,Q1,Air Purifiers,Home Tech,Dyson,31300.0,5,29735.0,1,29735.0,19029.34,10705.66,36.0,Chennai,South,Online,Credit Card,No,Small Business,False
ORD-13757,2024-01-26,January,Q1,Smart TVs,Entertainment,LG,79400.0,5,75430.0,1,75430.0,49813.29,25616.71,33.96,Lucknow,North,Online,UPI,No,Student,False
ORD-13758,2024-07-13,July,Q3,Air Purifiers,Home Tech,Philips,16200.0,0,16200.0,2,32400.0,20895.08,11504.92,35.51,Jaipur,North,Distributor,Debit Card,No,Small Business,False
ORD-13759,2024-09-24,September,Q3,Smart TVs,Entertainment,Mi,70000.0,15,59500.0,2,119000.0,100551.84,18448.16,15.5,Hyderabad,South,Corporate,Credit Card,No,Individual,False
ORD-13760,2024-04-03,April,Q2,Cameras,Imaging,Canon,45000.0,25,33750.0,2,67500.0,61002.2,6497.8,9.63,Lucknow,North,Online,Credit Card,Yes,Individual,False
ORD-13761,2024-10-20,October,Q4,Cameras,Imaging,Nikon,130200.0,15,110670.0,1,110670.0,80300.74,30369.26,27.44,Hyderabad,South,Online,Debit Card,No,Enterprise,True
ORD-13762,2024-02-02,February,Q1,Gaming Consoles,Gaming,Microsoft,33800.0,15,28730.0,3,86190.0,60185.19,26004.81,30.17,Mumbai,West,Online,Credit Card,No,Individual,False
ORD-13763,2024-01-28,January,Q1,Smartwatches,Wearables,Apple,18400.0,0,18400.0,3,55200.0,35276.49,19923.51,36.09,Ahmedabad,West,Distributor,Net Banking,No,Individual,False
ORD-13764,2024-06-02,June,Q2,Routers,Networking,TP-Link,2300.0,25,1725.0,2,3450.0,3131.72,318.28,9.23,Chennai,South,Distributor,Debit Card,No,Small Business,False
ORD-13765,2024-11-05,November,Q4,Cameras,Imaging,Sony,140200.0,15,119170.0,1,119170.0,102960.46,16209.54,13.6,Bangalore,South,Distributor,Debit Card,No,Student,True
ORD-13766,2024-08-13,August,Q3,Air Purifiers,Home Tech,Sharp,29400.0,10,26460.0,3,79380.0,54869.97,24510.03,30.88,Jaipur,North,Retail Store,Debit Card,No,Individual,False
ORD-13767,2024-04-03,April,Q2,Gaming Consoles,Gaming,Nintendo,33400.0,30,23380.0,1,23380.0,22386.83,993.17,4.25,Delhi,North,Online,Debit Card,No,Student,False
ORD-13768,2024-01-05,January,Q1,Smartphones,Mobile,Apple,49300.0,5,46835.0,2,93670.0,69531.34,24138.66,25.77,Delhi,North,Online,UPI,No,Small Business,False
ORD-13769,2024-08-29,August,Q3,Headphones,Audio,Sennheiser,1000.0,0,1000.0,2,2000.0,1199.88,800.12,40.01,Jaipur,North,Distributor,UPI,No,Student,False
ORD-13770,2024-02-12,February,Q1,Tablets,Mobile,Samsung,36300.0,5,34485.0,1,34485.0,25049.79,9435.21,27.36,Pune,West,Online,Debit Card,No,Individual,False
ORD-13771,2024-08-30,August,Q3,Cameras,Imaging,Sony,55700.0,20,44560.0,5,222800.0,161892.65,60907.35,27.34,Chennai,South,Retail Store,Credit Card,No,Enterprise,False
ORD-13772,2024-10-11,October,Q4,Air Purifiers,Home Tech,Dyson,35400.0,15,30090.0,1,30090.0,20850.31,9239.69,30.71,Bangalore,South,Distributor,Credit Card,No,Small Business,True
ORD-13773,2024-11-07,November,Q4,Smart TVs,Entertainment,LG,81000.0,5,76950.0,2,153900.0,106698.64,47201.36,30.67,Ahmedabad,West,Retail Store,Credit Card,No,Small Business,True
ORD-13774,2024-06-28,June,Q2,Gaming Consoles,Gaming,Nintendo,34300.0,15,29155.0,1,29155.0,25335.49,3819.51,13.1,Kolkata,East,Retail Store,Credit Card,No,Enterprise,False
ORD-13775,2024-07-30,July,Q3,Headphones,Audio,JBL,8400.0,15,7140.0,4,28560.0,23079.48,5480.52,19.19,Jaipur,North,Online,EMI,Yes,Individual,False
ORD-13776,2024-10-08,October,Q4,Smartwatches,Wearables,Apple,24400.0,0,24400.0,2,48800.0,35961.98,12838.02,26.31,Ahmedabad,West,Online,Debit Card,No,Enterprise,True
ORD-13777,2024-01-14,January,Q1,Smartwatches,Wearables,Boat,6300.0,0,6300.0,1,6300.0,3868.28,2431.72,38.6,Mumbai,West,Online,Debit Card,No,Student,False
ORD-13778,2024-09-06,September,Q3,Gaming Consoles,Gaming,Microsoft,48100.0,10,43290.0,1,43290.0,28895.0,14395.0,33.25,Kolkata,East,Online,UPI,No,Student,False
ORD-13779,2024-07-11,July,Q3,Smart TVs,Entertainment,OnePlus,160400.0,10,144360.0,1,144360.0,100688.28,43671.72,30.25,Pune,West,Online,UPI,No,Student,False
ORD-13780,2024-08-14,August,Q3,Headphones,Audio,Apple,10500.0,5,9975.0,3,29925.0,18576.39,11348.61,37.92,Ahmedabad,West,Retail Store,EMI,No,Student,False
ORD-13781,2024-03-28,March,Q1,Routers,Networking,TP-Link,9600.0,0,9600.0,1,9600.0,5942.26,3657.74,38.1,Bangalore,South,Online,UPI,No,Student,False
ORD-13782,2024-05-05,May,Q2,Headphones,Audio,JBL,1700.0,5,1615.0,1,1615.0,974.2,640.8,39.68,Hyderabad,South,Online,Cash,No,Student,False
ORD-13783,2024-03-07,March,Q1,Cameras,Imaging,Canon,96700.0,30,67690.0,3,203070.0,212303.37,-9233.37,-4.55,Lucknow,North,Retail Store,Debit Card,No,Student,False
ORD-13784,2024-08-18,August,Q3,Smart TVs,Entertainment,OnePlus,84900.0,20,67920.0,3,203760.0,167217.33000000002,36542.67,17.93,Pune,West,Retail Store,Debit Card,No,Enterprise,False
ORD-13785,2024-09-05,September,Q3,Smart TVs,Entertainment,OnePlus,95600.0,5,90820.0,2,181640.0,128639.26,53000.74,29.18,Jaipur,North,Retail Store,Credit Card,No,Enterprise,False
ORD-13786,2024-12-01,December,Q4,Smartwatches,Wearables,Noise,6600.0,0,6600.0,1,6600.0,4685.72,1914.28,29.0,Lucknow,North,Retail Store,Net Banking,No,Student,True
ORD-13787,2024-02-03,February,Q1,Cameras,Imaging,Nikon,127900.0,10,115110.0,1,115110.0,74977.29,40132.71,34.86,Ahmedabad,West,Online,Credit Card,No,Student,False
ORD-13788,2024-11-23,November,Q4,Tablets,Mobile,Samsung,17100.0,20,13680.0,2,27360.0,20685.28,6674.72,24.4,Ahmedabad,West,Retail Store,Credit Card,No,Individual,True
ORD-13789,2024-10-07,October,Q4,Gaming Consoles,Gaming,Nintendo,36400.0,10,32760.0,1,32760.0,23607.41,9152.59,27.94,Jaipur,North,Distributor,UPI,No,Individual,True
ORD-13790,2024-11-23,November,Q4,Smartphones,Mobile,Samsung,31300.0,0,31300.0,1,31300.0,19216.25,12083.75,38.61,Pune,West,Retail Store,Credit Card,No,Enterprise,True
ORD-13791,2024-05-25,May,Q2,Smartphones,Mobile,OnePlus,60500.0,0,60500.0,1,60500.0,40192.0,20308.0,33.57,Hyderabad,South,Online,UPI,No,Student,False
ORD-13792,2024-02-22,February,Q1,Tablets,Mobile,Apple,40500.0,5,38475.0,1,38475.0,29870.67,8604.33,22.36,Mumbai,West,Distributor,EMI,No,Small Business,False
ORD-13793,2024-07-09,July,Q3,Smart TVs,Entertainment,Samsung,128300.0,15,109055.0,2,218110.0,157232.6,60877.4,27.91,Lucknow,North,Retail Store,UPI,No,Small Business,False
ORD-13794,2024-09-14,September,Q3,Tablets,Mobile,Samsung,39700.0,0,39700.0,1,39700.0,26006.26,13693.74,34.49,Jaipur,North,Retail Store,Debit Card,No,Small Business,False
ORD-13795,2024-12-25,December,Q4,Air Purifiers,Home Tech,Philips,21300.0,15,18105.0,1,18105.0,12769.57,5335.43,29.47,Lucknow,North,Corporate,Credit Card,No,Small Business,True
ORD-13796,2024-08-11,August,Q3,Cameras,Imaging,Fujifilm,11900.0,15,10115.0,5,50575.0,40547.45,10027.55,19.83,Ahmedabad,West,Retail Store,Credit Card,No,Individual,False
ORD-13797,2024-01-29,January,Q1,Headphones,Audio,JBL,24900.0,25,18675.0,3,56025.0,41777.76,14247.24,25.43,Bangalore,South,Retail Store,UPI,No,Individual,False
ORD-13798,2024-12-17,December,Q4,Laptops,Computing,Dell,113300.0,20,90640.0,1,90640.0,67556.78,23083.22,25.47,Bangalore,South,Retail Store,UPI,No,Student,True
ORD-13799,2024-09-21,September,Q3,Tablets,Mobile,Lenovo,24500.0,5,23275.0,1,23275.0,13551.93,9723.07,41.77,Lucknow,North,Online,UPI,No,Student,False
ORD-13800,2024-03-02,March,Q1,Laptops,Computing,Asus,67000.0,5,63650.0,2,127300.0,89352.64,37947.36,29.81,Ahmedabad,West,Online,EMI,No,Individual,False
ORD-13801,2024-10-29,October,Q4,Routers,Networking,D-Link,10400.0,20,8320.0,1,8320.0,7116.21,1203.79,14.47,Hyderabad,South,Online,Credit Card,No,Small Business,True
ORD-13802,2024-12-19,December,Q4,Routers,Networking,TP-Link,6100.0,25,4575.0,1,4575.0,3833.1,741.9,16.22,Lucknow,North,Retail Store,UPI,No,Enterprise,True
ORD-13803,2024-01-18,January,Q1,Air Purifiers,Home Tech,Dyson,17200.0,30,12040.0,1,12040.0,10113.19,1926.81,16.0,Mumbai,West,Retail Store,Credit Card,No,Small Business,False
ORD-13804,2024-09-30,September,Q3,Laptops,Computing,Lenovo,61900.0,5,58805.0,2,117610.0,81777.1,35832.9,30.47,Mumbai,West,Distributor,UPI,No,Enterprise,False
ORD-13805,2024-04-24,April,Q2,Air Purifiers,Home Tech,Philips,8900.0,25,6675.0,2,13350.0,11831.68,1518.32,11.37,Hyderabad,South,Online,Credit Card,No,Individual,False
ORD-13806,2024-08-06,August,Q3,Smart TVs,Entertainment,Mi,21500.0,20,17200.0,3,51600.0,40273.53,11326.47,21.95,Chennai,South,Online,Debit Card,No,Small Business,False
ORD-13807,2024-08-05,August,Q3,Routers,Networking,TP-Link,6900.0,5,6555.0,2,13110.0,8139.1,4970.9,37.92,Kolkata,East,Retail Store,Debit Card,No,Student,False
ORD-13808,2024-08-31,August,Q3,Air Purifiers,Home Tech,Xiaomi,39800.0,10,35820.0,2,71640.0,52760.82,18879.18,26.35,Ahmedabad,West,Distributor,Debit Card,No,Enterprise,False
ORD-13809,2024-05-28,May,Q2,Laptops,Computing,Dell,55300.0,25,41475.0,1,41475.0,38789.8,2685.2,6.47,Ahmedabad,West,Retail Store,Debit Card,No,Individual,False
ORD-13810,2024-05-30,May,Q2,Smartphones,Mobile,Apple,31600.0,30,22120.0,1,22120.0,22455.41,-335.41,-1.52,Jaipur,North,Retail Store,Debit Card,No,Individual,False
ORD-13811,2024-11-17,November,Q4,Routers,Networking,Asus,12300.0,20,9840.0,2,19680.0,15731.96,3948.04,20.06,Chennai,South,Online,Credit Card,No,Student,True
ORD-13812,2024-11-18,November,Q4,Tablets,Mobile,Samsung,36300.0,5,34485.0,1,34485.0,22056.82,12428.18,36.04,Delhi,North,Online,UPI,No,Student,True
ORD-13813,2024-06-04,June,Q2,Gaming Consoles,Gaming,Sony,24100.0,15,20485.0,1,20485.0,13321.41,7163.59,34.97,Delhi,North,Retail Store,Debit Card,No,Enterprise,False
ORD-13814,2024-11-21,November,Q4,Smartwatches,Wearables,Noise,43700.0,0,43700.0,5,218500.0,130267.85,88232.15,40.38,Hyderabad,South,Online,UPI,No,Enterprise,True
ORD-13815,2024-01-24,January,Q1,Smartphones,Mobile,Samsung,70800.0,10,63720.0,2,127440.0,87387.46,40052.54,31.43,Hyderabad,South,Online,Debit Card,No,Small Business,False
ORD-13816,2024-11-16,November,Q4,Air Purifiers,Home Tech,Dyson,19200.0,20,15360.0,3,46080.0,38856.63,7223.37,15.68,Mumbai,West,Corporate,Credit Card,No,Enterprise,True
ORD-13817,2024-11-15,November,Q4,Smart TVs,Entertainment,Samsung,95900.0,10,86310.0,5,431550.0,334604.89999999997,96945.1,22.46,Jaipur,North,Corporate,Cash,No,Student,True
ORD-13818,2024-04-18,April,Q2,Routers,Networking,Netgear,6600.0,15,5610.0,4,22440.0,15259.76,7180.24,32.0,Bangalore,South,Online,Credit Card,No,Individual,False
ORD-13819,2024-09-05,September,Q3,Smartphones,Mobile,Vivo,60500.0,5,57475.0,1,57475.0,37503.69,19971.31,34.75,Hyderabad,South,Distributor,Debit Card,No,Student,False
ORD-13820,2024-07-24,July,Q3,Smart TVs,Entertainment,Mi,21500.0,0,21500.0,3,64500.0,44887.229999999996,19612.77,30.41,Hyderabad,South,Online,Debit Card,Yes,Individual,False
ORD-13821,2024-05-19,May,Q2,Routers,Networking,D-Link,7900.0,5,7505.0,1,7505.0,5675.63,1829.37,24.38,Delhi,North,Online,Debit Card,No,Student,False
ORD-13822,2024-01-27,January,Q1,Gaming Consoles,Gaming,Nintendo,37600.0,15,31960.0,3,95880.0,66794.67,29085.33,30.34,Ahmedabad,West,Distributor,Net Banking,No,Individual,False
ORD-13823,2024-07-22,July,Q3,Cameras,Imaging,Canon,39600.0,0,39600.0,1,39600.0,23600.2,15999.8,40.4,Jaipur,North,Online,Debit Card,No,Individual,False
ORD-13824,2024-07-05,July,Q3,Smartphones,Mobile,Samsung,35400.0,10,31860.0,2,63720.0,42637.3,21082.7,33.09,Kolkata,East,Online,UPI,No,Individual,False
ORD-13825,2024-03-20,March,Q1,Smartwatches,Wearables,Samsung,19800.0,5,18810.0,3,56430.0,37913.55,18516.45,32.81,Lucknow,North,Retail Store,Credit Card,No,Small Business,False
ORD-13826,2024-10-26,October,Q4,Smartwatches,Wearables,Noise,35900.0,25,26925.0,1,26925.0,23940.71,2984.29,11.08,Hyderabad,South,Retail Store,Credit Card,No,Student,True
ORD-13827,2024-03-02,March,Q1,Air Purifiers,Home Tech,Philips,27800.0,0,27800.0,4,111200.0,78027.8,33172.2,29.83,Ahmedabad,West,Online,Credit Card,No,Small Business,False
ORD-13828,2024-07-14,July,Q3,Laptops,Computing,Lenovo,104300.0,30,73010.0,2,146020.0,125263.2,20756.8,14.22,Delhi,North,Distributor,Credit Card,No,Enterprise,False
ORD-13829,2024-02-23,February,Q1,Smartwatches,Wearables,Samsung,20200.0,10,18180.0,1,18180.0,15022.93,3157.07,17.37,Jaipur,North,Retail Store,UPI,No,Student,False
ORD-13830,2024-11-01,November,Q4,Headphones,Audio,JBL,6800.0,25,5100.0,1,5100.0,4655.51,444.49,8.72,Lucknow,North,Distributor,UPI,No,Student,True
ORD-13831,2024-10-12,October,Q4,Smartphones,Mobile,OnePlus,50800.0,15,43180.0,1,43180.0,36357.47,6822.53,15.8,Bangalore,South,Online,UPI,No,Small Business,True
ORD-13832,2024-08-15,August,Q3,Smart TVs,Entertainment,Mi,87600.0,10,78840.0,1,78840.0,61073.72,17766.28,22.53,Hyderabad,South,Distributor,EMI,No,Individual,False
ORD-13833,2024-12-26,December,Q4,Air Purifiers,Home Tech,Xiaomi,28100.0,0,28100.0,5,140500.0,86013.9,54486.1,38.78,Hyderabad,South,Distributor,EMI,No,Small Business,True
ORD-13834,2024-08-10,August,Q3,Laptops,Computing,HP,58500.0,10,52650.0,2,105300.0,67975.18,37324.82,35.45,Pune,West,Online,UPI,No,Student,False
ORD-13835,2024-03-19,March,Q1,Laptops,Computing,HP,75700.0,0,75700.0,2,151400.0,109404.32,41995.68,27.74,Pune,West,Online,EMI,No,Enterprise,False
ORD-13836,2024-05-19,May,Q2,Tablets,Mobile,Lenovo,48600.0,30,34020.0,1,34020.0,31407.68,2612.32,7.68,Mumbai,West,Online,Cash,No,Individual,False
ORD-13837,2024-09-18,September,Q3,Headphones,Audio,Apple,23100.0,25,17325.0,1,17325.0,12766.19,4558.81,26.31,Bangalore,South,Retail Store,UPI,No,Enterprise,False
ORD-13838,2024-01-17,January,Q1,Tablets,Mobile,Apple,34400.0,0,34400.0,4,137600.0,95860.52,41739.48,30.33,Chennai,South,Online,Credit Card,No,Small Business,False
ORD-13839,2024-03-20,March,Q1,Cameras,Imaging,Nikon,71700.0,25,53775.0,4,215100.0,182378.68,32721.32,15.21,Hyderabad,South,Retail Store,Debit Card,No,Individual,False
ORD-13840,2024-10-24,October,Q4,Headphones,Audio,Sennheiser,13700.0,15,11645.0,1,11645.0,9289.05,2355.95,20.23,Ahmedabad,West,Distributor,Debit Card,No,Enterprise,True
ORD-13841,2024-05-17,May,Q2,Gaming Consoles,Gaming,Nintendo,26800.0,0,26800.0,3,80400.0,47456.159999999996,32943.84,40.97,Ahmedabad,West,Online,EMI,No,Student,False
ORD-13842,2024-07-28,July,Q3,Routers,Networking,Asus,10900.0,20,8720.0,1,8720.0,8096.38,623.62,7.15,Mumbai,West,Corporate,Credit Card,No,Student,False
ORD-13843,2024-08-12,August,Q3,Routers,Networking,Netgear,11700.0,0,11700.0,2,23400.0,13765.7,9634.3,41.17,Kolkata,East,Online,Debit Card,No,Individual,False
ORD-13844,2024-09-04,September,Q3,Air Purifiers,Home Tech,Dyson,17000.0,10,15300.0,1,15300.0,9490.18,5809.82,37.97,Chennai,South,Retail Store,Credit Card,No,Individual,False
ORD-13845,2024-11-30,November,Q4,Smartwatches,Wearables,Apple,23800.0,0,23800.0,2,47600.0,29969.08,17630.92,37.04,Hyderabad,South,Retail Store,UPI,No,Small Business,True
ORD-13846,2024-10-02,October,Q4,Smartphones,Mobile,Samsung,70700.0,5,67165.0,1,67165.0,45965.37,21199.63,31.56,Lucknow,North,Retail Store,Credit Card,No,Individual,True
ORD-13847,2024-06-30,June,Q2,Headphones,Audio,Boat,14300.0,20,11440.0,2,22880.0,20929.98,1950.02,8.52,Pune,West,Retail Store,UPI,No,Enterprise,False
ORD-13848,2024-10-23,October,Q4,Laptops,Computing,Dell,89000.0,30,62300.0,3,186900.0,169614.78,17285.22,9.25,Jaipur,North,Retail Store,UPI,No,Enterprise,True
ORD-13849,2024-01-31,January,Q1,Headphones,Audio,Sennheiser,1400.0,5,1330.0,1,1330.0,884.91,445.09,33.47,Bangalore,South,Distributor,Credit Card,Yes,Small Business,False
ORD-13850,2024-03-15,March,Q1,Smartwatches,Wearables,Apple,29300.0,20,23440.0,2,46880.0,43869.48,3010.52,6.42,Bangalore,South,Distributor,EMI,Yes,Individual,False
ORD-13851,2024-05-05,May,Q2,Smartwatches,Wearables,Apple,43100.0,5,40945.0,1,40945.0,24265.82,16679.18,40.74,Jaipur,North,Online,UPI,No,Student,False
ORD-13852,2024-11-29,November,Q4,Smartphones,Mobile,Xiaomi,17800.0,20,14240.0,2,28480.0,25876.04,2603.96,9.14,Delhi,North,Online,Net Banking,No,Enterprise,True
ORD-13853,2024-04-04,April,Q2,Cameras,Imaging,Fujifilm,67400.0,10,60660.0,1,60660.0,37738.84,22921.16,37.79,Jaipur,North,Online,Debit Card,No,Small Business,False
ORD-13854,2024-02-28,February,Q1,Headphones,Audio,Sony,11300.0,5,10735.0,3,32205.0,21838.68,10366.32,32.19,Chennai,South,Online,Debit Card,No,Enterprise,False
ORD-13855,2024-04-11,April,Q2,Gaming Consoles,Gaming,Sony,26800.0,0,26800.0,2,53600.0,35941.72,17658.28,32.94,Bangalore,South,Online,UPI,No,Student,False
ORD-13856,2024-03-31,March,Q1,Cameras,Imaging,Canon,76500.0,25,57375.0,1,57375.0,44787.25,12587.75,21.94,Hyderabad,South,Retail Store,Credit Card,No,Student,False
ORD-13857,2024-11-15,November,Q4,Routers,Networking,Netgear,1900.0,5,1805.0,2,3610.0,2441.0,1169.0,32.38,Jaipur,North,Online,Credit Card,No,Small Business,True
ORD-13858,2024-03-29,March,Q1,Tablets,Mobile,Huawei,43500.0,5,41325.0,3,123975.0,96937.26,27037.74,21.81,Pune,West,Online,UPI,No,Small Business,False
ORD-13859,2024-10-08,October,Q4,Headphones,Audio,Sennheiser,19400.0,10,17460.0,3,52380.0,35404.71,16975.29,32.41,Delhi,North,Retail Store,Credit Card,No,Enterprise,True
ORD-13860,2024-08-20,August,Q3,Routers,Networking,TP-Link,1800.0,30,1260.0,1,1260.0,1216.5,43.5,3.45,Lucknow,North,Online,Net Banking,No,Small Business,False
ORD-13861,2024-07-23,July,Q3,Cameras,Imaging,Nikon,75900.0,10,68310.0,1,68310.0,47201.84,21108.16,30.9,Pune,West,Retail Store,UPI,No,Small Business,False
ORD-13862,2024-10-03,October,Q4,Air Purifiers,Home Tech,Xiaomi,6400.0,30,4480.0,5,22400.0,22346.8,53.2,0.24,Ahmedabad,West,Corporate,Debit Card,No,Small Business,True
ORD-13863,2024-02-29,February,Q1,Air Purifiers,Home Tech,Philips,8300.0,0,8300.0,3,24900.0,17647.14,7252.86,29.13,Pune,West,Corporate,Debit Card,No,Small Business,False
ORD-13864,2024-04-17,April,Q2,Smart TVs,Entertainment,Sony,164100.0,10,147690.0,1,147690.0,112353.68,35336.32,23.93,Lucknow,North,Retail Store,UPI,No,Enterprise,False
ORD-13865,2024-07-26,July,Q3,Smartphones,Mobile,Samsung,71800.0,25,53850.0,1,53850.0,42360.51,11489.49,21.34,Chennai,South,Online,UPI,Yes,Small Business,False
ORD-13866,2024-03-30,March,Q1,Cameras,Imaging,Canon,105500.0,5,100225.0,4,400900.0,238620.92,162279.08,40.48,Kolkata,East,Retail Store,UPI,No,Small Business,False
ORD-13867,2024-04-28,April,Q2,Laptops,Computing,Asus,34000.0,0,34000.0,1,34000.0,24848.15,9151.85,26.92,Bangalore,South,Online,UPI,No,Student,False
ORD-13868,2024-03-02,March,Q1,Gaming Consoles,Gaming,Nintendo,30300.0,15,25755.0,3,77265.0,66743.16,10521.84,13.62,Hyderabad,South,Online,EMI,No,Enterprise,False
ORD-13869,2024-01-15,January,Q1,Routers,Networking,TP-Link,9400.0,25,7050.0,1,7050.0,5191.84,1858.16,26.36,Pune,West,Retail Store,Credit Card,No,Enterprise,False
ORD-13870,2024-03-21,March,Q1,Cameras,Imaging,Nikon,59800.0,10,53820.0,2,107640.0,67861.72,39778.28,36.95,Kolkata,East,Online,UPI,No,Individual,False
ORD-13871,2024-03-17,March,Q1,Tablets,Mobile,Huawei,33900.0,0,33900.0,4,135600.0,76053.24,59546.76,43.91,Kolkata,East,Online,Credit Card,No,Small Business,False
ORD-13872,2024-04-08,April,Q2,Smartwatches,Wearables,Noise,20700.0,10,18630.0,1,18630.0,11720.97,6909.03,37.09,Hyderabad,South,Retail Store,Credit Card,No,Enterprise,False
ORD-13873,2024-04-08,April,Q2,Tablets,Mobile,Apple,45700.0,30,31990.0,4,127960.0,125483.76,2476.24,1.94,Lucknow,North,Distributor,Credit Card,No,Enterprise,False
ORD-13874,2024-03-24,March,Q1,Cameras,Imaging,Canon,52900.0,15,44965.0,2,89930.0,78162.46,11767.54,13.09,Jaipur,North,Retail Store,Cash,Yes,Individual,False
ORD-13875,2024-07-24,July,Q3,Routers,Networking,Netgear,2400.0,0,2400.0,3,7200.0,4416.84,2783.16,38.66,Delhi,North,Online,UPI,No,Individual,False
ORD-13876,2024-03-21,March,Q1,Headphones,Audio,Apple,8100.0,10,7290.0,4,29160.0,23566.68,5593.32,19.18,Kolkata,East,Retail Store,UPI,No,Small Business,False
ORD-13877,2024-08-15,August,Q3,Laptops,Computing,Asus,110100.0,25,82575.0,5,412875.0,331808.1,81066.9,19.63,Lucknow,North,Distributor,UPI,No,Enterprise,False
ORD-13878,2024-06-07,June,Q2,Smartwatches,Wearables,Apple,25100.0,15,21335.0,1,21335.0,17521.19,3813.81,17.88,Mumbai,West,Online,UPI,No,Individual,False
ORD-13879,2024-09-09,September,Q3,Cameras,Imaging,Canon,73500.0,15,62475.0,2,124950.0,83915.42,41034.58,32.84,Mumbai,West,Online,Debit Card,No,Small Business,False
ORD-13880,2024-02-16,February,Q1,Routers,Networking,TP-Link,7400.0,0,7400.0,3,22200.0,16372.59,5827.41,26.25,Pune,West,Retail Store,Credit Card,Yes,Student,False
ORD-13881,2024-05-12,May,Q2,Smartphones,Mobile,Samsung,12600.0,0,12600.0,1,12600.0,8607.57,3992.43,31.69,Pune,West,Online,UPI,No,Individual,False
ORD-13882,2024-12-29,December,Q4,Air Purifiers,Home Tech,Philips,34800.0,0,34800.0,1,34800.0,19995.89,14804.11,42.54,Hyderabad,South,Online,EMI,No,Individual,True
ORD-13883,2024-03-03,March,Q1,Headphones,Audio,Sennheiser,8300.0,10,7470.0,2,14940.0,11317.48,3622.52,24.25,Kolkata,East,Online,Cash,No,Small Business,False
ORD-13884,2024-04-27,April,Q2,Smartphones,Mobile,Xiaomi,72400.0,10,65160.0,1,65160.0,41648.77,23511.23,36.08,Delhi,North,Distributor,Credit Card,No,Student,False
ORD-13885,2024-01-29,January,Q1,Smart TVs,Entertainment,Mi,164200.0,20,131360.0,2,262720.0,233751.76,28968.24,11.03,Delhi,North,Retail Store,Credit Card,No,Enterprise,False
ORD-13886,2024-12-18,December,Q4,Cameras,Imaging,Fujifilm,53200.0,0,53200.0,5,266000.0,191280.65,74719.35,28.09,Ahmedabad,West,Online,UPI,No,Small Business,True
ORD-13887,2024-02-20,February,Q1,Cameras,Imaging,Sony,90400.0,10,81360.0,3,244080.0,149677.95,94402.05,38.68,Mumbai,West,Distributor,Debit Card,No,Individual,False
ORD-13888,2024-12-19,December,Q4,Smart TVs,Entertainment,OnePlus,196400.0,25,147300.0,2,294600.0,224227.98,70372.02,23.89,Chennai,South,Retail Store,UPI,No,Small Business,True
ORD-13889,2024-11-19,November,Q4,Laptops,Computing,Dell,114900.0,20,91920.0,5,459600.0,384756.60000000003,74843.4,16.28,Mumbai,West,Retail Store,Credit Card,No,Enterprise,True
ORD-13890,2024-08-19,August,Q3,Cameras,Imaging,Canon,23800.0,30,16660.0,3,49980.0,50207.94,-227.94,-0.46,Chennai,South,Corporate,UPI,No,Enterprise,False
ORD-13891,2024-11-20,November,Q4,Headphones,Audio,JBL,12500.0,30,8750.0,1,8750.0,8120.77,629.23,7.19,Chennai,South,Online,UPI,Yes,Student,True
ORD-13892,2024-05-07,May,Q2,Cameras,Imaging,Fujifilm,12900.0,25,9675.0,1,9675.0,8195.55,1479.45,15.29,Pune,West,Online,Net Banking,No,Individual,False
ORD-13893,2024-12-06,December,Q4,Air Purifiers,Home Tech,Xiaomi,6700.0,0,6700.0,6,40200.0,28503.120000000003,11696.88,29.1,Chennai,South,Retail Store,UPI,No,Enterprise,True
ORD-13894,2024-11-14,November,Q4,Cameras,Imaging,Fujifilm,46200.0,0,46200.0,1,46200.0,32226.82,13973.18,30.24,Pune,West,Online,UPI,No,Enterprise,True
ORD-13895,2024-01-17,January,Q1,Gaming Consoles,Gaming,Microsoft,36900.0,20,29520.0,2,59040.0,42850.66,16189.34,27.42,Delhi,North,Retail Store,Credit Card,No,Student,False
ORD-13896,2024-09-15,September,Q3,Smartphones,Mobile,Xiaomi,76100.0,25,57075.0,2,114150.0,110459.58,3690.42,3.23,Lucknow,North,Retail Store,UPI,No,Individual,False
ORD-13897,2024-02-16,February,Q1,Gaming Consoles,Gaming,Microsoft,50200.0,0,50200.0,2,100400.0,71534.96,28865.04,28.75,Kolkata,East,Online,Credit Card,No,Individual,False
ORD-13898,2024-09-18,September,Q3,Routers,Networking,TP-Link,6500.0,30,4550.0,1,4550.0,3836.8,713.2,15.67,Delhi,North,Online,Debit Card,No,Enterprise,False
ORD-13899,2024-11-04,November,Q4,Tablets,Mobile,Apple,48900.0,5,46455.0,2,92910.0,57891.1,35018.9,37.69,Delhi,North,Online,Credit Card,No,Enterprise,True
ORD-13900,2024-01-02,January,Q1,Smart TVs,Entertainment,Mi,172500.0,30,120750.0,1,120750.0,125646.23,-4896.23,-4.05,Delhi,North,Retail Store,Debit Card,No,Enterprise,False
ORD-13901,2024-02-17,February,Q1,Smart TVs,Entertainment,Samsung,161400.0,15,137190.0,1,137190.0,109839.48,27350.52,19.94,Ahmedabad,West,Online,UPI,No,Small Business,False
ORD-13902,2024-12-24,December,Q4,Air Purifiers,Home Tech,Xiaomi,11300.0,30,7910.0,1,7910.0,6443.78,1466.22,18.54,Hyderabad,South,Retail Store,UPI,No,Individual,True
ORD-13903,2024-08-12,August,Q3,Gaming Consoles,Gaming,Sony,51400.0,10,46260.0,2,92520.0,58841.34,33678.66,36.4,Jaipur,North,Retail Store,Debit Card,No,Small Business,False
ORD-13904,2024-06-24,June,Q2,Smartphones,Mobile,OnePlus,79700.0,5,75715.0,4,302860.0,217618.56,85241.44,28.15,Pune,West,Online,EMI,No,Individual,False
ORD-13905,2024-10-21,October,Q4,Smartwatches,Wearables,Garmin,31500.0,25,23625.0,3,70875.0,64900.229999999996,5974.77,8.43,Ahmedabad,West,Retail Store,EMI,No,Small Business,True
ORD-13906,2024-07-21,July,Q3,Headphones,Audio,Boat,12500.0,15,10625.0,4,42500.0,33349.72,9150.28,21.53,Ahmedabad,West,Online,Credit Card,No,Student,False
ORD-13907,2024-12-14,December,Q4,Laptops,Computing,HP,80400.0,0,80400.0,1,80400.0,48068.8,32331.2,40.21,Delhi,North,Online,EMI,No,Small Business,True
ORD-13908,2024-01-26,January,Q1,Laptops,Computing,Dell,70200.0,5,66690.0,2,133380.0,87692.6,45687.4,34.25,Mumbai,West,Online,UPI,Yes,Enterprise,False
ORD-13909,2024-09-25,September,Q3,Headphones,Audio,Sony,4700.0,5,4465.0,3,13395.0,10075.23,3319.77,24.78,Bangalore,South,Online,EMI,No,Student,False
ORD-13910,2024-05-07,May,Q2,Routers,Networking,Asus,13400.0,30,9380.0,1,9380.0,9528.28,-148.28,-1.58,Mumbai,West,Corporate,EMI,No,Enterprise,False
ORD-13911,2024-04-16,April,Q2,Gaming Consoles,Gaming,Sony,28700.0,0,28700.0,3,86100.0,64299.149999999994,21800.85,25.32,Pune,West,Retail Store,Credit Card,No,Student,False
ORD-13912,2024-11-12,November,Q4,Tablets,Mobile,Samsung,21300.0,0,21300.0,6,127800.0,81133.86,46666.14,36.51,Jaipur,North,Online,Credit Card,No,Individual,True
ORD-13913,2024-11-12,November,Q4,Gaming Consoles,Gaming,Sony,35600.0,10,32040.0,3,96120.0,61019.31,35100.69,36.52,Chennai,South,Online,Credit Card,No,Enterprise,True
ORD-13914,2024-11-02,November,Q4,Routers,Networking,Netgear,8600.0,5,8170.0,1,8170.0,5494.13,2675.87,32.75,Hyderabad,South,Corporate,Credit Card,No,Small Business,True
ORD-13915,2024-10-05,October,Q4,Laptops,Computing,Dell,46200.0,5,43890.0,2,87780.0,59050.76,28729.24,32.73,Hyderabad,South,Retail Store,Credit Card,No,Enterprise,True
ORD-13916,2024-06-09,June,Q2,Headphones,Audio,Sony,11300.0,15,9605.0,1,9605.0,8209.07,1395.93,14.53,Mumbai,West,Online,Cash,No,Enterprise,False
ORD-13917,2024-11-28,November,Q4,Routers,Networking,Netgear,13000.0,10,11700.0,2,23400.0,17169.2,6230.8,26.63,Delhi,North,Retail Store,EMI,No,Small Business,True
ORD-13918,2024-10-16,October,Q4,Smart TVs,Entertainment,Mi,198600.0,0,198600.0,1,198600.0,141243.21,57356.79,28.88,Bangalore,South,Retail Store,Credit Card,No,Small Business,True
ORD-13919,2024-06-23,June,Q2,Routers,Networking,D-Link,11300.0,5,10735.0,1,10735.0,7264.76,3470.24,32.33,Pune,West,Retail Store,UPI,No,Small Business,False
ORD-13920,2024-04-20,April,Q2,Smartphones,Mobile,Xiaomi,63600.0,15,54060.0,1,54060.0,40207.48,13852.52,25.62,Ahmedabad,West,Online,EMI,No,Small Business,False
ORD-13921,2024-04-29,April,Q2,Laptops,Computing,Dell,79400.0,0,79400.0,3,238200.0,165245.7,72954.3,30.63,Delhi,North,Corporate,Net Banking,No,Enterprise,False
ORD-13922,2024-04-22,April,Q2,Smartphones,Mobile,Vivo,25600.0,5,24320.0,3,72960.0,53397.450000000004,19562.55,26.81,Chennai,South,Online,UPI,No,Individual,False
ORD-13923,2024-08-26,August,Q3,Smartphones,Mobile,Apple,43000.0,25,32250.0,3,96750.0,87774.95999999999,8975.04,9.28,Mumbai,West,Retail Store,EMI,No,Individual,False
ORD-13924,2024-01-08,January,Q1,Headphones,Audio,JBL,13200.0,0,13200.0,1,13200.0,8518.8,4681.2,35.46,Delhi,North,Online,EMI,No,Enterprise,False
ORD-13925,2024-03-06,March,Q1,Headphones,Audio,Sennheiser,14200.0,15,12070.0,1,12070.0,8502.49,3567.51,29.56,Pune,West,Distributor,Cash,No,Student,False
ORD-13926,2024-06-17,June,Q2,Tablets,Mobile,Samsung,26800.0,5,25460.0,1,25460.0,16801.4,8658.6,34.01,Ahmedabad,West,Retail Store,UPI,No,Student,False
ORD-13927,2024-03-22,March,Q1,Smartphones,Mobile,Vivo,32900.0,20,26320.0,1,26320.0,23442.59,2877.41,10.93,Lucknow,North,Online,UPI,No,Enterprise,False
ORD-13928,2024-01-06,January,Q1,Routers,Networking,TP-Link,9000.0,30,6300.0,4,25200.0,25576.04,-376.04,-1.49,Kolkata,East,Retail Store,EMI,Yes,Enterprise,False
ORD-13929,2024-05-22,May,Q2,Smartwatches,Wearables,Noise,15700.0,25,11775.0,1,11775.0,10037.63,1737.37,14.75,Jaipur,North,Distributor,EMI,No,Enterprise,False
ORD-13930,2024-04-04,April,Q2,Smartphones,Mobile,OnePlus,26700.0,25,20025.0,2,40050.0,33231.5,6818.5,17.02,Delhi,North,Corporate,Cash,Yes,Enterprise,False
ORD-13931,2024-08-02,August,Q3,Air Purifiers,Home Tech,Xiaomi,5300.0,30,3710.0,1,3710.0,3099.75,610.25,16.45,Delhi,North,Retail Store,Debit Card,No,Small Business,False
ORD-13932,2024-01-19,January,Q1,Smartphones,Mobile,Samsung,24100.0,10,21690.0,2,43380.0,34839.88,8540.12,19.69,Delhi,North,Online,UPI,No,Individual,False
ORD-13933,2024-07-17,July,Q3,Air Purifiers,Home Tech,Dyson,25000.0,30,17500.0,1,17500.0,15024.21,2475.79,14.15,Hyderabad,South,Corporate,Credit Card,No,Individual,False
ORD-13934,2024-01-26,January,Q1,Smartphones,Mobile,Samsung,72000.0,0,72000.0,4,288000.0,159695.92,128304.08,44.55,Kolkata,East,Online,Credit Card,No,Student,False
ORD-13935,2024-09-27,September,Q3,Smart TVs,Entertainment,Samsung,150400.0,20,120320.0,2,240640.0,214153.28,26486.72,11.01,Pune,West,Online,Credit Card,No,Small Business,False
ORD-13936,2024-05-24,May,Q2,Cameras,Imaging,Fujifilm,27100.0,15,23035.0,1,23035.0,17192.52,5842.48,25.36,Delhi,North,Corporate,Credit Card,No,Enterprise,False
ORD-13937,2024-02-10,February,Q1,Laptops,Computing,Apple,35700.0,25,26775.0,2,53550.0,52014.2,1535.8,2.87,Kolkata,East,Online,Debit Card,No,Individual,False
ORD-13938,2024-07-07,July,Q3,Gaming Consoles,Gaming,Microsoft,41100.0,10,36990.0,3,110970.0,73739.91,37230.09,33.55,Pune,West,Corporate,Credit Card,No,Individual,False
ORD-13939,2024-09-11,September,Q3,Headphones,Audio,Sony,16000.0,25,12000.0,2,24000.0,19356.94,4643.06,19.35,Ahmedabad,West,Distributor,Net Banking,No,Small Business,False
ORD-13940,2024-02-21,February,Q1,Smartphones,Mobile,Apple,63900.0,5,60705.0,2,121410.0,88197.04,33212.96,27.36,Delhi,North,Retail Store,Credit Card,No,Enterprise,False
ORD-13941,2024-06-06,June,Q2,Cameras,Imaging,Canon,66700.0,10,60030.0,1,60030.0,48966.21,11063.79,18.43,Hyderabad,South,Online,Credit Card,No,Small Business,False
ORD-13942,2024-05-08,May,Q2,Headphones,Audio,Sony,23600.0,20,18880.0,1,18880.0,14055.83,4824.17,25.55,Jaipur,North,Distributor,UPI,No,Small Business,False
ORD-13943,2024-08-15,August,Q3,Tablets,Mobile,Lenovo,57100.0,25,42825.0,1,42825.0,39178.55,3646.45,8.51,Ahmedabad,West,Corporate,Debit Card,No,Student,False
ORD-13944,2024-06-15,June,Q2,Gaming Consoles,Gaming,Sony,45100.0,10,40590.0,1,40590.0,33062.35,7527.65,18.55,Hyderabad,South,Corporate,Cash,No,Enterprise,False
ORD-13945,2024-01-11,January,Q1,Smartphones,Mobile,Vivo,55600.0,15,47260.0,3,141780.0,103074.29999999999,38705.7,27.3,Jaipur,North,Online,Credit Card,No,Small Business,False
ORD-13946,2024-11-25,November,Q4,Headphones,Audio,Apple,18700.0,30,13090.0,5,65450.0,60833.649999999994,4616.35,7.05,Jaipur,North,Online,Net Banking,No,Student,True
ORD-13947,2024-07-22,July,Q3,Air Purifiers,Home Tech,Sharp,33100.0,30,23170.0,2,46340.0,43985.52,2354.48,5.08,Chennai,South,Retail Store,UPI,No,Small Business,False
ORD-13948,2024-06-28,June,Q2,Laptops,Computing,Apple,34500.0,20,27600.0,1,27600.0,22111.59,5488.41,19.89,Kolkata,East,Online,Credit Card,No,Student,False
ORD-13949,2024-08-10,August,Q3,Air Purifiers,Home Tech,Sharp,19900.0,15,16915.0,2,33830.0,27888.26,5941.74,17.56,Lucknow,North,Online,UPI,No,Enterprise,False
ORD-13950,2024-03-24,March,Q1,Cameras,Imaging,Sony,25900.0,20,20720.0,1,20720.0,17652.51,3067.49,14.8,Lucknow,North,Online,Credit Card,No,Student,False
ORD-13951,2024-01-08,January,Q1,Routers,Networking,Asus,6900.0,30,4830.0,1,4830.0,4412.55,417.45,8.64,Lucknow,North,Online,Debit Card,No,Student,False
ORD-13952,2024-04-18,April,Q2,Gaming Consoles,Gaming,Nintendo,43500.0,15,36975.0,1,36975.0,28143.95,8831.05,23.88,Hyderabad,South,Distributor,EMI,No,Student,False
ORD-13953,2024-02-26,February,Q1,Headphones,Audio,Sony,9200.0,15,7820.0,1,7820.0,6616.4,1203.6,15.39,Ahmedabad,West,Corporate,UPI,Yes,Individual,False
ORD-13954,2024-12-22,December,Q4,Laptops,Computing,Lenovo,60000.0,10,54000.0,1,54000.0,36072.57,17927.43,33.2,Hyderabad,South,Online,EMI,No,Enterprise,True
ORD-13955,2024-08-22,August,Q3,Smartwatches,Wearables,Samsung,17600.0,25,13200.0,2,26400.0,20883.94,5516.06,20.89,Hyderabad,South,Corporate,UPI,No,Enterprise,False
ORD-13956,2024-07-01,July,Q3,Smartwatches,Wearables,Garmin,32400.0,25,24300.0,3,72900.0,62662.89,10237.11,14.04,Kolkata,East,Online,EMI,No,Small Business,False
ORD-13957,2024-01-02,January,Q1,Smartwatches,Wearables,Apple,45000.0,10,40500.0,6,243000.0,199908.77999999997,43091.22,17.73,Mumbai,West,Retail Store,UPI,Yes,Student,False
ORD-13958,2024-03-07,March,Q1,Routers,Networking,Netgear,7600.0,20,6080.0,3,18240.0,14031.060000000001,4208.94,23.08,Jaipur,North,Distributor,Credit Card,Yes,Enterprise,False
ORD-13959,2024-03-21,March,Q1,Cameras,Imaging,Fujifilm,11200.0,15,9520.0,2,19040.0,16464.56,2575.44,13.53,Lucknow,North,Retail Store,EMI,No,Student,False
ORD-13960,2024-08-10,August,Q3,Headphones,Audio,JBL,13800.0,25,10350.0,2,20700.0,20172.66,527.34,2.55,Lucknow,North,Corporate,EMI,No,Enterprise,False
ORD-13961,2024-01-24,January,Q1,Smartphones,Mobile,Xiaomi,51400.0,15,43690.0,1,43690.0,36514.23,7175.77,16.42,Kolkata,East,Online,Credit Card,No,Student,False
ORD-13962,2024-12-14,December,Q4,Routers,Networking,Asus,3000.0,15,2550.0,1,2550.0,1713.7,836.3,32.8,Hyderabad,South,Retail Store,UPI,No,Small Business,True
ORD-13963,2024-12-14,December,Q4,Cameras,Imaging,Sony,11100.0,30,7770.0,2,15540.0,15258.48,281.52,1.81,Bangalore,South,Online,UPI,No,Student,True
ORD-13964,2024-11-06,November,Q4,Laptops,Computing,Lenovo,65600.0,15,55760.0,1,55760.0,43035.73,12724.27,22.82,Ahmedabad,West,Retail Store,UPI,No,Individual,True
ORD-13965,2024-01-11,January,Q1,Routers,Networking,TP-Link,3800.0,30,2660.0,1,2660.0,2735.98,-75.98,-2.86,Hyderabad,South,Distributor,Debit Card,No,Student,False
ORD-13966,2024-06-02,June,Q2,Smart TVs,Entertainment,LG,168800.0,15,143480.0,1,143480.0,112225.61,31254.39,21.78,Bangalore,South,Distributor,UPI,No,Individual,False
ORD-13967,2024-02-16,February,Q1,Cameras,Imaging,Sony,136900.0,20,109520.0,1,109520.0,78520.99,30999.01,28.3,Bangalore,South,Retail Store,Credit Card,No,Individual,False
ORD-13968,2024-05-06,May,Q2,Laptops,Computing,Dell,76500.0,20,61200.0,2,122400.0,98291.72,24108.28,19.7,Lucknow,North,Corporate,UPI,No,Enterprise,False
ORD-13969,2024-02-19,February,Q1,Laptops,Computing,HP,27600.0,5,26220.0,1,26220.0,19741.73,6478.27,24.71,Lucknow,North,Distributor,Debit Card,No,Enterprise,False
ORD-13970,2024-11-04,November,Q4,Cameras,Imaging,Fujifilm,104600.0,25,78450.0,1,78450.0,69656.58,8793.42,11.21,Bangalore,South,Online,Cash,No,Small Business,True
ORD-13971,2024-10-12,October,Q4,Smart TVs,Entertainment,OnePlus,81100.0,30,56770.0,5,283850.0,277843.4,6006.6,2.12,Hyderabad,South,Distributor,Credit Card,No,Small Business,True
ORD-13972,2024-08-30,August,Q3,Air Purifiers,Home Tech,Philips,15700.0,20,12560.0,3,37680.0,31838.82,5841.18,15.5,Pune,West,Online,UPI,No,Small Business,False
ORD-13973,2024-08-17,August,Q3,Air Purifiers,Home Tech,Philips,28900.0,0,28900.0,2,57800.0,43297.32,14502.68,25.09,Lucknow,North,Online,UPI,No,Individual,False
ORD-13974,2024-06-17,June,Q2,Smartwatches,Wearables,Samsung,8400.0,15,7140.0,4,28560.0,22628.84,5931.16,20.77,Bangalore,South,Online,EMI,No,Small Business,False
ORD-13975,2024-12-19,December,Q4,Air Purifiers,Home Tech,Philips,18800.0,20,15040.0,2,30080.0,26084.6,3995.4,13.28,Ahmedabad,West,Retail Store,UPI,No,Enterprise,True
ORD-13976,2024-10-31,October,Q4,Laptops,Computing,HP,106200.0,15,90270.0,1,90270.0,67807.5,22462.5,24.88,Jaipur,North,Retail Store,UPI,No,Student,True
ORD-13977,2024-11-11,November,Q4,Laptops,Computing,Dell,53000.0,15,45050.0,5,225250.0,165858.2,59391.8,26.37,Bangalore,South,Retail Store,EMI,Yes,Student,True
ORD-13978,2024-06-09,June,Q2,Tablets,Mobile,Lenovo,15000.0,10,13500.0,3,40500.0,29124.69,11375.31,28.09,Delhi,North,Retail Store,UPI,No,Individual,False
ORD-13979,2024-05-15,May,Q2,Laptops,Computing,Dell,68700.0,0,68700.0,3,206100.0,136717.62,69382.38,33.66,Bangalore,South,Retail Store,EMI,No,Small Business,False
ORD-13980,2024-08-21,August,Q3,Smartphones,Mobile,Apple,38400.0,15,32640.0,3,97920.0,75550.68000000001,22369.32,22.84,Delhi,North,Online,Credit Card,No,Enterprise,False
ORD-13981,2024-01-16,January,Q1,Laptops,Computing,Apple,44900.0,5,42655.0,1,42655.0,32800.7,9854.3,23.1,Delhi,North,Online,UPI,No,Enterprise,False
ORD-13982,2024-07-08,July,Q3,Cameras,Imaging,Fujifilm,127800.0,0,127800.0,3,383400.0,273181.14,110218.86,28.75,Ahmedabad,West,Online,UPI,No,Individual,False
ORD-13983,2024-12-06,December,Q4,Air Purifiers,Home Tech,Xiaomi,24900.0,0,24900.0,1,24900.0,18202.85,6697.15,26.9,Ahmedabad,West,Online,Net Banking,No,Small Business,True
ORD-13984,2024-01-04,January,Q1,Tablets,Mobile,Samsung,45300.0,25,33975.0,1,33975.0,33958.93,16.07,0.05,Ahmedabad,West,Online,UPI,No,Student,False
ORD-13985,2024-11-20,November,Q4,Smartphones,Mobile,Samsung,68600.0,30,48020.0,5,240100.0,189040.5,51059.5,21.27,Hyderabad,South,Retail Store,Credit Card,No,Small Business,True
ORD-13986,2024-03-22,March,Q1,Headphones,Audio,Sony,24600.0,15,20910.0,5,104550.0,69552.70000000001,34997.3,33.47,Jaipur,North,Online,UPI,No,Student,False
ORD-13987,2024-07-25,July,Q3,Smartphones,Mobile,Apple,73900.0,10,66510.0,2,133020.0,106568.9,26451.1,19.89,Hyderabad,South,Online,Credit Card,No,Enterprise,False
ORD-13988,2024-08-29,August,Q3,Laptops,Computing,Dell,103900.0,25,77925.0,1,77925.0,74879.01,3045.99,3.91,Mumbai,West,Corporate,Credit Card,No,Enterprise,False
ORD-13989,2024-05-04,May,Q2,Laptops,Computing,Dell,79400.0,10,71460.0,1,71460.0,53376.6,18083.4,25.31,Kolkata,East,Online,Net Banking,No,Small Business,False
ORD-13990,2024-12-25,December,Q4,Headphones,Audio,Sennheiser,24900.0,20,19920.0,1,19920.0,15871.37,4048.63,20.32,Mumbai,West,Distributor,UPI,No,Enterprise,True
ORD-13991,2024-07-11,July,Q3,Tablets,Mobile,Lenovo,33600.0,0,33600.0,3,100800.0,72321.84,28478.16,28.25,Bangalore,South,Online,Credit Card,No,Individual,False
ORD-13992,2024-07-17,July,Q3,Gaming Consoles,Gaming,Microsoft,43200.0,25,32400.0,1,32400.0,28082.01,4317.99,13.33,Delhi,North,Distributor,EMI,No,Enterprise,False
ORD-13993,2024-02-24,February,Q1,Routers,Networking,Netgear,8000.0,15,6800.0,2,13600.0,9149.98,4450.02,32.72,Delhi,North,Online,Debit Card,No,Student,False
ORD-13994,2024-01-29,January,Q1,Smartwatches,Wearables,Boat,2400.0,0,2400.0,1,2400.0,1592.41,807.59,33.65,Pune,West,Online,Credit Card,No,Student,False
ORD-13995,2024-09-08,September,Q3,Routers,Networking,D-Link,12900.0,10,11610.0,2,23220.0,18769.94,4450.06,19.16,Hyderabad,South,Online,UPI,No,Enterprise,False
ORD-13996,2024-03-11,March,Q1,Gaming Consoles,Gaming,Microsoft,46800.0,25,35100.0,1,35100.0,29525.23,5574.77,15.88,Mumbai,West,Retail Store,UPI,No,Individual,False
ORD-13997,2024-02-03,February,Q1,Smartwatches,Wearables,Apple,11400.0,25,8550.0,5,42750.0,37184.5,5565.5,13.02,Kolkata,East,Corporate,EMI,No,Enterprise,False
ORD-13998,2024-11-12,November,Q4,Air Purifiers,Home Tech,Dyson,15300.0,10,13770.0,2,27540.0,17214.14,10325.86,37.49,Lucknow,North,Retail Store,UPI,No,Individual,True
ORD-13999,2024-08-15,August,Q3,Cameras,Imaging,Canon,70400.0,0,70400.0,2,140800.0,78681.62,62118.38,44.12,Jaipur,North,Online,UPI,No,Student,False
ORD-14000,2024-03-19,March,Q1,Smart TVs,Entertainment,Mi,153400.0,30,107380.0,7,751660.0,690996.32,60663.68,8.07,Kolkata,East,Retail Store,Debit Card,No,Individual,False
ORD-14001,2024-08-23,August,Q3,Laptops,Computing,Lenovo,28600.0,30,20020.0,1,20020.0,18557.48,1462.52,7.31,Mumbai,West,Online,EMI,No,Individual,False
ORD-14002,2024-12-29,December,Q4,Routers,Networking,TP-Link,1100.0,15,935.0,3,2805.0,2417.31,387.69,13.82,Jaipur,North,Online,Credit Card,Yes,Enterprise,True
ORD-14003,2024-08-21,August,Q3,Cameras,Imaging,Canon,83200.0,15,70720.0,1,70720.0,61085.06,9634.94,13.62,Ahmedabad,West,Distributor,Credit Card,No,Individual,False
ORD-14004,2024-11-05,November,Q4,Tablets,Mobile,Apple,37700.0,5,35815.0,1,35815.0,22992.42,12822.58,35.8,Delhi,North,Online,UPI,No,Small Business,True
ORD-14005,2024-02-26,February,Q1,Smartwatches,Wearables,Samsung,21200.0,5,20140.0,2,40280.0,29640.34,10639.66,26.41,Lucknow,North,Retail Store,UPI,No,Student,False
ORD-14006,2024-05-23,May,Q2,Smartphones,Mobile,Vivo,56800.0,0,56800.0,1,56800.0,33177.77,23622.23,41.59,Mumbai,West,Online,Debit Card,No,Enterprise,False
ORD-14007,2024-12-18,December,Q4,Air Purifiers,Home Tech,Sharp,25700.0,30,17990.0,2,35980.0,33753.4,2226.6,6.19,Jaipur,North,Online,UPI,No,Enterprise,True
ORD-14008,2024-07-26,July,Q3,Tablets,Mobile,Samsung,36600.0,15,31110.0,1,31110.0,20832.99,10277.01,33.03,Mumbai,West,Distributor,Credit Card,No,Student,False
ORD-14009,2024-12-02,December,Q4,Smartphones,Mobile,Samsung,69200.0,30,48440.0,1,48440.0,47041.22,1398.78,2.89,Mumbai,West,Retail Store,Credit Card,No,Individual,True
ORD-14010,2024-04-25,April,Q2,Smartwatches,Wearables,Garmin,28400.0,20,22720.0,1,22720.0,16219.86,6500.14,28.61,Delhi,North,Online,EMI,No,Student,False
ORD-14011,2024-12-27,December,Q4,Cameras,Imaging,Nikon,147500.0,15,125375.0,5,626875.0,534829.1000000001,92045.9,14.68,Pune,West,Retail Store,Credit Card,No,Small Business,True
ORD-14012,2024-07-16,July,Q3,Smartphones,Mobile,Apple,64200.0,5,60990.0,2,121980.0,95807.38,26172.62,21.46,Kolkata,East,Retail Store,UPI,No,Individual,False
ORD-14013,2024-11-12,November,Q4,Tablets,Mobile,Apple,26300.0,10,23670.0,1,23670.0,16356.43,7313.57,30.9,Jaipur,North,Corporate,Cash,No,Enterprise,True
ORD-14014,2024-01-10,January,Q1,Gaming Consoles,Gaming,Microsoft,39600.0,15,33660.0,1,33660.0,28269.49,5390.51,16.01,Jaipur,North,Retail Store,UPI,No,Small Business,False
ORD-14015,2024-11-21,November,Q4,Headphones,Audio,Sony,19000.0,0,19000.0,10,190000.0,128809.40000000001,61190.6,32.21,Kolkata,East,Online,Credit Card,No,Small Business,True
ORD-14016,2024-12-30,December,Q4,Gaming Consoles,Gaming,Sony,53400.0,30,37380.0,1,37380.0,29432.11,7947.89,21.26,Kolkata,East,Online,Debit Card,No,Student,True
ORD-14017,2024-01-01,January,Q1,Routers,Networking,D-Link,13400.0,15,11390.0,3,34170.0,24328.38,9841.62,28.8,Chennai,South,Retail Store,Debit Card,No,Enterprise,False
ORD-14018,2024-08-27,August,Q3,Gaming Consoles,Gaming,Sony,42200.0,10,37980.0,2,75960.0,59039.1,16920.9,22.28,Chennai,South,Online,Credit Card,No,Individual,False
ORD-14019,2024-03-22,March,Q1,Air Purifiers,Home Tech,Sharp,14200.0,0,14200.0,1,14200.0,10643.72,3556.28,25.04,Mumbai,West,Retail Store,EMI,No,Individual,False
ORD-14020,2024-03-01,March,Q1,Gaming Consoles,Gaming,Nintendo,52500.0,10,47250.0,1,47250.0,38488.35,8761.65,18.54,Pune,West,Online,UPI,No,Individual,False
ORD-14021,2024-10-04,October,Q4,Headphones,Audio,Boat,12400.0,0,12400.0,5,62000.0,38846.85,23153.15,37.34,Jaipur,North,Online,Credit Card,No,Small Business,True
ORD-14022,2024-06-25,June,Q2,Smartwatches,Wearables,Samsung,9500.0,10,8550.0,1,8550.0,6542.59,2007.41,23.48,Jaipur,North,Online,Credit Card,No,Individual,False
ORD-14023,2024-02-29,February,Q1,Smart TVs,Entertainment,Samsung,44000.0,15,37400.0,1,37400.0,24909.46,12490.54,33.4,Ahmedabad,West,Retail Store,Credit Card,No,Enterprise,False
ORD-14024,2024-01-07,January,Q1,Smartwatches,Wearables,Apple,10600.0,30,7420.0,2,14840.0,14298.82,541.18,3.65,Delhi,North,Distributor,Debit Card,No,Individual,False
ORD-14025,2024-07-02,July,Q3,Laptops,Computing,Lenovo,34700.0,0,34700.0,2,69400.0,51602.7,17797.3,25.64,Mumbai,West,Retail Store,Debit Card,No,Enterprise,False
ORD-14026,2024-07-10,July,Q3,Laptops,Computing,Lenovo,65600.0,20,52480.0,1,52480.0,48074.3,4405.7,8.4,Chennai,South,Online,EMI,No,Small Business,False
ORD-14027,2024-07-14,July,Q3,Routers,Networking,Asus,7300.0,20,5840.0,2,11680.0,9389.16,2290.84,19.61,Lucknow,North,Online,Debit Card,No,Enterprise,False
ORD-14028,2024-04-01,April,Q2,Smart TVs,Entertainment,Mi,24000.0,0,24000.0,1,24000.0,14961.44,9038.56,37.66,Chennai,South,Retail Store,UPI,No,Enterprise,False
ORD-14029,2024-03-04,March,Q1,Smart TVs,Entertainment,OnePlus,53000.0,30,37100.0,3,111300.0,96897.06,14402.94,12.94,Delhi,North,Online,Credit Card,Yes,Individual,False
ORD-14030,2024-10-17,October,Q4,Smart TVs,Entertainment,OnePlus,87000.0,10,78300.0,1,78300.0,62981.63,15318.37,19.56,Kolkata,East,Online,Net Banking,No,Small Business,True
ORD-14031,2024-02-13,February,Q1,Headphones,Audio,JBL,17500.0,20,14000.0,2,28000.0,26074.66,1925.34,6.88,Hyderabad,South,Online,Credit Card,No,Enterprise,False
ORD-14032,2024-01-17,January,Q1,Routers,Networking,Asus,14900.0,10,13410.0,6,80460.0,55990.740000000005,24469.26,30.41,Chennai,South,Distributor,Cash,No,Student,False
ORD-14033,2024-11-12,November,Q4,Routers,Networking,D-Link,13300.0,30,9310.0,3,27930.0,23766.54,4163.46,14.91,Mumbai,West,Online,UPI,No,Small Business,True
ORD-14034,2024-05-03,May,Q2,Smart TVs,Entertainment,Mi,112200.0,30,78540.0,1,78540.0,67080.27,11459.73,14.59,Lucknow,North,Online,EMI,No,Small Business,False
ORD-14035,2024-09-10,September,Q3,Smartphones,Mobile,OnePlus,8400.0,30,5880.0,2,11760.0,10282.72,1477.28,12.56,Jaipur,North,Corporate,Cash,No,Enterprise,False
ORD-14036,2024-08-27,August,Q3,Smartphones,Mobile,Xiaomi,55000.0,15,46750.0,4,187000.0,122884.28,64115.72,34.29,Bangalore,South,Retail Store,Credit Card,No,Student,False
ORD-14037,2024-08-06,August,Q3,Smart TVs,Entertainment,OnePlus,108100.0,10,97290.0,1,97290.0,63890.53,33399.47,34.33,Ahmedabad,West,Online,UPI,No,Small Business,False
ORD-14038,2024-04-13,April,Q2,Smart TVs,Entertainment,Sony,119400.0,0,119400.0,3,358200.0,203698.86,154501.14,43.13,Lucknow,North,Retail Store,UPI,No,Student,False
ORD-14039,2024-07-04,July,Q3,Laptops,Computing,Apple,90800.0,15,77180.0,2,154360.0,104914.26,49445.74,32.03,Mumbai,West,Retail Store,Debit Card,No,Student,False
ORD-14040,2024-04-06,April,Q2,Cameras,Imaging,Fujifilm,82900.0,25,62175.0,3,186525.0,145433.13,41091.87,22.03,Delhi,North,Distributor,Credit Card,No,Individual,False
ORD-14041,2024-01-08,January,Q1,Cameras,Imaging,Fujifilm,129200.0,20,103360.0,2,206720.0,177310.6,29409.4,14.23,Jaipur,North,Online,Cash,No,Individual,False
ORD-14042,2024-06-08,June,Q2,Tablets,Mobile,Lenovo,18600.0,25,13950.0,2,27900.0,22440.96,5459.04,19.57,Pune,West,Retail Store,UPI,No,Individual,False
ORD-14043,2024-12-12,December,Q4,Air Purifiers,Home Tech,Philips,10500.0,10,9450.0,1,9450.0,5986.81,3463.19,36.65,Lucknow,North,Retail Store,Credit Card,No,Individual,True
ORD-14044,2024-04-21,April,Q2,Laptops,Computing,Dell,78000.0,20,62400.0,3,187200.0,138627.59999999998,48572.4,25.95,Jaipur,North,Retail Store,Debit Card,No,Enterprise,False
ORD-14045,2024-05-12,May,Q2,Headphones,Audio,Apple,24700.0,20,19760.0,1,19760.0,16418.16,3341.84,16.91,Hyderabad,South,Distributor,Credit Card,No,Student,False
ORD-14046,2024-06-11,June,Q2,Routers,Networking,D-Link,13900.0,15,11815.0,4,47260.0,40765.76,6494.24,13.74,Bangalore,South,Online,UPI,No,Individual,False
ORD-14047,2024-08-04,August,Q3,Cameras,Imaging,Fujifilm,50300.0,10,45270.0,1,45270.0,36939.31,8330.69,18.4,Lucknow,North,Distributor,Credit Card,No,Small Business,False
ORD-14048,2024-11-23,November,Q4,Smartphones,Mobile,Vivo,43900.0,20,35120.0,7,245840.0,169544.41,76295.59,31.03,Chennai,South,Retail Store,UPI,Yes,Enterprise,True
ORD-14049,2024-12-27,December,Q4,Smart TVs,Entertainment,OnePlus,34800.0,15,29580.0,3,88740.0,72765.81,15974.19,18.0,Jaipur,North,Retail Store,UPI,Yes,Individual,True
ORD-14050,2024-06-19,June,Q2,Smartwatches,Wearables,Noise,25000.0,25,18750.0,1,18750.0,14242.15,4507.85,24.04,Ahmedabad,West,Online,UPI,No,Individual,False
ORD-14051,2024-09-01,September,Q3,Smartwatches,Wearables,Noise,44200.0,10,39780.0,3,119340.0,85672.17,33667.83,28.21,Lucknow,North,Online,Debit Card,No,Individual,False
ORD-14052,2024-09-11,September,Q3,Routers,Networking,Netgear,7300.0,25,5475.0,1,5475.0,5193.51,281.49,5.14,Pune,West,Retail Store,Debit Card,No,Small Business,False
ORD-14053,2024-01-17,January,Q1,Routers,Networking,Asus,12500.0,15,10625.0,3,31875.0,24531.39,7343.61,23.04,Kolkata,East,Online,UPI,No,Student,False
ORD-14054,2024-08-17,August,Q3,Headphones,Audio,Sennheiser,24300.0,5,23085.0,1,23085.0,13932.86,9152.14,39.65,Lucknow,North,Retail Store,Credit Card,No,Student,False
ORD-14055,2024-06-24,June,Q2,Tablets,Mobile,Lenovo,55100.0,25,41325.0,1,41325.0,39716.48,1608.52,3.89,Bangalore,South,Online,Debit Card,No,Student,False
ORD-14056,2024-03-30,March,Q1,Gaming Consoles,Gaming,Sony,40000.0,0,40000.0,2,80000.0,59903.62,20096.38,25.12,Bangalore,South,Online,Debit Card,No,Enterprise,False
ORD-14057,2024-01-23,January,Q1,Cameras,Imaging,Canon,22000.0,30,15400.0,1,15400.0,13243.05,2156.95,14.01,Chennai,South,Retail Store,Credit Card,Yes,Small Business,False
ORD-14058,2024-10-12,October,Q4,Cameras,Imaging,Nikon,148400.0,20,118720.0,2,237440.0,171251.14,66188.86,27.88,Chennai,South,Distributor,Debit Card,No,Student,True
ORD-14059,2024-03-11,March,Q1,Tablets,Mobile,Lenovo,42300.0,10,38070.0,2,76140.0,53690.64,22449.36,29.48,Jaipur,North,Retail Store,UPI,No,Student,False
ORD-14060,2024-02-14,February,Q1,Smartphones,Mobile,Apple,33900.0,10,30510.0,2,61020.0,44032.54,16987.46,27.84,Jaipur,North,Online,Cash,No,Individual,False
ORD-14061,2024-12-27,December,Q4,Headphones,Audio,Apple,4400.0,5,4180.0,6,25080.0,17059.920000000002,8020.08,31.98,Pune,West,Online,Credit Card,No,Individual,True
ORD-14062,2024-03-17,March,Q1,Cameras,Imaging,Fujifilm,130400.0,30,91280.0,1,91280.0,81900.62,9379.38,10.28,Mumbai,West,Retail Store,Credit Card,No,Individual,False
ORD-14063,2024-10-17,October,Q4,Laptops,Computing,Dell,29500.0,0,29500.0,1,29500.0,18760.17,10739.83,36.41,Pune,West,Distributor,Debit Card,No,Enterprise,True
ORD-14064,2024-06-08,June,Q2,Smart TVs,Entertainment,Sony,25100.0,15,21335.0,3,64005.0,54744.39,9260.61,14.47,Hyderabad,South,Distributor,UPI,No,Student,False
ORD-14065,2024-06-01,June,Q2,Tablets,Mobile,Samsung,55600.0,10,50040.0,3,150120.0,97774.77,52345.23,34.87,Bangalore,South,Online,Debit Card,No,Student,False
ORD-14066,2024-12-17,December,Q4,Smart TVs,Entertainment,Sony,107300.0,5,101935.0,3,305805.0,187207.11000000002,118597.89,38.78,Kolkata,East,Corporate,Credit Card,No,Student,True
ORD-14067,2024-10-18,October,Q4,Laptops,Computing,Dell,96200.0,0,96200.0,5,481000.0,324886.45,156113.55,32.46,Kolkata,East,Distributor,UPI,No,Student,True
ORD-14068,2024-02-17,February,Q1,Smart TVs,Entertainment,Samsung,15200.0,5,14440.0,2,28880.0,18894.2,9985.8,34.58,Mumbai,West,Retail Store,UPI,Yes,Student,False
ORD-14069,2024-05-11,May,Q2,Smart TVs,Entertainment,Samsung,168900.0,25,126675.0,1,126675.0,103252.14,23422.86,18.49,Kolkata,East,Online,Cash,No,Enterprise,False
ORD-14070,2024-02-01,February,Q1,Smartwatches,Wearables,Samsung,13900.0,15,11815.0,1,11815.0,9512.91,2302.09,19.48,Hyderabad,South,Online,Net Banking,No,Enterprise,False
ORD-14071,2024-12-24,December,Q4,Gaming Consoles,Gaming,Microsoft,26700.0,30,18690.0,3,56070.0,59791.56,-3721.56,-6.64,Jaipur,North,Retail Store,Credit Card,No,Student,True
ORD-14072,2024-06-11,June,Q2,Gaming Consoles,Gaming,Nintendo,26600.0,10,23940.0,3,71820.0,55439.25,16380.75,22.81,Pune,West,Distributor,UPI,No,Small Business,False
ORD-14073,2024-04-26,April,Q2,Smartphones,Mobile,Samsung,36800.0,10,33120.0,2,66240.0,51204.02,15035.98,22.7,Mumbai,West,Corporate,UPI,Yes,Small Business,False
ORD-14074,2024-11-04,November,Q4,Air Purifiers,Home Tech,Sharp,29700.0,10,26730.0,1,26730.0,20156.6,6573.4,24.59,Hyderabad,South,Online,EMI,Yes,Enterprise,True
ORD-14075,2024-06-25,June,Q2,Air Purifiers,Home Tech,Sharp,38200.0,15,32470.0,1,32470.0,26306.26,6163.74,18.98,Hyderabad,South,Distributor,UPI,Yes,Student,False
ORD-14076,2024-08-20,August,Q3,Tablets,Mobile,Lenovo,41800.0,30,29260.0,1,29260.0,26278.36,2981.64,10.19,Hyderabad,South,Corporate,Credit Card,No,Small Business,False
ORD-14077,2024-12-04,December,Q4,Headphones,Audio,Sony,14300.0,0,14300.0,1,14300.0,9037.81,5262.19,36.8,Delhi,North,Online,Debit Card,No,Enterprise,True
ORD-14078,2024-05-29,May,Q2,Tablets,Mobile,Apple,38900.0,5,36955.0,1,36955.0,21908.7,15046.3,40.72,Hyderabad,South,Online,UPI,No,Enterprise,False
ORD-14079,2024-09-16,September,Q3,Smartwatches,Wearables,Boat,21900.0,30,15330.0,1,15330.0,12265.37,3064.63,19.99,Bangalore,South,Online,Debit Card,No,Enterprise,False
ORD-14080,2024-08-28,August,Q3,Gaming Consoles,Gaming,Nintendo,39900.0,10,35910.0,1,35910.0,28065.81,7844.19,21.84,Jaipur,North,Retail Store,UPI,No,Enterprise,False
ORD-14081,2024-07-12,July,Q3,Smartwatches,Wearables,Apple,29800.0,30,20860.0,1,20860.0,17718.81,3141.19,15.06,Chennai,South,Corporate,UPI,No,Student,False
ORD-14082,2024-12-20,December,Q4,Smartphones,Mobile,Vivo,63600.0,15,54060.0,2,108120.0,91668.44,16451.56,15.22,Chennai,South,Online,Debit Card,No,Enterprise,True
ORD-14083,2024-05-02,May,Q2,Smartwatches,Wearables,Noise,25000.0,30,17500.0,1,17500.0,17029.11,470.89,2.69,Hyderabad,South,Distributor,Debit Card,No,Small Business,False
ORD-14084,2024-12-19,December,Q4,Laptops,Computing,HP,74700.0,0,74700.0,5,373500.0,253021.95,120478.05,32.26,Delhi,North,Online,Credit Card,No,Individual,True
ORD-14085,2024-06-12,June,Q2,Headphones,Audio,JBL,19300.0,20,15440.0,1,15440.0,12565.15,2874.85,18.62,Chennai,South,Distributor,Debit Card,No,Student,False
ORD-14086,2024-01-30,January,Q1,Smartwatches,Wearables,Apple,20800.0,20,16640.0,3,49920.0,38950.409999999996,10969.59,21.97,Mumbai,West,Retail Store,Cash,No,Small Business,False
ORD-14087,2024-04-04,April,Q2,Air Purifiers,Home Tech,Sharp,11300.0,10,10170.0,2,20340.0,15656.36,4683.64,23.03,Chennai,South,Online,Credit Card,No,Student,False
ORD-14088,2024-11-06,November,Q4,Routers,Networking,TP-Link,4600.0,15,3910.0,3,11730.0,7700.67,4029.33,34.35,Jaipur,North,Retail Store,EMI,No,Small Business,True
ORD-14089,2024-08-13,August,Q3,Gaming Consoles,Gaming,Nintendo,37500.0,25,28125.0,1,28125.0,23091.09,5033.91,17.9,Chennai,South,Retail Store,Debit Card,No,Small Business,False
ORD-14090,2024-07-18,July,Q3,Gaming Consoles,Gaming,Sony,48400.0,10,43560.0,4,174240.0,120494.64,53745.36,30.85,Hyderabad,South,Online,Debit Card,No,Small Business,False
ORD-14091,2024-09-16,September,Q3,Smartwatches,Wearables,Noise,43800.0,20,35040.0,2,70080.0,50871.28,19208.72,27.41,Bangalore,South,Online,UPI,No,Individual,False
ORD-14092,2024-08-02,August,Q3,Smartwatches,Wearables,Apple,15200.0,25,11400.0,2,22800.0,20229.92,2570.08,11.27,Bangalore,South,Retail Store,UPI,No,Student,False
ORD-14093,2024-02-20,February,Q1,Smartwatches,Wearables,Garmin,33500.0,5,31825.0,1,31825.0,24864.94,6960.06,21.87,Delhi,North,Corporate,Credit Card,Yes,Small Business,False
ORD-14094,2024-02-06,February,Q1,Smart TVs,Entertainment,Samsung,166200.0,10,149580.0,2,299160.0,242435.52,56724.48,18.96,Delhi,North,Retail Store,Credit Card,No,Student,False
ORD-14095,2024-07-13,July,Q3,Smartwatches,Wearables,Apple,7700.0,30,5390.0,1,5390.0,4266.41,1123.59,20.85,Mumbai,West,Distributor,UPI,No,Enterprise,False
ORD-14096,2024-12-05,December,Q4,Gaming Consoles,Gaming,Nintendo,32500.0,30,22750.0,1,22750.0,23215.95,-465.95,-2.05,Ahmedabad,West,Online,UPI,No,Small Business,True
ORD-14097,2024-06-15,June,Q2,Smart TVs,Entertainment,Mi,181000.0,0,181000.0,1,181000.0,131210.05,49789.95,27.51,Kolkata,East,Online,Debit Card,No,Small Business,False
ORD-14098,2024-09-10,September,Q3,Cameras,Imaging,Nikon,32200.0,20,25760.0,3,77280.0,62165.28,15114.72,19.56,Lucknow,North,Corporate,Debit Card,No,Student,False
ORD-14099,2024-05-26,May,Q2,Cameras,Imaging,Nikon,33400.0,20,26720.0,4,106880.0,91551.4,15328.6,14.34,Ahmedabad,West,Online,UPI,No,Enterprise,False
ORD-14100,2024-03-24,March,Q1,Headphones,Audio,Boat,13700.0,5,13015.0,2,26030.0,19778.66,6251.34,24.02,Mumbai,West,Retail Store,Credit Card,No,Individual,False
ORD-14101,2024-06-07,June,Q2,Headphones,Audio,JBL,16500.0,10,14850.0,1,14850.0,11745.4,3104.6,20.91,Delhi,North,Retail Store,Debit Card,No,Enterprise,False
ORD-14102,2024-12-13,December,Q4,Gaming Consoles,Gaming,Nintendo,33500.0,25,25125.0,1,25125.0,20185.1,4939.9,19.66,Chennai,South,Retail Store,UPI,No,Small Business,True
ORD-14103,2024-09-09,September,Q3,Air Purifiers,Home Tech,Dyson,34500.0,15,29325.0,1,29325.0,24865.69,4459.31,15.21,Chennai,South,Retail Store,Credit Card,No,Student,False
ORD-14104,2024-01-31,January,Q1,Smartwatches,Wearables,Apple,40500.0,5,38475.0,2,76950.0,50213.12,26736.88,34.75,Delhi,North,Distributor,Cash,No,Student,False
ORD-14105,2024-08-19,August,Q3,Tablets,Mobile,Samsung,33800.0,20,27040.0,1,27040.0,19302.6,7737.4,28.61,Hyderabad,South,Distributor,Credit Card,No,Individual,False
ORD-14106,2024-11-13,November,Q4,Cameras,Imaging,Fujifilm,111400.0,25,83550.0,2,167100.0,139314.06,27785.94,16.63,Mumbai,West,Corporate,Debit Card,No,Enterprise,True
ORD-14107,2024-04-30,April,Q2,Headphones,Audio,Sony,19300.0,0,19300.0,1,19300.0,14425.75,4874.25,25.26,Kolkata,East,Retail Store,Credit Card,No,Enterprise,False
ORD-14108,2024-08-24,August,Q3,Smartwatches,Wearables,Noise,38200.0,30,26740.0,1,26740.0,26890.93,-150.93,-0.56,Kolkata,East,Online,Credit Card,No,Small Business,False
ORD-14109,2024-10-28,October,Q4,Air Purifiers,Home Tech,Sharp,39100.0,0,39100.0,6,234600.0,164901.0,69699.0,29.71,Pune,West,Online,Credit Card,No,Small Business,True
ORD-14110,2024-05-03,May,Q2,Smart TVs,Entertainment,Sony,128200.0,10,115380.0,1,115380.0,93360.38,22019.62,19.08,Kolkata,East,Distributor,UPI,No,Student,False
ORD-14111,2024-11-21,November,Q4,Smartphones,Mobile,Xiaomi,68300.0,30,47810.0,2,95620.0,85380.66,10239.34,10.71,Pune,West,Online,EMI,No,Individual,True
ORD-14112,2024-06-13,June,Q2,Smart TVs,Entertainment,Samsung,45500.0,20,36400.0,1,36400.0,25025.64,11374.36,31.25,Ahmedabad,West,Retail Store,UPI,No,Student,False
ORD-14113,2024-03-17,March,Q1,Gaming Consoles,Gaming,Sony,22200.0,20,17760.0,1,17760.0,15775.7,1984.3,11.17,Kolkata,East,Online,EMI,No,Individual,False
ORD-14114,2024-08-09,August,Q3,Cameras,Imaging,Canon,64400.0,0,64400.0,1,64400.0,38256.87,26143.13,40.59,Ahmedabad,West,Online,Debit Card,No,Individual,False
ORD-14115,2024-08-23,August,Q3,Gaming Consoles,Gaming,Nintendo,49900.0,15,42415.0,3,127245.0,95600.37,31644.63,24.87,Kolkata,East,Retail Store,UPI,No,Enterprise,False
ORD-14116,2024-07-30,July,Q3,Air Purifiers,Home Tech,Dyson,24900.0,20,19920.0,4,79680.0,62493.88,17186.12,21.57,Mumbai,West,Retail Store,UPI,No,Individual,False
ORD-14117,2024-03-17,March,Q1,Tablets,Mobile,Apple,10900.0,25,8175.0,4,32700.0,30528.36,2171.64,6.64,Jaipur,North,Retail Store,Debit Card,No,Small Business,False
ORD-14118,2024-05-11,May,Q2,Smart TVs,Entertainment,OnePlus,79400.0,15,67490.0,1,67490.0,59331.01,8158.99,12.09,Kolkata,East,Retail Store,Credit Card,No,Enterprise,False
ORD-14119,2024-09-14,September,Q3,Tablets,Mobile,Apple,10600.0,30,7420.0,2,14840.0,15666.96,-826.96,-5.57,Lucknow,North,Retail Store,UPI,No,Student,False
ORD-14120,2024-06-19,June,Q2,Gaming Consoles,Gaming,Microsoft,20600.0,30,14420.0,1,14420.0,15426.35,-1006.35,-6.98,Chennai,South,Online,EMI,No,Individual,False
ORD-14121,2024-02-03,February,Q1,Smartwatches,Wearables,Noise,20900.0,25,15675.0,1,15675.0,13676.47,1998.53,12.75,Delhi,North,Online,Credit Card,No,Small Business,False
ORD-14122,2024-05-30,May,Q2,Cameras,Imaging,Sony,141200.0,25,105900.0,2,211800.0,202190.3,9609.7,4.54,Delhi,North,Retail Store,Credit Card,No,Enterprise,False
ORD-14123,2024-01-29,January,Q1,Gaming Consoles,Gaming,Microsoft,43500.0,5,41325.0,3,123975.0,89103.06,34871.94,28.13,Chennai,South,Retail Store,Credit Card,No,Small Business,False
ORD-14124,2024-08-28,August,Q3,Routers,Networking,TP-Link,12100.0,0,12100.0,2,24200.0,17578.82,6621.18,27.36,Lucknow,North,Online,UPI,No,Small Business,False
ORD-14125,2024-07-14,July,Q3,Gaming Consoles,Gaming,Sony,20900.0,15,17765.0,1,17765.0,13978.51,3786.49,21.31,Hyderabad,South,Retail Store,Credit Card,No,Individual,False
ORD-14126,2024-06-26,June,Q2,Routers,Networking,TP-Link,5600.0,20,4480.0,2,8960.0,7863.72,1096.28,12.24,Lucknow,North,Online,UPI,No,Individual,False
ORD-14127,2024-12-26,December,Q4,Laptops,Computing,Apple,117900.0,5,112005.0,1,112005.0,75079.07,36925.93,32.97,Jaipur,North,Retail Store,UPI,No,Student,True
ORD-14128,2024-12-13,December,Q4,Smartphones,Mobile,Xiaomi,67500.0,20,54000.0,3,162000.0,114315.90000000001,47684.1,29.43,Hyderabad,South,Online,UPI,No,Student,True
ORD-14129,2024-07-18,July,Q3,Laptops,Computing,Dell,70300.0,15,59755.0,2,119510.0,96587.58,22922.42,19.18,Lucknow,North,Online,Net Banking,No,Student,False
ORD-14130,2024-01-26,January,Q1,Routers,Networking,TP-Link,5800.0,20,4640.0,1,4640.0,4053.08,586.92,12.65,Pune,West,Retail Store,UPI,No,Enterprise,False
ORD-14131,2024-11-15,November,Q4,Air Purifiers,Home Tech,Sharp,29900.0,20,23920.0,3,71760.0,66825.95999999999,4934.04,6.88,Pune,West,Retail Store,UPI,Yes,Individual,True
ORD-14132,2024-04-28,April,Q2,Smartphones,Mobile,Apple,14000.0,0,14000.0,3,42000.0,29369.879999999997,12630.12,30.07,Jaipur,North,Distributor,UPI,No,Student,False
ORD-14133,2024-04-01,April,Q2,Tablets,Mobile,Lenovo,40500.0,25,30375.0,2,60750.0,59614.44,1135.56,1.87,Kolkata,East,Online,Net Banking,No,Enterprise,False
ORD-14134,2024-09-16,September,Q3,Smart TVs,Entertainment,LG,199100.0,0,199100.0,3,597300.0,400081.53,197218.47,33.02,Mumbai,West,Online,UPI,No,Student,False
ORD-14135,2024-04-28,April,Q2,Smart TVs,Entertainment,Samsung,187500.0,30,131250.0,2,262500.0,216291.98,46208.02,17.6,Bangalore,South,Retail Store,EMI,No,Student,False
ORD-14136,2024-01-29,January,Q1,Routers,Networking,Asus,9100.0,30,6370.0,1,6370.0,6240.77,129.23,2.03,Kolkata,East,Retail Store,UPI,No,Enterprise,False
ORD-14137,2024-07-08,July,Q3,Headphones,Audio,Boat,17500.0,10,15750.0,3,47250.0,34526.19,12723.81,26.93,Bangalore,South,Online,Credit Card,No,Individual,False
ORD-14138,2024-06-09,June,Q2,Smartwatches,Wearables,Noise,19100.0,10,17190.0,1,17190.0,13479.55,3710.45,21.58,Pune,West,Distributor,UPI,No,Enterprise,False
ORD-14139,2024-07-07,July,Q3,Smart TVs,Entertainment,LG,182500.0,5,173375.0,2,346750.0,235100.32,111649.68,32.2,Mumbai,West,Retail Store,UPI,No,Individual,False
ORD-14140,2024-08-24,August,Q3,Smartwatches,Wearables,Samsung,37000.0,5,35150.0,2,70300.0,50785.14,19514.86,27.76,Chennai,South,Online,UPI,No,Individual,False
ORD-14141,2024-04-14,April,Q2,Gaming Consoles,Gaming,Microsoft,47900.0,15,40715.0,4,162860.0,135714.16,27145.84,16.67,Kolkata,East,Online,Credit Card,No,Student,False
ORD-14142,2024-04-11,April,Q2,Smart TVs,Entertainment,Samsung,18500.0,15,15725.0,1,15725.0,12799.99,2925.01,18.6,Pune,West,Distributor,Debit Card,No,Enterprise,False
ORD-14143,2024-09-22,September,Q3,Tablets,Mobile,Lenovo,12100.0,30,8470.0,1,8470.0,8297.55,172.45,2.04,Bangalore,South,Retail Store,UPI,No,Student,False
ORD-14144,2024-04-02,April,Q2,Gaming Consoles,Gaming,Sony,50400.0,25,37800.0,2,75600.0,64548.44,11051.56,14.62,Kolkata,East,Distributor,UPI,No,Student,False
ORD-14145,2024-04-21,April,Q2,Cameras,Imaging,Canon,82300.0,10,74070.0,3,222210.0,153179.73,69030.27,31.07,Bangalore,South,Distributor,UPI,No,Small Business,False
ORD-14146,2024-12-27,December,Q4,Laptops,Computing,Asus,119400.0,10,107460.0,1,107460.0,85948.65,21511.35,20.02,Delhi,North,Online,UPI,No,Student,True
ORD-14147,2024-01-13,January,Q1,Smart TVs,Entertainment,Samsung,156900.0,30,109830.0,1,109830.0,114678.3,-4848.3,-4.41,Hyderabad,South,Corporate,Credit Card,Yes,Student,False
ORD-14148,2024-12-23,December,Q4,Routers,Networking,D-Link,4000.0,15,3400.0,2,6800.0,4543.6,2256.4,33.18,Ahmedabad,West,Corporate,Debit Card,No,Individual,True
ORD-14149,2024-12-19,December,Q4,Smartwatches,Wearables,Samsung,23500.0,20,18800.0,1,18800.0,17319.64,1480.36,7.87,Jaipur,North,Retail Store,UPI,No,Small Business,True
ORD-14150,2024-12-01,December,Q4,Smart TVs,Entertainment,Mi,87200.0,30,61040.0,2,122080.0,107433.72,14646.28,12.0,Pune,West,Distributor,EMI,No,Student,True
ORD-14151,2024-05-18,May,Q2,Headphones,Audio,JBL,3300.0,25,2475.0,1,2475.0,2031.28,443.72,17.93,Kolkata,East,Online,UPI,No,Small Business,False
ORD-14152,2024-05-23,May,Q2,Cameras,Imaging,Sony,104100.0,30,72870.0,1,72870.0,77712.25,-4842.25,-6.65,Lucknow,North,Retail Store,Debit Card,No,Individual,False
ORD-14153,2024-08-17,August,Q3,Laptops,Computing,Apple,89400.0,15,75990.0,1,75990.0,49963.24,26026.76,34.25,Kolkata,East,Retail Store,EMI,No,Enterprise,False
ORD-14154,2024-06-23,June,Q2,Laptops,Computing,Dell,115400.0,25,86550.0,1,86550.0,83062.86,3487.14,4.03,Chennai,South,Retail Store,UPI,No,Student,False
ORD-14155,2024-03-15,March,Q1,Gaming Consoles,Gaming,Nintendo,55000.0,15,46750.0,1,46750.0,30411.81,16338.19,34.95,Bangalore,South,Retail Store,Credit Card,No,Individual,False
ORD-14156,2024-01-30,January,Q1,Smart TVs,Entertainment,OnePlus,135400.0,25,101550.0,2,203100.0,149615.2,53484.8,26.33,Kolkata,East,Retail Store,Debit Card,No,Student,False
ORD-14157,2024-03-31,March,Q1,Smartwatches,Wearables,Apple,31400.0,15,26690.0,2,53380.0,42245.58,11134.42,20.86,Delhi,North,Online,Credit Card,No,Individual,False
ORD-14158,2024-12-12,December,Q4,Routers,Networking,D-Link,11700.0,20,9360.0,3,28080.0,19786.5,8293.5,29.54,Mumbai,West,Retail Store,UPI,No,Small Business,True
ORD-14159,2024-12-26,December,Q4,Cameras,Imaging,Canon,42700.0,15,36295.0,3,108885.0,83555.49,25329.51,23.26,Jaipur,North,Retail Store,Net Banking,No,Enterprise,True
ORD-14160,2024-05-13,May,Q2,Headphones,Audio,Boat,20200.0,15,17170.0,1,17170.0,11652.7,5517.3,32.13,Delhi,North,Distributor,UPI,No,Student,False
ORD-14161,2024-09-10,September,Q3,Cameras,Imaging,Nikon,130700.0,30,91490.0,4,365960.0,387163.56,-21203.56,-5.79,Delhi,North,Retail Store,UPI,Yes,Individual,False
ORD-14162,2024-06-04,June,Q2,Smart TVs,Entertainment,Mi,180000.0,25,135000.0,3,405000.0,322994.61,82005.39,20.25,Lucknow,North,Corporate,Debit Card,No,Student,False
ORD-14163,2024-09-19,September,Q3,Headphones,Audio,Boat,3400.0,0,3400.0,1,3400.0,2248.17,1151.83,33.88,Mumbai,West,Online,Credit Card,No,Enterprise,False
ORD-14164,2024-08-24,August,Q3,Tablets,Mobile,Samsung,45700.0,25,34275.0,3,102825.0,99828.51,2996.49,2.91,Delhi,North,Online,Net Banking,No,Student,False
ORD-14165,2024-06-07,June,Q2,Cameras,Imaging,Canon,38800.0,5,36860.0,1,36860.0,26663.66,10196.34,27.66,Delhi,North,Online,Credit Card,No,Individual,False
ORD-14166,2024-06-06,June,Q2,Tablets,Mobile,Apple,53400.0,15,45390.0,1,45390.0,38512.25,6877.75,15.15,Jaipur,North,Retail Store,UPI,No,Enterprise,False
ORD-14167,2024-11-08,November,Q4,Tablets,Mobile,Samsung,30700.0,0,30700.0,3,92100.0,66441.6,25658.4,27.86,Delhi,North,Online,UPI,No,Student,True
ORD-14168,2024-02-15,February,Q1,Routers,Networking,TP-Link,1100.0,10,990.0,3,2970.0,1963.6499999999999,1006.35,33.88,Mumbai,West,Online,EMI,No,Small Business,False
ORD-14169,2024-06-14,June,Q2,Laptops,Computing,HP,62700.0,25,47025.0,1,47025.0,36615.51,10409.49,22.14,Chennai,South,Retail Store,UPI,No,Student,False
ORD-14170,2024-01-17,January,Q1,Tablets,Mobile,Samsung,52500.0,25,39375.0,1,39375.0,38192.07,1182.93,3.0,Delhi,North,Distributor,Credit Card,No,Enterprise,False
ORD-14171,2024-07-17,July,Q3,Gaming Consoles,Gaming,Microsoft,22900.0,25,17175.0,4,68700.0,54707.56,13992.44,20.37,Kolkata,East,Online,Credit Card,No,Student,False
ORD-14172,2024-03-21,March,Q1,Smartphones,Mobile,OnePlus,34200.0,25,25650.0,1,25650.0,23686.95,1963.05,7.65,Jaipur,North,Online,Debit Card,No,Enterprise,False
ORD-14173,2024-04-27,April,Q2,Smart TVs,Entertainment,LG,82000.0,0,82000.0,4,328000.0,243029.52,84970.48,25.91,Bangalore,South,Retail Store,Credit Card,No,Enterprise,False
ORD-14174,2024-10-22,October,Q4,Headphones,Audio,Sennheiser,23500.0,15,19975.0,2,39950.0,28145.98,11804.02,29.55,Pune,West,Retail Store,EMI,Yes,Individual,True
ORD-14175,2024-04-15,April,Q2,Smart TVs,Entertainment,LG,20400.0,15,17340.0,2,34680.0,26055.94,8624.06,24.87,Mumbai,West,Distributor,Cash,No,Small Business,False
ORD-14176,2024-05-30,May,Q2,Smartphones,Mobile,Xiaomi,30300.0,25,22725.0,2,45450.0,43540.82,1909.18,4.2,Pune,West,Retail Store,Debit Card,No,Small Business,False
ORD-14177,2024-05-01,May,Q2,Gaming Consoles,Gaming,Sony,27800.0,15,23630.0,1,23630.0,16542.6,7087.4,29.99,Jaipur,North,Corporate,Credit Card,No,Small Business,False
ORD-14178,2024-11-05,November,Q4,Laptops,Computing,Apple,55400.0,20,44320.0,2,88640.0,61370.64,27269.36,30.76,Mumbai,West,Online,Debit Card,No,Small Business,True
ORD-14179,2024-12-15,December,Q4,Cameras,Imaging,Fujifilm,59200.0,0,59200.0,1,59200.0,41006.28,18193.72,30.73,Kolkata,East,Retail Store,Debit Card,No,Enterprise,True
ORD-14180,2024-01-03,January,Q1,Smartphones,Mobile,Apple,49600.0,30,34720.0,3,104160.0,100681.79999999999,3478.2,3.34,Pune,West,Distributor,Credit Card,No,Enterprise,False
ORD-14181,2024-07-17,July,Q3,Headphones,Audio,Boat,1900.0,20,1520.0,2,3040.0,2170.22,869.78,28.61,Lucknow,North,Online,UPI,No,Student,False
ORD-14182,2024-06-27,June,Q2,Laptops,Computing,Apple,74600.0,20,59680.0,1,59680.0,41133.93,18546.07,31.08,Mumbai,West,Distributor,UPI,No,Enterprise,False
ORD-14183,2024-01-17,January,Q1,Air Purifiers,Home Tech,Xiaomi,9200.0,25,6900.0,1,6900.0,6124.2,775.8,11.24,Bangalore,South,Online,Cash,No,Enterprise,False
ORD-14184,2024-01-11,January,Q1,Headphones,Audio,Sennheiser,2800.0,15,2380.0,1,2380.0,1902.6,477.4,20.06,Bangalore,South,Retail Store,Cash,No,Enterprise,False
ORD-14185,2024-04-10,April,Q2,Gaming Consoles,Gaming,Nintendo,35100.0,15,29835.0,1,29835.0,23081.28,6753.72,22.64,Jaipur,North,Distributor,Debit Card,No,Small Business,False
ORD-14186,2024-01-06,January,Q1,Tablets,Mobile,Samsung,22900.0,20,18320.0,3,54960.0,51237.54,3722.46,6.77,Delhi,North,Distributor,EMI,No,Enterprise,False
ORD-14187,2024-04-26,April,Q2,Headphones,Audio,Sennheiser,9700.0,10,8730.0,1,8730.0,5506.47,3223.53,36.92,Hyderabad,South,Distributor,Debit Card,No,Student,False
ORD-14188,2024-02-28,February,Q1,Gaming Consoles,Gaming,Microsoft,52800.0,10,47520.0,4,190080.0,125363.36,64716.64,34.05,Hyderabad,South,Online,Credit Card,No,Individual,False
ORD-14189,2024-01-26,January,Q1,Tablets,Mobile,Samsung,59000.0,25,44250.0,2,88500.0,78652.58,9847.42,11.13,Hyderabad,South,Retail Store,Net Banking,No,Enterprise,False
ORD-14190,2024-03-10,March,Q1,Air Purifiers,Home Tech,Philips,25800.0,5,24510.0,1,24510.0,16320.21,8189.79,33.41,Delhi,North,Online,EMI,No,Small Business,False
ORD-14191,2024-05-13,May,Q2,Smartwatches,Wearables,Apple,29600.0,0,29600.0,1,29600.0,17843.57,11756.43,39.72,Kolkata,East,Retail Store,Credit Card,No,Small Business,False
ORD-14192,2024-08-02,August,Q3,Smartphones,Mobile,Xiaomi,29300.0,15,24905.0,3,74715.0,49386.600000000006,25328.4,33.9,Kolkata,East,Online,UPI,No,Enterprise,False
ORD-14193,2024-04-13,April,Q2,Laptops,Computing,HP,49200.0,0,49200.0,2,98400.0,62978.1,35421.9,36.0,Bangalore,South,Corporate,Credit Card,No,Enterprise,False
ORD-14194,2024-06-02,June,Q2,Laptops,Computing,Asus,60100.0,25,45075.0,1,45075.0,33434.59,11640.41,25.82,Kolkata,East,Online,Net Banking,No,Enterprise,False
ORD-14195,2024-10-08,October,Q4,Headphones,Audio,Apple,4500.0,0,4500.0,3,13500.0,8628.150000000001,4871.85,36.09,Lucknow,North,Online,EMI,No,Student,True
ORD-14196,2024-11-12,November,Q4,Laptops,Computing,Dell,97300.0,30,68110.0,1,68110.0,70820.65,-2710.65,-3.98,Jaipur,North,Online,Debit Card,No,Enterprise,True
ORD-14197,2024-08-10,August,Q3,Laptops,Computing,HP,102200.0,30,71540.0,1,71540.0,73394.68,-1854.68,-2.59,Kolkata,East,Online,UPI,No,Student,False
ORD-14198,2024-07-11,July,Q3,Headphones,Audio,Sennheiser,14100.0,10,12690.0,6,76140.0,53000.46,23139.54,30.39,Pune,West,Distributor,Debit Card,Yes,Individual,False
ORD-14199,2024-12-14,December,Q4,Laptops,Computing,Lenovo,48500.0,30,33950.0,1,33950.0,36035.01,-2085.01,-6.14,Lucknow,North,Retail Store,Credit Card,No,Small Business,True
ORD-14200,2024-09-20,September,Q3,Cameras,Imaging,Canon,9200.0,20,7360.0,4,29440.0,22774.44,6665.56,22.64,Pune,West,Distributor,UPI,No,Small Business,False
ORD-14201,2024-06-14,June,Q2,Smartwatches,Wearables,Samsung,2000.0,5,1900.0,2,3800.0,2951.06,848.94,22.34,Jaipur,North,Distributor,Credit Card,No,Individual,False
ORD-14202,2024-10-15,October,Q4,Routers,Networking,TP-Link,11900.0,5,11305.0,3,33915.0,23419.800000000003,10495.2,30.95,Chennai,South,Distributor,EMI,No,Enterprise,True
ORD-14203,2024-04-09,April,Q2,Smartphones,Mobile,Xiaomi,43200.0,0,43200.0,3,129600.0,90304.04999999999,39295.95,30.32,Jaipur,North,Online,UPI,No,Enterprise,False
ORD-14204,2024-01-10,January,Q1,Laptops,Computing,Asus,85500.0,15,72675.0,3,218025.0,181691.66999999998,36333.33,16.66,Lucknow,North,Online,Debit Card,No,Individual,False
ORD-14205,2024-01-09,January,Q1,Smartwatches,Wearables,Apple,38200.0,0,38200.0,1,38200.0,25430.81,12769.19,33.43,Mumbai,West,Retail Store,Net Banking,No,Enterprise,False
ORD-14206,2024-06-27,June,Q2,Headphones,Audio,Sony,21300.0,20,17040.0,1,17040.0,15735.16,1304.84,7.66,Delhi,North,Distributor,UPI,No,Student,False
ORD-14207,2024-08-29,August,Q3,Smart TVs,Entertainment,Mi,134100.0,5,127395.0,1,127395.0,76878.09,50516.91,39.65,Pune,West,Retail Store,Credit Card,No,Enterprise,False
ORD-14208,2024-11-02,November,Q4,Air Purifiers,Home Tech,Philips,24700.0,5,23465.0,1,23465.0,17225.1,6239.9,26.59,Chennai,South,Online,Credit Card,No,Enterprise,True
ORD-14209,2024-04-26,April,Q2,Air Purifiers,Home Tech,Dyson,11700.0,30,8190.0,1,8190.0,7920.2,269.8,3.29,Delhi,North,Retail Store,Net Banking,No,Student,False
ORD-14210,2024-06-13,June,Q2,Laptops,Computing,Lenovo,31000.0,5,29450.0,1,29450.0,18960.79,10489.21,35.62,Mumbai,West,Distributor,Credit Card,No,Small Business,False
ORD-14211,2024-03-17,March,Q1,Gaming Consoles,Gaming,Nintendo,35500.0,30,24850.0,3,74550.0,73382.13,1167.87,1.57,Delhi,North,Retail Store,Debit Card,No,Enterprise,False
ORD-14212,2024-11-17,November,Q4,Laptops,Computing,Apple,34800.0,30,24360.0,1,24360.0,19191.74,5168.26,21.22,Hyderabad,South,Online,UPI,No,Student,True
ORD-14213,2024-05-08,May,Q2,Smart TVs,Entertainment,OnePlus,61100.0,0,61100.0,1,61100.0,34428.41,26671.59,43.65,Delhi,North,Retail Store,UPI,No,Small Business,False
ORD-14214,2024-06-25,June,Q2,Air Purifiers,Home Tech,Dyson,33200.0,25,24900.0,1,24900.0,21988.61,2911.39,11.69,Kolkata,East,Online,UPI,Yes,Student,False
ORD-14215,2024-07-14,July,Q3,Tablets,Mobile,Samsung,32300.0,10,29070.0,1,29070.0,20744.76,8325.24,28.64,Ahmedabad,West,Distributor,EMI,No,Enterprise,False
ORD-14216,2024-03-02,March,Q1,Headphones,Audio,JBL,23300.0,30,16310.0,4,65240.0,68676.64,-3436.64,-5.27,Hyderabad,South,Retail Store,Cash,No,Individual,False
ORD-14217,2024-07-21,July,Q3,Routers,Networking,Asus,9300.0,15,7905.0,1,7905.0,5863.51,2041.49,25.83,Ahmedabad,West,Retail Store,UPI,No,Enterprise,False
ORD-14218,2024-04-24,April,Q2,Routers,Networking,Netgear,1600.0,10,1440.0,2,2880.0,2110.08,769.92,26.73,Pune,West,Retail Store,Debit Card,No,Student,False
ORD-14219,2024-07-10,July,Q3,Cameras,Imaging,Canon,81700.0,0,81700.0,4,326800.0,237912.84,88887.16,27.2,Hyderabad,South,Distributor,Credit Card,No,Small Business,False
ORD-14220,2024-05-24,May,Q2,Headphones,Audio,Sennheiser,20300.0,5,19285.0,1,19285.0,13421.33,5863.67,30.41,Bangalore,South,Retail Store,Credit Card,No,Student,False
ORD-14221,2024-01-18,January,Q1,Routers,Networking,D-Link,4000.0,30,2800.0,4,11200.0,10188.56,1011.44,9.03,Chennai,South,Online,Debit Card,No,Individual,False
ORD-14222,2024-04-07,April,Q2,Air Purifiers,Home Tech,Philips,31700.0,20,25360.0,1,25360.0,22114.78,3245.22,12.8,Jaipur,North,Retail Store,UPI,No,Small Business,False
ORD-14223,2024-01-02,January,Q1,Routers,Networking,Netgear,4900.0,0,4900.0,2,9800.0,6672.88,3127.12,31.91,Kolkata,East,Online,Credit Card,No,Student,False
ORD-14224,2024-04-11,April,Q2,Routers,Networking,D-Link,8800.0,0,8800.0,1,8800.0,5198.1,3601.9,40.93,Chennai,South,Corporate,Credit Card,No,Small Business,False
ORD-14225,2024-11-21,November,Q4,Air Purifiers,Home Tech,Dyson,24500.0,10,22050.0,2,44100.0,30334.48,13765.52,31.21,Chennai,South,Retail Store,UPI,No,Small Business,True
ORD-14226,2024-01-18,January,Q1,Tablets,Mobile,Samsung,20000.0,15,17000.0,2,34000.0,22507.68,11492.32,33.8,Mumbai,West,Retail Store,UPI,No,Student,False
ORD-14227,2024-09-23,September,Q3,Air Purifiers,Home Tech,Sharp,5500.0,20,4400.0,4,17600.0,14269.72,3330.28,18.92,Lucknow,North,Corporate,Credit Card,No,Enterprise,False
ORD-14228,2024-09-28,September,Q3,Routers,Networking,TP-Link,1100.0,25,825.0,1,825.0,611.66,213.34,25.86,Lucknow,North,Online,Credit Card,No,Small Business,False
ORD-14229,2024-08-15,August,Q3,Gaming Consoles,Gaming,Nintendo,27700.0,25,20775.0,5,103875.0,91134.3,12740.7,12.27,Lucknow,North,Online,EMI,No,Small Business,False
ORD-14230,2024-04-04,April,Q2,Air Purifiers,Home Tech,Dyson,14600.0,20,11680.0,1,11680.0,9047.25,2632.75,22.54,Lucknow,North,Online,EMI,No,Small Business,False
ORD-14231,2024-05-04,May,Q2,Tablets,Mobile,Samsung,31900.0,25,23925.0,1,23925.0,19462.27,4462.73,18.65,Jaipur,North,Retail Store,EMI,No,Student,False
ORD-14232,2024-12-10,December,Q4,Tablets,Mobile,Apple,59700.0,30,41790.0,3,125370.0,123400.62,1969.38,1.57,Ahmedabad,West,Retail Store,UPI,No,Student,True
ORD-14233,2024-09-08,September,Q3,Smartphones,Mobile,Samsung,27900.0,0,27900.0,1,27900.0,20081.09,7818.91,28.02,Jaipur,North,Distributor,UPI,No,Individual,False
ORD-14234,2024-03-22,March,Q1,Smartphones,Mobile,Vivo,22500.0,15,19125.0,3,57375.0,38855.159999999996,18519.84,32.28,Jaipur,North,Retail Store,Credit Card,No,Small Business,False
ORD-14235,2024-08-17,August,Q3,Routers,Networking,D-Link,10800.0,15,9180.0,4,36720.0,31766.4,4953.6,13.49,Bangalore,South,Distributor,Credit Card,No,Student,False
ORD-14236,2024-04-06,April,Q2,Gaming Consoles,Gaming,Nintendo,44000.0,25,33000.0,1,33000.0,24783.15,8216.85,24.9,Chennai,South,Retail Store,Debit Card,No,Student,False
ORD-14237,2024-07-03,July,Q3,Air Purifiers,Home Tech,Xiaomi,7600.0,15,6460.0,1,6460.0,5082.37,1377.63,21.33,Hyderabad,South,Retail Store,Net Banking,No,Small Business,False
ORD-14238,2024-12-11,December,Q4,Smart TVs,Entertainment,OnePlus,152100.0,30,106470.0,2,212940.0,189913.86,23026.14,10.81,Delhi,North,Corporate,Credit Card,No,Enterprise,True
ORD-14239,2024-09-03,September,Q3,Air Purifiers,Home Tech,Sharp,30000.0,20,24000.0,1,24000.0,18673.15,5326.85,22.2,Bangalore,South,Retail Store,UPI,No,Small Business,False
ORD-14240,2024-07-30,July,Q3,Laptops,Computing,Apple,117400.0,30,82180.0,4,328720.0,306466.56,22253.44,6.77,Chennai,South,Retail Store,Credit Card,No,Small Business,False
ORD-14241,2024-04-07,April,Q2,Gaming Consoles,Gaming,Microsoft,21300.0,5,20235.0,1,20235.0,12859.55,7375.45,36.45,Pune,West,Online,Credit Card,No,Student,False
ORD-14242,2024-11-23,November,Q4,Smartphones,Mobile,Apple,16700.0,15,14195.0,5,70975.0,59485.600000000006,11489.4,16.19,Bangalore,South,Retail Store,EMI,No,Individual,True
ORD-14243,2024-07-22,July,Q3,Laptops,Computing,Dell,116400.0,15,98940.0,1,98940.0,80799.49,18140.51,18.33,Chennai,South,Distributor,Debit Card,No,Individual,False
ORD-14244,2024-06-04,June,Q2,Smart TVs,Entertainment,OnePlus,62300.0,25,46725.0,1,46725.0,36218.28,10506.72,22.49,Lucknow,North,Distributor,Credit Card,No,Student,False
ORD-14245,2024-06-12,June,Q2,Smartwatches,Wearables,Apple,2200.0,15,1870.0,1,1870.0,1551.75,318.25,17.02,Delhi,North,Retail Store,Debit Card,No,Individual,False
ORD-14246,2024-09-10,September,Q3,Routers,Networking,Netgear,9700.0,5,9215.0,4,36860.0,26604.52,10255.48,27.82,Chennai,South,Online,Credit Card,No,Student,False
ORD-14247,2024-07-06,July,Q3,Gaming Consoles,Gaming,Microsoft,26400.0,0,26400.0,4,105600.0,59473.04,46126.96,43.68,Kolkata,East,Online,Credit Card,No,Enterprise,False
ORD-14248,2024-09-23,September,Q3,Cameras,Imaging,Nikon,98100.0,20,78480.0,1,78480.0,55352.76,23127.24,29.47,Mumbai,West,Retail Store,Debit Card,No,Individual,False
ORD-14249,2024-06-23,June,Q2,Cameras,Imaging,Canon,131700.0,10,118530.0,2,237060.0,197061.78,39998.22,16.87,Ahmedabad,West,Online,Debit Card,No,Enterprise,False
ORD-14250,2024-02-29,February,Q1,Smartphones,Mobile,Vivo,37100.0,30,25970.0,1,25970.0,20617.82,5352.18,20.61,Kolkata,East,Corporate,EMI,No,Individual,False
ORD-14251,2024-12-03,December,Q4,Smartwatches,Wearables,Samsung,44300.0,15,37655.0,1,37655.0,27718.21,9936.79,26.39,Mumbai,West,Distributor,UPI,No,Enterprise,True
ORD-14252,2024-07-11,July,Q3,Gaming Consoles,Gaming,Microsoft,44600.0,0,44600.0,1,44600.0,29081.57,15518.43,34.79,Hyderabad,South,Online,EMI,No,Student,False
ORD-14253,2024-11-13,November,Q4,Air Purifiers,Home Tech,Xiaomi,21000.0,30,14700.0,2,29400.0,29753.52,-353.52,-1.2,Hyderabad,South,Online,UPI,No,Enterprise,True
ORD-14254,2024-04-02,April,Q2,Cameras,Imaging,Canon,60900.0,5,57855.0,3,173565.0,132314.01,41250.99,23.77,Jaipur,North,Online,Debit Card,No,Student,False
ORD-14255,2024-10-28,October,Q4,Cameras,Imaging,Fujifilm,111100.0,20,88880.0,3,266640.0,230257.26,36382.74,13.64,Delhi,North,Retail Store,EMI,No,Individual,True
ORD-14256,2024-05-27,May,Q2,Laptops,Computing,Lenovo,85700.0,5,81415.0,1,81415.0,54317.28,27097.72,33.28,Chennai,South,Corporate,Credit Card,No,Individual,False
ORD-14257,2024-03-11,March,Q1,Cameras,Imaging,Canon,136900.0,5,130055.0,1,130055.0,99021.93,31033.07,23.86,Lucknow,North,Online,UPI,No,Small Business,False
ORD-14258,2024-01-12,January,Q1,Gaming Consoles,Gaming,Nintendo,44100.0,10,39690.0,1,39690.0,26155.26,13534.74,34.1,Delhi,North,Retail Store,UPI,No,Enterprise,False
ORD-14259,2024-06-18,June,Q2,Air Purifiers,Home Tech,Dyson,37200.0,15,31620.0,1,31620.0,21840.41,9779.59,30.93,Kolkata,East,Online,EMI,No,Student,False
ORD-14260,2024-03-08,March,Q1,Smart TVs,Entertainment,Sony,85600.0,5,81320.0,2,162640.0,126384.98,36255.02,22.29,Pune,West,Retail Store,Credit Card,No,Individual,False
ORD-14261,2024-11-27,November,Q4,Smartwatches,Wearables,Apple,43500.0,0,43500.0,3,130500.0,79208.76,51291.24,39.3,Chennai,South,Online,Credit Card,Yes,Student,True
ORD-14262,2024-11-06,November,Q4,Smartwatches,Wearables,Boat,30100.0,25,22575.0,2,45150.0,35538.8,9611.2,21.29,Bangalore,South,Retail Store,UPI,No,Student,True
ORD-14263,2024-09-02,September,Q3,Smart TVs,Entertainment,OnePlus,29700.0,15,25245.0,3,75735.0,57409.86,18325.14,24.2,Pune,West,Distributor,Debit Card,No,Small Business,False
ORD-14264,2024-01-16,January,Q1,Gaming Consoles,Gaming,Microsoft,31700.0,25,23775.0,3,71325.0,52759.799999999996,18565.2,26.03,Bangalore,South,Retail Store,Debit Card,No,Enterprise,False
ORD-14265,2024-04-14,April,Q2,Routers,Networking,Netgear,6300.0,20,5040.0,4,20160.0,16112.24,4047.76,20.08,Lucknow,North,Online,UPI,No,Student,False
ORD-14266,2024-09-06,September,Q3,Headphones,Audio,Apple,13300.0,30,9310.0,2,18620.0,17323.02,1296.98,6.97,Lucknow,North,Online,EMI,No,Student,False
ORD-14267,2024-09-22,September,Q3,Cameras,Imaging,Nikon,88200.0,0,88200.0,1,88200.0,65918.95,22281.05,25.26,Hyderabad,South,Online,Debit Card,No,Individual,False
ORD-14268,2024-11-15,November,Q4,Headphones,Audio,Apple,1800.0,10,1620.0,2,3240.0,2548.76,691.24,21.33,Hyderabad,South,Retail Store,UPI,No,Small Business,True
ORD-14269,2024-07-04,July,Q3,Headphones,Audio,JBL,8900.0,5,8455.0,2,16910.0,11500.3,5409.7,31.99,Kolkata,East,Online,Debit Card,No,Small Business,False
ORD-14270,2024-10-08,October,Q4,Air Purifiers,Home Tech,Xiaomi,36700.0,15,31195.0,2,62390.0,45032.46,17357.54,27.82,Delhi,North,Distributor,UPI,No,Enterprise,True
ORD-14271,2024-07-14,July,Q3,Smartphones,Mobile,Apple,40300.0,5,38285.0,1,38285.0,30076.55,8208.45,21.44,Mumbai,West,Online,Credit Card,Yes,Individual,False
ORD-14272,2024-12-12,December,Q4,Smartphones,Mobile,Vivo,55000.0,10,49500.0,1,49500.0,36134.35,13365.65,27.0,Ahmedabad,West,Retail Store,EMI,No,Individual,True
ORD-14273,2024-02-24,February,Q1,Smart TVs,Entertainment,Mi,136000.0,20,108800.0,1,108800.0,80661.4,28138.6,25.86,Lucknow,North,Retail Store,Net Banking,No,Student,False
ORD-14274,2024-11-09,November,Q4,Air Purifiers,Home Tech,Xiaomi,32100.0,30,22470.0,1,22470.0,20187.14,2282.86,10.16,Chennai,South,Online,Net Banking,No,Individual,True
ORD-14275,2024-09-22,September,Q3,Cameras,Imaging,Nikon,65700.0,25,49275.0,2,98550.0,83823.78,14726.22,14.94,Jaipur,North,Retail Store,Credit Card,No,Small Business,False
ORD-14276,2024-10-14,October,Q4,Cameras,Imaging,Nikon,120300.0,0,120300.0,1,120300.0,71982.47,48317.53,40.16,Chennai,South,Online,EMI,No,Student,True
ORD-14277,2024-06-04,June,Q2,Smartphones,Mobile,Vivo,26200.0,15,22270.0,6,133620.0,97975.44,35644.56,26.68,Hyderabad,South,Retail Store,Credit Card,No,Small Business,False
ORD-14278,2024-07-20,July,Q3,Headphones,Audio,JBL,24100.0,30,16870.0,1,16870.0,14452.5,2417.5,14.33,Hyderabad,South,Corporate,Debit Card,No,Small Business,False
ORD-14279,2024-02-25,February,Q1,Air Purifiers,Home Tech,Sharp,11000.0,20,8800.0,1,8800.0,7484.73,1315.27,14.95,Delhi,North,Retail Store,EMI,No,Enterprise,False
ORD-14280,2024-09-16,September,Q3,Tablets,Mobile,Samsung,55900.0,30,39130.0,1,39130.0,38281.55,848.45,2.17,Bangalore,South,Distributor,Credit Card,No,Enterprise,False
ORD-14281,2024-01-14,January,Q1,Headphones,Audio,JBL,10300.0,15,8755.0,2,17510.0,13880.24,3629.76,20.73,Lucknow,North,Online,Cash,No,Small Business,False
ORD-14282,2024-04-06,April,Q2,Laptops,Computing,Lenovo,37600.0,10,33840.0,4,135360.0,83158.6,52201.4,38.56,Hyderabad,South,Distributor,UPI,No,Student,False
ORD-14283,2024-06-16,June,Q2,Routers,Networking,Asus,10700.0,5,10165.0,1,10165.0,6874.04,3290.96,32.38,Jaipur,North,Retail Store,EMI,No,Small Business,False
ORD-14284,2024-09-02,September,Q3,Air Purifiers,Home Tech,Philips,33200.0,5,31540.0,1,31540.0,19847.11,11692.89,37.07,Pune,West,Retail Store,EMI,No,Small Business,False
ORD-14285,2024-01-11,January,Q1,Laptops,Computing,Apple,50400.0,30,35280.0,1,35280.0,30950.46,4329.54,12.27,Kolkata,East,Corporate,UPI,No,Small Business,False
ORD-14286,2024-10-21,October,Q4,Smartwatches,Wearables,Apple,33300.0,10,29970.0,1,29970.0,18750.09,11219.91,37.44,Chennai,South,Online,Credit Card,No,Student,True
ORD-14287,2024-05-05,May,Q2,Tablets,Mobile,Huawei,28400.0,5,26980.0,1,26980.0,16823.88,10156.12,37.64,Kolkata,East,Online,EMI,No,Student,False
ORD-14288,2024-02-02,February,Q1,Tablets,Mobile,Samsung,21000.0,30,14700.0,4,58800.0,55299.6,3500.4,5.95,Kolkata,East,Retail Store,UPI,No,Individual,False
ORD-14289,2024-02-08,February,Q1,Gaming Consoles,Gaming,Nintendo,41600.0,25,31200.0,1,31200.0,31080.74,119.26,0.38,Lucknow,North,Online,Credit Card,No,Enterprise,False
ORD-14290,2024-04-18,April,Q2,Smartwatches,Wearables,Garmin,37400.0,10,33660.0,3,100980.0,75838.02,25141.98,24.9,Kolkata,East,Online,Net Banking,No,Student,False
ORD-14291,2024-11-27,November,Q4,Smartphones,Mobile,Xiaomi,57900.0,20,46320.0,3,138960.0,98475.99,40484.01,29.13,Chennai,South,Distributor,Net Banking,No,Student,True
ORD-14292,2024-06-19,June,Q2,Laptops,Computing,HP,95200.0,10,85680.0,2,171360.0,134217.48,37142.52,21.68,Ahmedabad,West,Retail Store,Debit Card,No,Enterprise,False
ORD-14293,2024-01-10,January,Q1,Smartwatches,Wearables,Boat,40000.0,5,38000.0,2,76000.0,54718.02,21281.98,28.0,Mumbai,West,Distributor,Debit Card,No,Enterprise,False
ORD-14294,2024-08-01,August,Q3,Smartwatches,Wearables,Apple,7200.0,15,6120.0,2,12240.0,9696.44,2543.56,20.78,Kolkata,East,Online,Debit Card,No,Enterprise,False
ORD-14295,2024-10-30,October,Q4,Air Purifiers,Home Tech,Philips,27400.0,5,26030.0,3,78090.0,50605.53,27484.47,35.2,Mumbai,West,Online,Credit Card,No,Enterprise,True
ORD-14296,2024-04-26,April,Q2,Gaming Consoles,Gaming,Microsoft,29500.0,30,20650.0,2,41300.0,41399.7,-99.7,-0.24,Jaipur,North,Online,Credit Card,No,Individual,False
ORD-14297,2024-10-26,October,Q4,Tablets,Mobile,Apple,15400.0,10,13860.0,1,13860.0,11346.99,2513.01,18.13,Mumbai,West,Corporate,Debit Card,No,Enterprise,True
ORD-14298,2024-12-16,December,Q4,Smart TVs,Entertainment,Mi,20000.0,0,20000.0,3,60000.0,35878.74,24121.26,40.2,Hyderabad,South,Retail Store,EMI,No,Small Business,True
ORD-14299,2024-11-14,November,Q4,Tablets,Mobile,Huawei,17100.0,10,15390.0,2,30780.0,23470.48,7309.52,23.75,Pune,West,Retail Store,Cash,No,Student,True
ORD-14300,2024-03-16,March,Q1,Routers,Networking,Asus,9500.0,10,8550.0,4,34200.0,23822.68,10377.32,30.34,Pune,West,Retail Store,Credit Card,No,Small Business,False
ORD-14301,2024-10-31,October,Q4,Smart TVs,Entertainment,Mi,122400.0,10,110160.0,2,220320.0,144800.22,75519.78,34.28,Mumbai,West,Retail Store,Credit Card,Yes,Enterprise,True
ORD-14302,2024-08-15,August,Q3,Routers,Networking,D-Link,8400.0,5,7980.0,1,7980.0,5939.16,2040.84,25.57,Jaipur,North,Corporate,UPI,No,Enterprise,False
ORD-14303,2024-09-03,September,Q3,Tablets,Mobile,Apple,40200.0,20,32160.0,3,96480.0,71119.68000000001,25360.32,26.29,Delhi,North,Retail Store,Debit Card,No,Enterprise,False
ORD-14304,2024-07-25,July,Q3,Smartphones,Mobile,Xiaomi,62300.0,10,56070.0,2,112140.0,90188.14,21951.86,19.58,Bangalore,South,Retail Store,Debit Card,No,Student,False
ORD-14305,2024-01-02,January,Q1,Smart TVs,Entertainment,LG,97800.0,20,78240.0,2,156480.0,139158.96,17321.04,11.07,Jaipur,North,Retail Store,Credit Card,No,Individual,False
ORD-14306,2024-10-23,October,Q4,Routers,Networking,TP-Link,10300.0,0,10300.0,1,10300.0,6665.41,3634.59,35.29,Bangalore,South,Online,Credit Card,No,Individual,True
ORD-14307,2024-08-24,August,Q3,Headphones,Audio,Boat,14700.0,25,11025.0,1,11025.0,9257.77,1767.23,16.03,Hyderabad,South,Corporate,UPI,Yes,Small Business,False
ORD-14308,2024-11-10,November,Q4,Tablets,Mobile,Samsung,17500.0,25,13125.0,5,65625.0,62027.45,3597.55,5.48,Hyderabad,South,Online,Credit Card,No,Student,True
ORD-14309,2024-02-11,February,Q1,Routers,Networking,TP-Link,2700.0,5,2565.0,1,2565.0,1516.28,1048.72,40.89,Chennai,South,Distributor,Credit Card,No,Individual,False
ORD-14310,2024-07-21,July,Q3,Gaming Consoles,Gaming,Nintendo,28800.0,5,27360.0,2,54720.0,41969.74,12750.26,23.3,Delhi,North,Corporate,EMI,No,Student,False
ORD-14311,2024-05-20,May,Q2,Air Purifiers,Home Tech,Dyson,39700.0,15,33745.0,1,33745.0,27348.37,6396.63,18.96,Chennai,South,Online,Credit Card,No,Small Business,False
ORD-14312,2024-12-24,December,Q4,Smartphones,Mobile,Vivo,25900.0,25,19425.0,1,19425.0,18912.64,512.36,2.64,Chennai,South,Online,UPI,No,Individual,True
ORD-14313,2024-11-21,November,Q4,Routers,Networking,Netgear,3500.0,10,3150.0,1,3150.0,2035.84,1114.16,35.37,Lucknow,North,Corporate,UPI,Yes,Enterprise,True
ORD-14314,2024-02-05,February,Q1,Cameras,Imaging,Fujifilm,109000.0,10,98100.0,2,196200.0,129090.68,67109.32,34.2,Mumbai,West,Retail Store,UPI,No,Small Business,False
ORD-14315,2024-02-19,February,Q1,Cameras,Imaging,Fujifilm,27900.0,5,26505.0,3,79515.0,60285.81,19229.19,24.18,Hyderabad,South,Online,Debit Card,Yes,Student,False
ORD-14316,2024-02-29,February,Q1,Smartphones,Mobile,Xiaomi,11500.0,15,9775.0,2,19550.0,12932.02,6617.98,33.85,Ahmedabad,West,Corporate,UPI,No,Small Business,False
ORD-14317,2024-02-07,February,Q1,Headphones,Audio,Sony,13800.0,0,13800.0,1,13800.0,7755.5,6044.5,43.8,Bangalore,South,Distributor,UPI,No,Student,False
ORD-14318,2024-11-13,November,Q4,Routers,Networking,TP-Link,11200.0,25,8400.0,1,8400.0,6372.87,2027.13,24.13,Mumbai,West,Retail Store,EMI,No,Student,True
ORD-14319,2024-06-18,June,Q2,Routers,Networking,Asus,7400.0,10,6660.0,1,6660.0,4735.79,1924.21,28.89,Mumbai,West,Distributor,EMI,No,Student,False
ORD-14320,2024-06-12,June,Q2,Gaming Consoles,Gaming,Nintendo,52200.0,30,36540.0,1,36540.0,33817.29,2722.71,7.45,Lucknow,North,Corporate,EMI,No,Small Business,False
ORD-14321,2024-09-04,September,Q3,Routers,Networking,Asus,8600.0,30,6020.0,3,18060.0,16265.43,1794.57,9.94,Bangalore,South,Online,UPI,No,Enterprise,False
ORD-14322,2024-04-19,April,Q2,Smart TVs,Entertainment,Samsung,177200.0,0,177200.0,2,354400.0,213613.76,140786.24,39.73,Jaipur,North,Online,EMI,No,Individual,False
ORD-14323,2024-01-13,January,Q1,Tablets,Mobile,Huawei,57600.0,15,48960.0,1,48960.0,35706.4,13253.6,27.07,Hyderabad,South,Retail Store,UPI,No,Student,False
ORD-14324,2024-05-28,May,Q2,Laptops,Computing,Asus,45000.0,5,42750.0,2,85500.0,55646.98,29853.02,34.92,Delhi,North,Retail Store,EMI,No,Small Business,False
ORD-14325,2024-01-27,January,Q1,Smart TVs,Entertainment,Samsung,108800.0,0,108800.0,3,326400.0,210508.41,115891.59,35.51,Bangalore,South,Corporate,Net Banking,No,Individual,False
ORD-14326,2024-10-05,October,Q4,Smartphones,Mobile,OnePlus,47800.0,30,33460.0,5,167300.0,170344.4,-3044.4,-1.82,Mumbai,West,Retail Store,Debit Card,No,Individual,True
ORD-14327,2024-02-24,February,Q1,Tablets,Mobile,Lenovo,35100.0,10,31590.0,1,31590.0,21442.93,10147.07,32.12,Chennai,South,Online,Net Banking,No,Student,False
ORD-14328,2024-09-04,September,Q3,Tablets,Mobile,Samsung,15000.0,15,12750.0,4,51000.0,34284.2,16715.8,32.78,Kolkata,East,Retail Store,UPI,No,Individual,False
ORD-14329,2024-12-03,December,Q4,Air Purifiers,Home Tech,Sharp,36500.0,5,34675.0,2,69350.0,53477.74,15872.26,22.89,Bangalore,South,Online,UPI,No,Small Business,True
ORD-14330,2024-11-30,November,Q4,Air Purifiers,Home Tech,Dyson,7500.0,15,6375.0,2,12750.0,10544.48,2205.52,17.3,Kolkata,East,Retail Store,Credit Card,No,Student,True
ORD-14331,2024-06-06,June,Q2,Laptops,Computing,Lenovo,69900.0,5,66405.0,1,66405.0,43336.85,23068.15,34.74,Lucknow,North,Distributor,Credit Card,No,Small Business,False
ORD-14332,2024-11-21,November,Q4,Air Purifiers,Home Tech,Xiaomi,39200.0,10,35280.0,1,35280.0,22911.57,12368.43,35.06,Ahmedabad,West,Retail Store,Credit Card,No,Student,True
ORD-14333,2024-09-03,September,Q3,Smart TVs,Entertainment,Mi,84200.0,15,71570.0,4,286280.0,227440.28,58839.72,20.55,Kolkata,East,Online,Debit Card,Yes,Small Business,False
ORD-14334,2024-12-02,December,Q4,Air Purifiers,Home Tech,Dyson,8500.0,25,6375.0,2,12750.0,11813.3,936.7,7.35,Lucknow,North,Online,Debit Card,No,Student,True
ORD-14335,2024-11-26,November,Q4,Laptops,Computing,Lenovo,86200.0,30,60340.0,3,181020.0,147277.65000000002,33742.35,18.64,Lucknow,North,Corporate,Debit Card,No,Small Business,True
ORD-14336,2024-03-13,March,Q1,Smart TVs,Entertainment,Sony,135300.0,15,115005.0,2,230010.0,198127.18,31882.82,13.86,Bangalore,South,Online,Debit Card,No,Individual,False
ORD-14337,2024-07-04,July,Q3,Gaming Consoles,Gaming,Nintendo,32100.0,25,24075.0,7,168525.0,151849.67,16675.33,9.89,Chennai,South,Online,EMI,No,Individual,False
ORD-14338,2024-07-20,July,Q3,Tablets,Mobile,Samsung,31700.0,20,25360.0,2,50720.0,44191.2,6528.8,12.87,Jaipur,North,Online,Debit Card,No,Student,False
ORD-14339,2024-01-28,January,Q1,Smart TVs,Entertainment,Sony,194500.0,20,155600.0,3,466800.0,383376.6,83423.4,17.87,Pune,West,Corporate,Debit Card,No,Small Business,False
ORD-14340,2024-05-20,May,Q2,Gaming Consoles,Gaming,Sony,34300.0,10,30870.0,1,30870.0,21849.91,9020.09,29.22,Mumbai,West,Retail Store,Cash,No,Small Business,False
ORD-14341,2024-05-25,May,Q2,Air Purifiers,Home Tech,Philips,15300.0,25,11475.0,1,11475.0,9212.4,2262.6,19.72,Kolkata,East,Retail Store,UPI,No,Student,False
ORD-14342,2024-05-28,May,Q2,Smart TVs,Entertainment,Sony,129200.0,10,116280.0,2,232560.0,167948.44,64611.56,27.78,Bangalore,South,Retail Store,UPI,No,Small Business,False
ORD-14343,2024-06-03,June,Q2,Routers,Networking,D-Link,1300.0,25,975.0,2,1950.0,1923.94,26.06,1.34,Bangalore,South,Retail Store,Credit Card,No,Small Business,False
ORD-14344,2024-10-13,October,Q4,Gaming Consoles,Gaming,Sony,39500.0,10,35550.0,3,106650.0,71451.06,35198.94,33.0,Bangalore,South,Online,Credit Card,No,Small Business,True
ORD-14345,2024-02-22,February,Q1,Tablets,Mobile,Lenovo,36100.0,5,34295.0,3,102885.0,74085.95999999999,28799.04,27.99,Jaipur,North,Corporate,Credit Card,No,Enterprise,False
ORD-14346,2024-01-04,January,Q1,Headphones,Audio,Sony,15800.0,30,11060.0,1,11060.0,11035.62,24.38,0.22,Hyderabad,South,Corporate,Credit Card,No,Small Business,False
ORD-14347,2024-03-07,March,Q1,Headphones,Audio,Sennheiser,21200.0,15,18020.0,2,36040.0,27696.06,8343.94,23.15,Pune,West,Corporate,UPI,No,Individual,False
ORD-14348,2024-09-01,September,Q3,Smartwatches,Wearables,Apple,21600.0,5,20520.0,2,41040.0,26970.34,14069.66,34.28,Bangalore,South,Retail Store,UPI,No,Student,False
ORD-14349,2024-01-15,January,Q1,Smartwatches,Wearables,Apple,28700.0,10,25830.0,1,25830.0,20409.01,5420.99,20.99,Ahmedabad,West,Online,Credit Card,No,Individual,False
ORD-14350,2024-09-05,September,Q3,Cameras,Imaging,Fujifilm,52400.0,15,44540.0,1,44540.0,34245.05,10294.95,23.11,Delhi,North,Online,Debit Card,No,Student,False
ORD-14351,2024-08-11,August,Q3,Smartphones,Mobile,Xiaomi,46600.0,5,44270.0,3,132810.0,82384.35,50425.65,37.97,Lucknow,North,Online,UPI,No,Small Business,False
ORD-14352,2024-05-11,May,Q2,Smartwatches,Wearables,Samsung,14000.0,30,9800.0,3,29400.0,29458.409999999996,-58.41,-0.2,Jaipur,North,Online,EMI,No,Enterprise,False
ORD-14353,2024-05-07,May,Q2,Headphones,Audio,Sony,12400.0,25,9300.0,1,9300.0,8877.71,422.29,4.54,Hyderabad,South,Retail Store,EMI,No,Individual,False
ORD-14354,2024-01-17,January,Q1,Laptops,Computing,Lenovo,89000.0,15,75650.0,1,75650.0,64335.76,11314.24,14.96,Lucknow,North,Retail Store,Debit Card,No,Small Business,False
ORD-14355,2024-10-22,October,Q4,Routers,Networking,Netgear,14200.0,10,12780.0,2,25560.0,18572.34,6987.66,27.34,Hyderabad,South,Retail Store,EMI,No,Individual,True
ORD-14356,2024-03-09,March,Q1,Air Purifiers,Home Tech,Sharp,7600.0,15,6460.0,1,6460.0,5669.06,790.94,12.24,Delhi,North,Corporate,Credit Card,No,Enterprise,False
ORD-14357,2024-04-09,April,Q2,Gaming Consoles,Gaming,Sony,49200.0,0,49200.0,2,98400.0,67525.0,30875.0,31.38,Hyderabad,South,Online,Debit Card,Yes,Individual,False
ORD-14358,2024-09-26,September,Q3,Smartphones,Mobile,Apple,10100.0,30,7070.0,3,21210.0,22548.15,-1338.15,-6.31,Jaipur,North,Retail Store,UPI,No,Individual,False
ORD-14359,2024-07-25,July,Q3,Headphones,Audio,Sony,15300.0,30,10710.0,2,21420.0,19211.06,2208.94,10.31,Jaipur,North,Retail Store,UPI,No,Small Business,False
ORD-14360,2024-08-25,August,Q3,Cameras,Imaging,Sony,53700.0,30,37590.0,1,37590.0,34002.48,3587.52,9.54,Pune,West,Retail Store,Net Banking,No,Small Business,False
ORD-14361,2024-05-01,May,Q2,Routers,Networking,D-Link,5500.0,5,5225.0,1,5225.0,4114.76,1110.24,21.25,Mumbai,West,Corporate,Debit Card,No,Individual,False
ORD-14362,2024-12-08,December,Q4,Laptops,Computing,Apple,98000.0,20,78400.0,1,78400.0,54164.76,24235.24,30.91,Chennai,South,Online,Credit Card,No,Small Business,True
ORD-14363,2024-10-06,October,Q4,Cameras,Imaging,Fujifilm,97400.0,30,68180.0,1,68180.0,67684.42,495.58,0.73,Bangalore,South,Online,EMI,No,Student,True
ORD-14364,2024-02-06,February,Q1,Smartphones,Mobile,Vivo,12500.0,30,8750.0,4,35000.0,31741.0,3259.0,9.31,Bangalore,South,Corporate,UPI,No,Student,False
ORD-14365,2024-07-12,July,Q3,Cameras,Imaging,Nikon,24000.0,10,21600.0,1,21600.0,13531.65,8068.35,37.35,Delhi,North,Corporate,Net Banking,No,Individual,False
ORD-14366,2024-12-13,December,Q4,Tablets,Mobile,Huawei,46700.0,20,37360.0,2,74720.0,63757.7,10962.3,14.67,Lucknow,North,Online,EMI,No,Student,True
ORD-14367,2024-04-20,April,Q2,Smartwatches,Wearables,Boat,34900.0,5,33155.0,1,33155.0,21333.33,11821.67,35.66,Bangalore,South,Retail Store,Credit Card,No,Student,False
ORD-14368,2024-11-26,November,Q4,Headphones,Audio,Apple,8400.0,20,6720.0,5,33600.0,23842.95,9757.05,29.04,Lucknow,North,Online,EMI,No,Small Business,True
ORD-14369,2024-07-03,July,Q3,Smartwatches,Wearables,Boat,23400.0,15,19890.0,1,19890.0,16825.69,3064.31,15.41,Bangalore,South,Distributor,Debit Card,No,Small Business,False
ORD-14370,2024-11-27,November,Q4,Routers,Networking,TP-Link,13400.0,0,13400.0,1,13400.0,9145.8,4254.2,31.75,Mumbai,West,Online,Net Banking,No,Enterprise,True
ORD-14371,2024-04-16,April,Q2,Smartphones,Mobile,Apple,50300.0,0,50300.0,2,100600.0,60800.1,39799.9,39.56,Lucknow,North,Retail Store,EMI,Yes,Enterprise,False
ORD-14372,2024-02-03,February,Q1,Cameras,Imaging,Fujifilm,88400.0,25,66300.0,3,198900.0,180794.31,18105.69,9.1,Mumbai,West,Online,Debit Card,No,Individual,False
ORD-14373,2024-05-20,May,Q2,Smartwatches,Wearables,Garmin,41600.0,0,41600.0,1,41600.0,29615.82,11984.18,28.81,Jaipur,North,Corporate,Net Banking,No,Small Business,False
ORD-14374,2024-09-19,September,Q3,Headphones,Audio,JBL,19700.0,10,17730.0,2,35460.0,25893.94,9566.06,26.98,Ahmedabad,West,Online,UPI,No,Small Business,False
ORD-14375,2024-08-03,August,Q3,Tablets,Mobile,Huawei,27300.0,20,21840.0,4,87360.0,78411.96,8948.04,10.24,Ahmedabad,West,Retail Store,Net Banking,No,Individual,False
ORD-14376,2024-07-01,July,Q3,Air Purifiers,Home Tech,Dyson,7800.0,15,6630.0,6,39780.0,28409.699999999997,11370.3,28.58,Chennai,South,Corporate,Debit Card,Yes,Student,False
ORD-14377,2024-06-13,June,Q2,Tablets,Mobile,Apple,26500.0,30,18550.0,1,18550.0,19369.6,-819.6,-4.42,Pune,West,Distributor,Credit Card,No,Enterprise,False
ORD-14378,2024-08-05,August,Q3,Gaming Consoles,Gaming,Nintendo,20500.0,0,20500.0,1,20500.0,12666.79,7833.21,38.21,Jaipur,North,Online,EMI,No,Small Business,False
ORD-14379,2024-05-19,May,Q2,Tablets,Mobile,Lenovo,41000.0,25,30750.0,1,30750.0,24890.63,5859.37,19.05,Ahmedabad,West,Retail Store,UPI,Yes,Enterprise,False
ORD-14380,2024-02-29,February,Q1,Gaming Consoles,Gaming,Nintendo,21400.0,25,16050.0,2,32100.0,27378.92,4721.08,14.71,Bangalore,South,Online,UPI,No,Enterprise,False
ORD-14381,2024-08-30,August,Q3,Air Purifiers,Home Tech,Philips,34300.0,20,27440.0,1,27440.0,22152.34,5287.66,19.27,Hyderabad,South,Retail Store,UPI,No,Individual,False
ORD-14382,2024-12-17,December,Q4,Routers,Networking,Netgear,5700.0,5,5415.0,3,16245.0,11694.210000000001,4550.79,28.01,Lucknow,North,Online,Debit Card,No,Individual,True
ORD-14383,2024-01-19,January,Q1,Cameras,Imaging,Nikon,45900.0,15,39015.0,5,195075.0,140334.4,54740.6,28.06,Delhi,North,Retail Store,EMI,No,Small Business,False
ORD-14384,2024-01-24,January,Q1,Tablets,Mobile,Apple,19700.0,10,17730.0,1,17730.0,13912.08,3817.92,21.53,Lucknow,North,Retail Store,Credit Card,No,Student,False
ORD-14385,2024-10-11,October,Q4,Tablets,Mobile,Huawei,28900.0,15,24565.0,5,122825.0,89876.7,32948.3,26.83,Pune,West,Online,Credit Card,No,Enterprise,True
ORD-14386,2024-07-15,July,Q3,Routers,Networking,Asus,1300.0,15,1105.0,2,2210.0,1826.34,383.66,17.36,Hyderabad,South,Corporate,Credit Card,No,Student,False
ORD-14387,2024-06-07,June,Q2,Routers,Networking,D-Link,2600.0,0,2600.0,1,2600.0,1456.66,1143.34,43.97,Bangalore,South,Online,UPI,No,Enterprise,False
ORD-14388,2024-05-07,May,Q2,Smart TVs,Entertainment,Samsung,97300.0,20,77840.0,2,155680.0,120617.82,35062.18,22.52,Lucknow,North,Online,Debit Card,No,Enterprise,False
ORD-14389,2024-08-21,August,Q3,Smartphones,Mobile,OnePlus,66900.0,25,50175.0,2,100350.0,92299.24,8050.76,8.02,Pune,West,Online,Debit Card,No,Small Business,False
ORD-14390,2024-09-03,September,Q3,Smartphones,Mobile,Xiaomi,51400.0,10,46260.0,4,185040.0,139757.0,45283.0,24.47,Delhi,North,Retail Store,Debit Card,No,Small Business,False
ORD-14391,2024-09-30,September,Q3,Air Purifiers,Home Tech,Xiaomi,27900.0,10,25110.0,2,50220.0,34324.72,15895.28,31.65,Hyderabad,South,Online,Debit Card,Yes,Small Business,False
ORD-14392,2024-05-06,May,Q2,Tablets,Mobile,Lenovo,13800.0,25,10350.0,6,62100.0,55716.84,6383.16,10.28,Ahmedabad,West,Retail Store,UPI,No,Individual,False
ORD-14393,2024-12-21,December,Q4,Cameras,Imaging,Fujifilm,107000.0,15,90950.0,1,90950.0,65152.56,25797.44,28.36,Chennai,South,Online,EMI,No,Individual,True
ORD-14394,2024-10-30,October,Q4,Routers,Networking,Asus,9500.0,15,8075.0,2,16150.0,10827.58,5322.42,32.96,Hyderabad,South,Online,Credit Card,No,Student,True
ORD-14395,2024-05-09,May,Q2,Gaming Consoles,Gaming,Sony,53900.0,10,48510.0,2,97020.0,76010.86,21009.14,21.65,Kolkata,East,Retail Store,Credit Card,No,Student,False
ORD-14396,2024-02-11,February,Q1,Cameras,Imaging,Canon,107500.0,20,86000.0,1,86000.0,73429.0,12571.0,14.62,Ahmedabad,West,Online,Net Banking,No,Individual,False
ORD-14397,2024-10-03,October,Q4,Headphones,Audio,Boat,2500.0,20,2000.0,1,2000.0,1582.13,417.87,20.89,Pune,West,Online,UPI,No,Individual,True
ORD-14398,2024-11-23,November,Q4,Smartphones,Mobile,OnePlus,21900.0,0,21900.0,3,65700.0,37897.92,27802.08,42.32,Kolkata,East,Online,Credit Card,No,Enterprise,True
ORD-14399,2024-02-01,February,Q1,Tablets,Mobile,Lenovo,56300.0,20,45040.0,2,90080.0,70202.78,19877.22,22.07,Ahmedabad,West,Retail Store,Credit Card,No,Individual,False
ORD-14400,2024-11-23,November,Q4,Tablets,Mobile,Huawei,35800.0,5,34010.0,1,34010.0,19938.76,14071.24,41.37,Jaipur,North,Online,EMI,No,Small Business,True
ORD-14401,2024-06-27,June,Q2,Gaming Consoles,Gaming,Microsoft,23800.0,25,17850.0,3,53550.0,42639.270000000004,10910.73,20.37,Hyderabad,South,Online,Debit Card,No,Enterprise,False
ORD-14402,2024-12-20,December,Q4,Routers,Networking,TP-Link,14500.0,5,13775.0,2,27550.0,17626.06,9923.94,36.02,Pune,West,Distributor,UPI,No,Student,True
ORD-14403,2024-04-01,April,Q2,Air Purifiers,Home Tech,Xiaomi,32000.0,10,28800.0,1,28800.0,18257.18,10542.82,36.61,Hyderabad,South,Retail Store,Credit Card,No,Small Business,False
ORD-14404,2024-09-10,September,Q3,Smartphones,Mobile,Apple,22800.0,15,19380.0,2,38760.0,27418.7,11341.3,29.26,Mumbai,West,Online,Debit Card,No,Student,False
ORD-14405,2024-01-02,January,Q1,Air Purifiers,Home Tech,Sharp,13100.0,10,11790.0,3,35370.0,23767.02,11602.98,32.8,Chennai,South,Online,Credit Card,No,Student,False
ORD-14406,2024-04-16,April,Q2,Smart TVs,Entertainment,Samsung,88600.0,0,88600.0,1,88600.0,61317.4,27282.6,30.79,Bangalore,South,Retail Store,Credit Card,Yes,Individual,False
ORD-14407,2024-03-28,March,Q1,Smartwatches,Wearables,Samsung,5600.0,25,4200.0,1,4200.0,3888.7,311.3,7.41,Delhi,North,Online,Debit Card,No,Enterprise,False
ORD-14408,2024-02-18,February,Q1,Air Purifiers,Home Tech,Philips,27700.0,25,20775.0,1,20775.0,17347.55,3427.45,16.5,Jaipur,North,Online,UPI,No,Enterprise,False
ORD-14409,2024-10-01,October,Q4,Smartwatches,Wearables,Samsung,18400.0,25,13800.0,1,13800.0,13371.74,428.26,3.1,Bangalore,South,Distributor,Net Banking,No,Student,True
ORD-14410,2024-03-19,March,Q1,Tablets,Mobile,Lenovo,11800.0,10,10620.0,1,10620.0,8679.14,1940.86,18.28,Pune,West,Distributor,EMI,No,Student,False
ORD-14411,2024-02-09,February,Q1,Laptops,Computing,HP,83200.0,0,83200.0,2,166400.0,100383.86,66016.14,39.67,Jaipur,North,Corporate,UPI,No,Small Business,False
ORD-14412,2024-04-10,April,Q2,Headphones,Audio,Sony,12900.0,0,12900.0,1,12900.0,9035.18,3864.82,29.96,Kolkata,East,Retail Store,Cash,Yes,Small Business,False
ORD-14413,2024-04-22,April,Q2,Smartwatches,Wearables,Garmin,42800.0,15,36380.0,4,145520.0,102372.84,43147.16,29.65,Pune,West,Retail Store,UPI,No,Enterprise,False
ORD-14414,2024-04-17,April,Q2,Gaming Consoles,Gaming,Nintendo,47200.0,10,42480.0,1,42480.0,30962.02,11517.98,27.11,Kolkata,East,Retail Store,UPI,No,Enterprise,False
ORD-14415,2024-09-07,September,Q3,Smart TVs,Entertainment,LG,182900.0,0,182900.0,2,365800.0,234905.74,130894.26,35.78,Bangalore,South,Retail Store,Credit Card,No,Enterprise,False
ORD-14416,2024-01-06,January,Q1,Headphones,Audio,JBL,11700.0,10,10530.0,1,10530.0,6496.37,4033.63,38.31,Ahmedabad,West,Distributor,UPI,No,Student,False
ORD-14417,2024-06-26,June,Q2,Smartwatches,Wearables,Boat,27400.0,20,21920.0,1,21920.0,18543.41,3376.59,15.4,Mumbai,West,Retail Store,Credit Card,Yes,Student,False
ORD-14418,2024-12-30,December,Q4,Tablets,Mobile,Apple,20100.0,10,18090.0,6,108540.0,70712.16,37827.84,34.85,Hyderabad,South,Online,UPI,No,Individual,True
ORD-14419,2024-10-20,October,Q4,Laptops,Computing,Dell,103500.0,30,72450.0,1,72450.0,68593.67,3856.33,5.32,Delhi,North,Retail Store,UPI,No,Enterprise,True
ORD-14420,2024-10-29,October,Q4,Laptops,Computing,Dell,105300.0,25,78975.0,1,78975.0,61010.5,17964.5,22.75,Mumbai,West,Corporate,UPI,No,Small Business,True
ORD-14421,2024-03-14,March,Q1,Smart TVs,Entertainment,LG,117400.0,25,88050.0,1,88050.0,84674.73,3375.27,3.83,Delhi,North,Online,Debit Card,No,Enterprise,False
ORD-14422,2024-06-17,June,Q2,Headphones,Audio,Boat,4100.0,25,3075.0,1,3075.0,2742.59,332.41,10.81,Bangalore,South,Online,UPI,No,Small Business,False
ORD-14423,2024-12-25,December,Q4,Smartphones,Mobile,Samsung,10000.0,5,9500.0,1,9500.0,5758.83,3741.17,39.38,Jaipur,North,Corporate,UPI,No,Small Business,True
ORD-14424,2024-05-15,May,Q2,Smart TVs,Entertainment,Samsung,26400.0,20,21120.0,1,21120.0,18935.0,2185.0,10.35,Lucknow,North,Online,Cash,No,Small Business,False
ORD-14425,2024-11-05,November,Q4,Smartwatches,Wearables,Noise,6600.0,15,5610.0,3,16830.0,14839.800000000001,1990.2,11.83,Bangalore,South,Retail Store,EMI,No,Enterprise,True
ORD-14426,2024-07-27,July,Q3,Air Purifiers,Home Tech,Sharp,15000.0,30,10500.0,1,10500.0,9862.07,637.93,6.08,Lucknow,North,Distributor,Credit Card,Yes,Small Business,False
ORD-14427,2024-07-11,July,Q3,Laptops,Computing,Lenovo,25300.0,5,24035.0,1,24035.0,13916.35,10118.65,42.1,Ahmedabad,West,Online,UPI,No,Small Business,False
ORD-14428,2024-07-11,July,Q3,Smartphones,Mobile,Apple,42900.0,5,40755.0,3,122265.0,94205.76,28059.24,22.95,Pune,West,Retail Store,EMI,No,Individual,False
ORD-14429,2024-09-07,September,Q3,Smart TVs,Entertainment,OnePlus,49600.0,5,47120.0,2,94240.0,60342.94,33897.06,35.97,Lucknow,North,Retail Store,Debit Card,No,Student,False
ORD-14430,2024-04-10,April,Q2,Routers,Networking,Netgear,10700.0,5,10165.0,3,30495.0,23730.54,6764.46,22.18,Bangalore,South,Online,Credit Card,No,Small Business,False
ORD-14431,2024-04-05,April,Q2,Tablets,Mobile,Apple,19800.0,25,14850.0,1,14850.0,14004.02,845.98,5.7,Chennai,South,Retail Store,Cash,No,Small Business,False
ORD-14432,2024-04-21,April,Q2,Smartwatches,Wearables,Boat,44800.0,15,38080.0,1,38080.0,25935.15,12144.85,31.89,Mumbai,West,Distributor,EMI,No,Individual,False
ORD-14433,2024-12-17,December,Q4,Laptops,Computing,Lenovo,53400.0,5,50730.0,1,50730.0,32696.81,18033.19,35.55,Bangalore,South,Online,Net Banking,No,Enterprise,True
ORD-14434,2024-07-17,July,Q3,Air Purifiers,Home Tech,Dyson,23300.0,30,16310.0,1,16310.0,15820.81,489.19,3.0,Chennai,South,Retail Store,UPI,No,Enterprise,False
ORD-14435,2024-01-18,January,Q1,Headphones,Audio,Sennheiser,22800.0,25,17100.0,6,102600.0,101653.92,946.08,0.92,Chennai,South,Online,Net Banking,No,Enterprise,False
ORD-14436,2024-04-10,April,Q2,Smartwatches,Wearables,Boat,37100.0,25,27825.0,1,27825.0,26970.5,854.5,3.07,Chennai,South,Online,Credit Card,No,Enterprise,False
ORD-14437,2024-11-15,November,Q4,Laptops,Computing,Apple,27100.0,5,25745.0,6,154470.0,114224.70000000001,40245.3,26.05,Lucknow,North,Retail Store,UPI,No,Enterprise,True
ORD-14438,2024-10-19,October,Q4,Smartwatches,Wearables,Apple,23600.0,5,22420.0,1,22420.0,14610.12,7809.88,34.83,Ahmedabad,West,Online,UPI,No,Small Business,True
ORD-14439,2024-01-08,January,Q1,Smartphones,Mobile,Xiaomi,8300.0,15,7055.0,3,21165.0,18047.4,3117.6,14.73,Delhi,North,Retail Store,Debit Card,No,Enterprise,False
ORD-14440,2024-07-20,July,Q3,Air Purifiers,Home Tech,Xiaomi,21300.0,25,15975.0,3,47925.0,44771.28,3153.72,6.58,Bangalore,South,Retail Store,UPI,No,Enterprise,False
ORD-14441,2024-11-26,November,Q4,Cameras,Imaging,Sony,13900.0,25,10425.0,2,20850.0,19577.36,1272.64,6.1,Lucknow,North,Online,EMI,No,Individual,True
ORD-14442,2024-03-29,March,Q1,Smartwatches,Wearables,Samsung,31000.0,10,27900.0,2,55800.0,44055.32,11744.68,21.05,Hyderabad,South,Distributor,UPI,No,Individual,False
ORD-14443,2024-07-07,July,Q3,Smartwatches,Wearables,Noise,9200.0,10,8280.0,2,16560.0,13720.72,2839.28,17.15,Bangalore,South,Retail Store,Credit Card,No,Individual,False
ORD-14444,2024-11-27,November,Q4,Gaming Consoles,Gaming,Microsoft,53200.0,25,39900.0,2,79800.0,65182.24,14617.76,18.32,Kolkata,East,Online,UPI,No,Enterprise,True
ORD-14445,2024-03-28,March,Q1,Headphones,Audio,JBL,19100.0,25,14325.0,4,57300.0,44401.88,12898.12,22.51,Kolkata,East,Online,EMI,No,Small Business,False
ORD-14446,2024-07-27,July,Q3,Laptops,Computing,Lenovo,118900.0,10,107010.0,2,214020.0,172094.74,41925.26,19.59,Chennai,South,Retail Store,Credit Card,No,Enterprise,False
ORD-14447,2024-04-07,April,Q2,Laptops,Computing,Dell,82800.0,10,74520.0,1,74520.0,56731.62,17788.38,23.87,Kolkata,East,Retail Store,Debit Card,No,Enterprise,False
ORD-14448,2024-05-03,May,Q2,Laptops,Computing,HP,40500.0,10,36450.0,1,36450.0,23598.81,12851.19,35.26,Kolkata,East,Online,Credit Card,No,Student,False
ORD-14449,2024-02-01,February,Q1,Cameras,Imaging,Fujifilm,100400.0,25,75300.0,3,225900.0,188631.66,37268.34,16.5,Hyderabad,South,Online,Credit Card,Yes,Small Business,False
ORD-14450,2024-01-19,January,Q1,Air Purifiers,Home Tech,Dyson,21100.0,0,21100.0,3,63300.0,44114.28,19185.72,30.31,Delhi,North,Retail Store,UPI,No,Enterprise,False
ORD-14451,2024-09-25,September,Q3,Smartphones,Mobile,OnePlus,36200.0,25,27150.0,1,27150.0,22062.53,5087.47,18.74,Bangalore,South,Online,Debit Card,No,Individual,False
ORD-14452,2024-01-14,January,Q1,Headphones,Audio,JBL,14800.0,30,10360.0,3,31080.0,24905.25,6174.75,19.87,Mumbai,West,Retail Store,Debit Card,No,Enterprise,False
ORD-14453,2024-10-18,October,Q4,Tablets,Mobile,Samsung,24200.0,20,19360.0,3,58080.0,42950.19,15129.81,26.05,Kolkata,East,Online,EMI,No,Individual,True
ORD-14454,2024-01-31,January,Q1,Air Purifiers,Home Tech,Dyson,28500.0,10,25650.0,1,25650.0,19579.83,6070.17,23.67,Chennai,South,Online,EMI,No,Individual,False
ORD-14455,2024-04-21,April,Q2,Laptops,Computing,Lenovo,94200.0,20,75360.0,1,75360.0,60395.56,14964.44,19.86,Pune,West,Online,Credit Card,No,Student,False
ORD-14456,2024-07-02,July,Q3,Laptops,Computing,Lenovo,36000.0,20,28800.0,1,28800.0,21441.2,7358.8,25.55,Delhi,North,Online,UPI,No,Enterprise,False
ORD-14457,2024-03-08,March,Q1,Air Purifiers,Home Tech,Sharp,6800.0,5,6460.0,1,6460.0,3828.45,2631.55,40.74,Chennai,South,Retail Store,UPI,Yes,Individual,False
ORD-14458,2024-03-01,March,Q1,Laptops,Computing,Asus,41500.0,25,31125.0,2,62250.0,53466.66,8783.34,14.11,Delhi,North,Online,EMI,No,Enterprise,False
ORD-14459,2024-02-27,February,Q1,Smartphones,Mobile,Xiaomi,15600.0,30,10920.0,4,43680.0,39584.84,4095.16,9.38,Pune,West,Online,UPI,No,Student,False
ORD-14460,2024-04-05,April,Q2,Smartwatches,Wearables,Garmin,10900.0,30,7630.0,3,22890.0,22554.93,335.07,1.46,Ahmedabad,West,Online,EMI,No,Individual,False
ORD-14461,2024-08-12,August,Q3,Tablets,Mobile,Lenovo,46700.0,20,37360.0,1,37360.0,31736.86,5623.14,15.05,Hyderabad,South,Online,Debit Card,No,Individual,False
ORD-14462,2024-10-07,October,Q4,Routers,Networking,D-Link,11100.0,0,11100.0,3,33300.0,23241.329999999998,10058.67,30.21,Kolkata,East,Retail Store,UPI,No,Small Business,True
ORD-14463,2024-04-30,April,Q2,Cameras,Imaging,Canon,22100.0,0,22100.0,4,88400.0,64934.32,23465.68,26.54,Lucknow,North,Retail Store,Debit Card,No,Individual,False
ORD-14464,2024-10-29,October,Q4,Laptops,Computing,Lenovo,98400.0,0,98400.0,2,196800.0,140174.24,56625.76,28.77,Lucknow,North,Retail Store,UPI,No,Student,True
ORD-14465,2024-12-28,December,Q4,Laptops,Computing,Apple,37900.0,25,28425.0,3,85275.0,81757.26,3517.74,4.13,Bangalore,South,Retail Store,Credit Card,No,Individual,True
ORD-14466,2024-06-20,June,Q2,Gaming Consoles,Gaming,Microsoft,41800.0,30,29260.0,1,29260.0,25965.67,3294.33,11.26,Chennai,South,Online,Credit Card,No,Student,False
ORD-14467,2024-08-06,August,Q3,Headphones,Audio,Boat,12200.0,20,9760.0,1,9760.0,8995.9,764.1,7.83,Kolkata,East,Retail Store,EMI,No,Enterprise,False
ORD-14468,2024-10-07,October,Q4,Laptops,Computing,Dell,28600.0,0,28600.0,1,28600.0,21176.55,7423.45,25.96,Bangalore,South,Retail Store,Debit Card,No,Student,True
ORD-14469,2024-03-16,March,Q1,Headphones,Audio,Boat,1000.0,15,850.0,1,850.0,648.54,201.46,23.7,Ahmedabad,West,Retail Store,UPI,No,Student,False
ORD-14470,2024-09-16,September,Q3,Laptops,Computing,Dell,71900.0,20,57520.0,3,172560.0,148451.88,24108.12,13.97,Bangalore,South,Online,UPI,No,Small Business,False
ORD-14471,2024-11-20,November,Q4,Smartwatches,Wearables,Apple,32600.0,30,22820.0,1,22820.0,23709.39,-889.39,-3.9,Chennai,South,Retail Store,UPI,No,Small Business,True
ORD-14472,2024-01-29,January,Q1,Routers,Networking,Netgear,10400.0,30,7280.0,4,29120.0,26476.52,2643.48,9.08,Delhi,North,Distributor,Credit Card,No,Individual,False
ORD-14473,2024-08-16,August,Q3,Tablets,Mobile,Lenovo,46700.0,25,35025.0,4,140100.0,107986.24,32113.76,22.92,Kolkata,East,Online,Debit Card,No,Student,False
ORD-14474,2024-10-27,October,Q4,Cameras,Imaging,Canon,146800.0,30,102760.0,1,102760.0,109050.87,-6290.87,-6.12,Jaipur,North,Online,Debit Card,No,Small Business,True
ORD-14475,2024-12-03,December,Q4,Air Purifiers,Home Tech,Sharp,36400.0,5,34580.0,1,34580.0,25533.94,9046.06,26.16,Mumbai,West,Distributor,Credit Card,No,Small Business,True
ORD-14476,2024-04-21,April,Q2,Gaming Consoles,Gaming,Nintendo,42700.0,10,38430.0,1,38430.0,23861.13,14568.87,37.91,Kolkata,East,Retail Store,Debit Card,No,Individual,False
ORD-14477,2024-06-23,June,Q2,Smartwatches,Wearables,Apple,24400.0,0,24400.0,2,48800.0,33170.38,15629.62,32.03,Pune,West,Distributor,UPI,No,Small Business,False
ORD-14478,2024-01-23,January,Q1,Cameras,Imaging,Nikon,59200.0,25,44400.0,3,133200.0,122888.58,10311.42,7.74,Jaipur,North,Distributor,Credit Card,Yes,Enterprise,False
ORD-14479,2024-08-08,August,Q3,Headphones,Audio,JBL,20100.0,20,16080.0,2,32160.0,26724.26,5435.74,16.9,Hyderabad,South,Distributor,EMI,No,Student,False
ORD-14480,2024-02-03,February,Q1,Cameras,Imaging,Canon,60800.0,25,45600.0,2,91200.0,71259.02,19940.98,21.87,Lucknow,North,Retail Store,UPI,No,Individual,False
ORD-14481,2024-11-18,November,Q4,Routers,Networking,TP-Link,11400.0,10,10260.0,5,51300.0,38318.8,12981.2,25.3,Jaipur,North,Online,Credit Card,No,Individual,True
ORD-14482,2024-05-01,May,Q2,Tablets,Mobile,Samsung,32500.0,10,29250.0,1,29250.0,21537.69,7712.31,26.37,Delhi,North,Corporate,EMI,No,Enterprise,False
ORD-14483,2024-07-09,July,Q3,Smartphones,Mobile,Samsung,28100.0,30,19670.0,2,39340.0,36459.26,2880.74,7.32,Chennai,South,Retail Store,UPI,No,Enterprise,False
ORD-14484,2024-11-26,November,Q4,Tablets,Mobile,Apple,41000.0,0,41000.0,2,82000.0,56845.48,25154.52,30.68,Chennai,South,Distributor,Credit Card,No,Individual,True
ORD-14485,2024-04-19,April,Q2,Cameras,Imaging,Fujifilm,49300.0,15,41905.0,2,83810.0,62948.28,20861.72,24.89,Pune,West,Distributor,Credit Card,No,Small Business,False
ORD-14486,2024-06-15,June,Q2,Laptops,Computing,Lenovo,48600.0,25,36450.0,2,72900.0,67043.14,5856.86,8.03,Ahmedabad,West,Online,Debit Card,No,Individual,False
ORD-14487,2024-09-22,September,Q3,Laptops,Computing,HP,30400.0,20,24320.0,2,48640.0,33984.34,14655.66,30.13,Mumbai,West,Online,Credit Card,No,Individual,False
ORD-14488,2024-01-02,January,Q1,Smart TVs,Entertainment,LG,163400.0,0,163400.0,1,163400.0,106300.79,57099.21,34.94,Chennai,South,Online,UPI,No,Individual,False
ORD-14489,2024-11-01,November,Q4,Gaming Consoles,Gaming,Sony,40200.0,10,36180.0,3,108540.0,78126.27,30413.73,28.02,Jaipur,North,Retail Store,EMI,No,Student,True
ORD-14490,2024-07-23,July,Q3,Laptops,Computing,Apple,26800.0,15,22780.0,2,45560.0,32275.04,13284.96,29.16,Hyderabad,South,Distributor,UPI,No,Enterprise,False
ORD-14491,2024-12-09,December,Q4,Cameras,Imaging,Canon,69700.0,25,52275.0,2,104550.0,80609.72,23940.28,22.9,Bangalore,South,Corporate,Debit Card,No,Small Business,True
ORD-14492,2024-08-08,August,Q3,Laptops,Computing,Dell,57300.0,30,40110.0,4,160440.0,155772.64,4667.36,2.91,Mumbai,West,Online,Credit Card,No,Small Business,False
ORD-14493,2024-09-24,September,Q3,Headphones,Audio,Sennheiser,9200.0,10,8280.0,1,8280.0,6135.89,2144.11,25.9,Delhi,North,Retail Store,Debit Card,No,Student,False
ORD-14494,2024-05-08,May,Q2,Gaming Consoles,Gaming,Nintendo,51400.0,30,35980.0,4,143920.0,120974.04,22945.96,15.94,Lucknow,North,Retail Store,UPI,No,Individual,False
ORD-14495,2024-09-29,September,Q3,Smartphones,Mobile,Apple,24800.0,10,22320.0,1,22320.0,16400.03,5919.97,26.52,Kolkata,East,Online,Debit Card,No,Small Business,False
ORD-14496,2024-04-24,April,Q2,Air Purifiers,Home Tech,Philips,18200.0,25,13650.0,1,13650.0,12361.27,1288.73,9.44,Lucknow,North,Corporate,UPI,No,Enterprise,False
ORD-14497,2024-04-24,April,Q2,Air Purifiers,Home Tech,Xiaomi,20500.0,30,14350.0,2,28700.0,24321.8,4378.2,15.26,Jaipur,North,Retail Store,Debit Card,No,Individual,False
ORD-14498,2024-01-07,January,Q1,Tablets,Mobile,Lenovo,56600.0,5,53770.0,1,53770.0,38400.62,15369.38,28.58,Jaipur,North,Corporate,Credit Card,No,Enterprise,False
ORD-14499,2024-07-23,July,Q3,Laptops,Computing,Lenovo,31600.0,5,30020.0,1,30020.0,18083.81,11936.19,39.76,Kolkata,East,Retail Store,Debit Card,No,Student,False
ORD-14500,2024-01-23,January,Q1,Laptops,Computing,Dell,60900.0,15,51765.0,1,51765.0,44136.72,7628.28,14.74,Jaipur,North,Distributor,Credit Card,No,Enterprise,False
ORD-14501,2024-03-07,March,Q1,Smartwatches,Wearables,Noise,17200.0,5,16340.0,1,16340.0,12058.79,4281.21,26.2,Chennai,South,Retail Store,Credit Card,No,Individual,False
ORD-14502,2024-11-17,November,Q4,Headphones,Audio,JBL,15800.0,0,15800.0,1,15800.0,10868.56,4931.44,31.21,Lucknow,North,Retail Store,UPI,No,Small Business,True
ORD-14503,2024-05-09,May,Q2,Cameras,Imaging,Fujifilm,93600.0,0,93600.0,1,93600.0,61273.84,32326.16,34.54,Hyderabad,South,Online,Credit Card,Yes,Small Business,False
ORD-14504,2024-11-05,November,Q4,Cameras,Imaging,Sony,148300.0,5,140885.0,1,140885.0,101951.25,38933.75,27.64,Chennai,South,Distributor,Credit Card,Yes,Individual,True
ORD-14505,2024-09-02,September,Q3,Smartphones,Mobile,Xiaomi,72200.0,30,50540.0,1,50540.0,54013.23,-3473.23,-6.87,Lucknow,North,Online,UPI,No,Student,False
ORD-14506,2024-09-21,September,Q3,Cameras,Imaging,Canon,18700.0,0,18700.0,3,56100.0,36640.2,19459.8,34.69,Chennai,South,Corporate,UPI,Yes,Enterprise,False
ORD-14507,2024-02-06,February,Q1,Tablets,Mobile,Apple,40100.0,25,30075.0,1,30075.0,28020.82,2054.18,6.83,Pune,West,Online,UPI,No,Student,False
ORD-14508,2024-10-13,October,Q4,Routers,Networking,TP-Link,5300.0,15,4505.0,2,9010.0,7425.86,1584.14,17.58,Hyderabad,South,Online,Credit Card,No,Enterprise,True
ORD-14509,2024-04-23,April,Q2,Routers,Networking,Netgear,1600.0,5,1520.0,1,1520.0,1070.35,449.65,29.58,Mumbai,West,Retail Store,EMI,No,Student,False
ORD-14510,2024-08-16,August,Q3,Air Purifiers,Home Tech,Xiaomi,16700.0,0,16700.0,1,16700.0,11781.19,4918.81,29.45,Chennai,South,Corporate,Credit Card,No,Student,False
ORD-14511,2024-01-31,January,Q1,Smart TVs,Entertainment,OnePlus,173800.0,5,165110.0,1,165110.0,103142.55,61967.45,37.53,Kolkata,East,Online,UPI,No,Enterprise,False
ORD-14512,2024-02-13,February,Q1,Smartwatches,Wearables,Apple,37600.0,25,28200.0,1,28200.0,22363.69,5836.31,20.7,Lucknow,North,Online,Credit Card,No,Enterprise,False
ORD-14513,2024-09-17,September,Q3,Tablets,Mobile,Lenovo,42600.0,15,36210.0,4,144840.0,104003.08,40836.92,28.19,Pune,West,Online,Credit Card,No,Enterprise,False
ORD-14514,2024-09-10,September,Q3,Air Purifiers,Home Tech,Philips,7100.0,15,6035.0,5,30175.0,20010.050000000003,10164.95,33.69,Kolkata,East,Online,Credit Card,No,Individual,False
ORD-14515,2024-10-31,October,Q4,Cameras,Imaging,Sony,11600.0,25,8700.0,1,8700.0,6519.65,2180.35,25.06,Lucknow,North,Online,Credit Card,No,Small Business,True
ORD-14516,2024-12-12,December,Q4,Smartwatches,Wearables,Boat,30000.0,15,25500.0,1,25500.0,21473.91,4026.09,15.79,Ahmedabad,West,Retail Store,Debit Card,Yes,Student,True
ORD-14517,2024-09-01,September,Q3,Air Purifiers,Home Tech,Sharp,16500.0,0,16500.0,3,49500.0,28552.260000000002,20947.74,42.32,Hyderabad,South,Corporate,Credit Card,No,Enterprise,False
ORD-14518,2024-02-28,February,Q1,Smart TVs,Entertainment,OnePlus,65400.0,0,65400.0,4,261600.0,184666.36,76933.64,29.41,Jaipur,North,Retail Store,UPI,No,Student,False
ORD-14519,2024-06-24,June,Q2,Tablets,Mobile,Apple,55700.0,15,47345.0,3,142035.0,107902.41,34132.59,24.03,Kolkata,East,Online,Credit Card,No,Enterprise,False
ORD-14520,2024-01-08,January,Q1,Smart TVs,Entertainment,Samsung,123100.0,20,98480.0,4,393920.0,345269.48,48650.52,12.35,Lucknow,North,Online,Credit Card,No,Enterprise,False
ORD-14521,2024-05-01,May,Q2,Cameras,Imaging,Sony,97200.0,5,92340.0,2,184680.0,113965.18,70714.82,38.29,Mumbai,West,Distributor,UPI,No,Enterprise,False
ORD-14522,2024-05-13,May,Q2,Air Purifiers,Home Tech,Sharp,17500.0,25,13125.0,1,13125.0,12069.06,1055.94,8.05,Lucknow,North,Retail Store,EMI,No,Individual,False
ORD-14523,2024-02-04,February,Q1,Routers,Networking,D-Link,6400.0,25,4800.0,1,4800.0,4638.46,161.54,3.37,Bangalore,South,Distributor,UPI,No,Enterprise,False
ORD-14524,2024-03-16,March,Q1,Routers,Networking,D-Link,1900.0,10,1710.0,3,5130.0,4012.0199999999995,1117.98,21.79,Jaipur,North,Online,Debit Card,No,Enterprise,False
ORD-14525,2024-04-25,April,Q2,Smartphones,Mobile,Apple,67300.0,20,53840.0,3,161520.0,138873.57,22646.43,14.02,Ahmedabad,West,Distributor,UPI,No,Enterprise,False
ORD-14526,2024-03-31,March,Q1,Headphones,Audio,Sony,4300.0,30,3010.0,2,6020.0,5176.4,843.6,14.01,Jaipur,North,Distributor,Credit Card,No,Student,False
ORD-14527,2024-12-25,December,Q4,Gaming Consoles,Gaming,Nintendo,53500.0,25,40125.0,1,40125.0,36078.39,4046.61,10.09,Jaipur,North,Retail Store,Credit Card,No,Enterprise,True
ORD-14528,2024-12-02,December,Q4,Tablets,Mobile,Huawei,18300.0,15,15555.0,2,31110.0,26024.18,5085.82,16.35,Delhi,North,Online,Credit Card,No,Student,True
ORD-14529,2024-10-01,October,Q4,Laptops,Computing,Lenovo,109500.0,0,109500.0,1,109500.0,78596.83,30903.17,28.22,Kolkata,East,Online,Debit Card,No,Student,True
ORD-14530,2024-02-13,February,Q1,Smart TVs,Entertainment,Mi,148700.0,5,141265.0,1,141265.0,83660.3,57604.7,40.78,Mumbai,West,Retail Store,Net Banking,No,Individual,False
ORD-14531,2024-07-22,July,Q3,Cameras,Imaging,Fujifilm,131100.0,25,98325.0,4,393300.0,301035.8,92264.2,23.46,Bangalore,South,Online,Debit Card,No,Student,False
ORD-14532,2024-09-02,September,Q3,Cameras,Imaging,Nikon,140900.0,0,140900.0,1,140900.0,91647.23,49252.77,34.96,Bangalore,South,Online,Debit Card,No,Small Business,False
ORD-14533,2024-03-05,March,Q1,Headphones,Audio,Sennheiser,10400.0,20,8320.0,4,33280.0,26404.4,6875.6,20.66,Mumbai,West,Corporate,Credit Card,No,Student,False
ORD-14534,2024-02-17,February,Q1,Headphones,Audio,Apple,16800.0,10,15120.0,2,30240.0,21572.9,8667.1,28.66,Bangalore,South,Online,Credit Card,No,Small Business,False
ORD-14535,2024-06-10,June,Q2,Tablets,Mobile,Samsung,59100.0,0,59100.0,1,59100.0,41785.44,17314.56,29.3,Chennai,South,Online,UPI,No,Small Business,False
ORD-14536,2024-05-08,May,Q2,Smartwatches,Wearables,Garmin,7100.0,10,6390.0,2,12780.0,9168.46,3611.54,28.26,Delhi,North,Corporate,Credit Card,No,Small Business,False
ORD-14537,2024-04-02,April,Q2,Laptops,Computing,Apple,35800.0,20,28640.0,2,57280.0,44152.1,13127.9,22.92,Ahmedabad,West,Online,Debit Card,No,Individual,False
ORD-14538,2024-08-10,August,Q3,Air Purifiers,Home Tech,Sharp,27900.0,25,20925.0,1,20925.0,18724.93,2200.07,10.51,Delhi,North,Online,EMI,No,Enterprise,False
ORD-14539,2024-06-09,June,Q2,Smart TVs,Entertainment,Mi,51300.0,15,43605.0,1,43605.0,37343.42,6261.58,14.36,Bangalore,South,Online,Net Banking,No,Enterprise,False
ORD-14540,2024-05-05,May,Q2,Smart TVs,Entertainment,LG,165800.0,0,165800.0,1,165800.0,92286.41,73513.59,44.34,Bangalore,South,Online,UPI,No,Enterprise,False
ORD-14541,2024-11-01,November,Q4,Laptops,Computing,Lenovo,80000.0,25,60000.0,5,300000.0,268424.25,31575.75,10.53,Lucknow,North,Distributor,EMI,No,Small Business,True
ORD-14542,2024-02-18,February,Q1,Air Purifiers,Home Tech,Dyson,17600.0,20,14080.0,4,56320.0,47983.88,8336.12,14.8,Bangalore,South,Online,UPI,No,Enterprise,False
ORD-14543,2024-04-20,April,Q2,Smartwatches,Wearables,Garmin,17600.0,30,12320.0,3,36960.0,38696.46,-1736.46,-4.7,Chennai,South,Distributor,EMI,No,Small Business,False
ORD-14544,2024-08-11,August,Q3,Routers,Networking,D-Link,4300.0,25,3225.0,1,3225.0,3097.48,127.52,3.95,Hyderabad,South,Corporate,Credit Card,No,Individual,False
ORD-14545,2024-01-16,January,Q1,Cameras,Imaging,Nikon,114700.0,30,80290.0,1,80290.0,72547.99,7742.01,9.64,Ahmedabad,West,Distributor,Debit Card,No,Student,False
ORD-14546,2024-12-29,December,Q4,Smartphones,Mobile,OnePlus,18100.0,20,14480.0,5,72400.0,55105.950000000004,17294.05,23.89,Lucknow,North,Retail Store,UPI,No,Small Business,True
ORD-14547,2024-05-16,May,Q2,Air Purifiers,Home Tech,Xiaomi,38500.0,25,28875.0,1,28875.0,27036.34,1838.66,6.37,Pune,West,Online,Debit Card,No,Small Business,False
ORD-14548,2024-01-31,January,Q1,Gaming Consoles,Gaming,Nintendo,45800.0,20,36640.0,3,109920.0,88764.0,21156.0,19.25,Delhi,North,Online,Cash,No,Small Business,False
ORD-14549,2024-10-30,October,Q4,Gaming Consoles,Gaming,Nintendo,26700.0,30,18690.0,1,18690.0,19067.24,-377.24,-2.02,Lucknow,North,Distributor,Cash,No,Individual,True
ORD-14550,2024-12-07,December,Q4,Smartwatches,Wearables,Boat,16700.0,10,15030.0,3,45090.0,32465.52,12624.48,28.0,Kolkata,East,Online,Debit Card,No,Student,True
ORD-14551,2024-09-19,September,Q3,Smartphones,Mobile,Apple,10700.0,25,8025.0,2,16050.0,15908.42,141.58,0.88,Mumbai,West,Online,Net Banking,No,Enterprise,False
ORD-14552,2024-08-03,August,Q3,Routers,Networking,TP-Link,2100.0,25,1575.0,2,3150.0,2955.78,194.22,6.17,Delhi,North,Distributor,Cash,No,Small Business,False
ORD-14553,2024-08-01,August,Q3,Smartphones,Mobile,OnePlus,43500.0,5,41325.0,3,123975.0,76623.48,47351.52,38.19,Delhi,North,Online,Net Banking,No,Enterprise,False
ORD-14554,2024-11-13,November,Q4,Gaming Consoles,Gaming,Sony,40200.0,30,28140.0,3,84420.0,82813.53,1606.47,1.9,Lucknow,North,Retail Store,UPI,No,Individual,True
ORD-14555,2024-11-04,November,Q4,Laptops,Computing,HP,61000.0,0,61000.0,2,122000.0,79058.56,42941.44,35.2,Kolkata,East,Online,Debit Card,No,Enterprise,True
ORD-14556,2024-10-20,October,Q4,Headphones,Audio,Apple,16000.0,30,11200.0,1,11200.0,10073.34,1126.66,10.06,Lucknow,North,Corporate,EMI,Yes,Student,True
ORD-14557,2024-09-23,September,Q3,Smartphones,Mobile,Samsung,62500.0,10,56250.0,1,56250.0,45548.08,10701.92,19.03,Chennai,South,Corporate,Credit Card,No,Enterprise,False
ORD-14558,2024-04-17,April,Q2,Gaming Consoles,Gaming,Microsoft,32700.0,30,22890.0,2,45780.0,48828.26,-3048.26,-6.66,Hyderabad,South,Distributor,Credit Card,No,Individual,False
ORD-14559,2024-10-25,October,Q4,Cameras,Imaging,Canon,142300.0,10,128070.0,2,256140.0,167711.78,88428.22,34.52,Chennai,South,Distributor,Net Banking,No,Enterprise,True
ORD-14560,2024-04-22,April,Q2,Tablets,Mobile,Lenovo,58300.0,25,43725.0,3,131175.0,102239.16,28935.84,22.06,Hyderabad,South,Retail Store,Net Banking,No,Individual,False
ORD-14561,2024-06-02,June,Q2,Gaming Consoles,Gaming,Microsoft,21500.0,15,18275.0,1,18275.0,13012.98,5262.02,28.79,Pune,West,Online,Net Banking,No,Student,False
ORD-14562,2024-10-18,October,Q4,Smart TVs,Entertainment,LG,147700.0,0,147700.0,5,738500.0,530744.15,207755.85,28.13,Ahmedabad,West,Distributor,Debit Card,No,Individual,True
ORD-14563,2024-02-11,February,Q1,Gaming Consoles,Gaming,Sony,32900.0,20,26320.0,3,78960.0,56222.37,22737.63,28.8,Mumbai,West,Online,Debit Card,No,Student,False
ORD-14564,2024-07-23,July,Q3,Air Purifiers,Home Tech,Sharp,29100.0,20,23280.0,1,23280.0,21053.13,2226.87,9.57,Pune,West,Online,Net Banking,No,Enterprise,False
ORD-14565,2024-12-12,December,Q4,Routers,Networking,D-Link,8400.0,25,6300.0,2,12600.0,9383.96,3216.04,25.52,Chennai,South,Retail Store,UPI,No,Small Business,True
ORD-14566,2024-06-16,June,Q2,Routers,Networking,Asus,7800.0,30,5460.0,1,5460.0,4601.84,858.16,15.72,Jaipur,North,Online,Credit Card,No,Student,False
ORD-14567,2024-04-15,April,Q2,Laptops,Computing,HP,29900.0,20,23920.0,2,47840.0,42339.72,5500.28,11.5,Kolkata,East,Retail Store,Debit Card,No,Small Business,False
ORD-14568,2024-12-20,December,Q4,Smartphones,Mobile,Xiaomi,26100.0,15,22185.0,1,22185.0,19300.21,2884.79,13.0,Delhi,North,Distributor,UPI,No,Enterprise,True
ORD-14569,2024-12-19,December,Q4,Laptops,Computing,Lenovo,26400.0,0,26400.0,5,132000.0,92231.65000000001,39768.35,30.13,Jaipur,North,Online,Debit Card,No,Individual,True
ORD-14570,2024-09-10,September,Q3,Smartphones,Mobile,Samsung,10700.0,10,9630.0,1,9630.0,6986.47,2643.53,27.45,Pune,West,Online,Debit Card,No,Small Business,False
ORD-14571,2024-12-15,December,Q4,Smart TVs,Entertainment,Samsung,108700.0,0,108700.0,1,108700.0,59967.47,48732.53,44.83,Lucknow,North,Online,Credit Card,No,Small Business,True
ORD-14572,2024-12-24,December,Q4,Gaming Consoles,Gaming,Microsoft,25100.0,30,17570.0,2,35140.0,31235.88,3904.12,11.11,Delhi,North,Online,UPI,No,Student,True
ORD-14573,2024-02-01,February,Q1,Laptops,Computing,Dell,83200.0,25,62400.0,2,124800.0,95819.86,28980.14,23.22,Pune,West,Online,UPI,No,Student,False
ORD-14574,2024-02-26,February,Q1,Laptops,Computing,Dell,109100.0,10,98190.0,1,98190.0,71244.63,26945.37,27.44,Chennai,South,Online,EMI,No,Student,False
ORD-14575,2024-06-24,June,Q2,Tablets,Mobile,Huawei,50700.0,5,48165.0,1,48165.0,29136.78,19028.22,39.51,Kolkata,East,Corporate,Debit Card,No,Individual,False
ORD-14576,2024-01-01,January,Q1,Laptops,Computing,Dell,40600.0,5,38570.0,3,115710.0,72330.95999999999,43379.04,37.49,Mumbai,West,Online,Credit Card,No,Enterprise,False
ORD-14577,2024-07-07,July,Q3,Cameras,Imaging,Fujifilm,136600.0,5,129770.0,2,259540.0,162357.16,97182.84,37.44,Chennai,South,Online,Credit Card,No,Enterprise,False
ORD-14578,2024-05-24,May,Q2,Cameras,Imaging,Nikon,32900.0,20,26320.0,1,26320.0,18243.88,8076.12,30.68,Ahmedabad,West,Online,Debit Card,No,Small Business,False
ORD-14579,2024-09-19,September,Q3,Gaming Consoles,Gaming,Nintendo,20500.0,25,15375.0,1,15375.0,13791.3,1583.7,10.3,Mumbai,West,Retail Store,Cash,No,Enterprise,False
ORD-14580,2024-03-23,March,Q1,Routers,Networking,TP-Link,7100.0,5,6745.0,2,13490.0,8938.2,4551.8,33.74,Pune,West,Corporate,Credit Card,No,Student,False
ORD-14581,2024-04-04,April,Q2,Air Purifiers,Home Tech,Xiaomi,38400.0,0,38400.0,2,76800.0,56884.6,19915.4,25.93,Pune,West,Retail Store,Cash,No,Student,False
ORD-14582,2024-10-20,October,Q4,Routers,Networking,TP-Link,6200.0,10,5580.0,1,5580.0,3522.93,2057.07,36.87,Hyderabad,South,Retail Store,Debit Card,No,Small Business,True
ORD-14583,2024-11-14,November,Q4,Cameras,Imaging,Sony,43000.0,10,38700.0,3,116100.0,74576.45999999999,41523.54,35.77,Delhi,North,Retail Store,UPI,No,Enterprise,True
ORD-14584,2024-09-25,September,Q3,Air Purifiers,Home Tech,Philips,24800.0,0,24800.0,1,24800.0,16929.25,7870.75,31.74,Mumbai,West,Distributor,Debit Card,No,Student,False
ORD-14585,2024-03-29,March,Q1,Cameras,Imaging,Sony,118000.0,25,88500.0,4,354000.0,320757.92,33242.08,9.39,Hyderabad,South,Online,Credit Card,No,Student,False
ORD-14586,2024-09-21,September,Q3,Laptops,Computing,HP,35100.0,10,31590.0,3,94770.0,78107.43000000001,16662.57,17.58,Kolkata,East,Online,Credit Card,No,Individual,False
ORD-14587,2024-03-11,March,Q1,Headphones,Audio,Sony,5900.0,0,5900.0,4,23600.0,13525.48,10074.52,42.69,Chennai,South,Online,Credit Card,No,Small Business,False
ORD-14588,2024-02-12,February,Q1,Headphones,Audio,Boat,11900.0,15,10115.0,3,30345.0,23220.510000000002,7124.49,23.48,Mumbai,West,Corporate,Credit Card,No,Small Business,False
ORD-14589,2024-03-09,March,Q1,Air Purifiers,Home Tech,Sharp,5800.0,25,4350.0,1,4350.0,3337.19,1012.81,23.28,Mumbai,West,Retail Store,Debit Card,No,Student,False
ORD-14590,2024-11-09,November,Q4,Gaming Consoles,Gaming,Nintendo,53800.0,15,45730.0,3,137190.0,111231.42,25958.58,18.92,Pune,West,Retail Store,Debit Card,No,Enterprise,True
ORD-14591,2024-02-09,February,Q1,Laptops,Computing,HP,58000.0,30,40600.0,1,40600.0,37094.87,3505.13,8.63,Kolkata,East,Distributor,Debit Card,No,Small Business,False
ORD-14592,2024-12-24,December,Q4,Air Purifiers,Home Tech,Sharp,11700.0,20,9360.0,1,9360.0,7396.45,1963.55,20.98,Mumbai,West,Corporate,Credit Card,No,Enterprise,True
ORD-14593,2024-09-12,September,Q3,Smartwatches,Wearables,Apple,30100.0,30,21070.0,2,42140.0,37398.42,4741.58,11.25,Bangalore,South,Online,UPI,No,Student,False
ORD-14594,2024-01-05,January,Q1,Headphones,Audio,Boat,3700.0,25,2775.0,3,8325.0,6924.93,1400.07,16.82,Lucknow,North,Retail Store,UPI,No,Small Business,False
ORD-14595,2024-04-17,April,Q2,Routers,Networking,TP-Link,12300.0,5,11685.0,3,35055.0,21861.0,13194.0,37.64,Kolkata,East,Distributor,Cash,No,Student,False
ORD-14596,2024-11-14,November,Q4,Air Purifiers,Home Tech,Xiaomi,28700.0,15,24395.0,1,24395.0,19126.91,5268.09,21.59,Mumbai,West,Retail Store,UPI,Yes,Enterprise,True
ORD-14597,2024-02-04,February,Q1,Laptops,Computing,Dell,60200.0,20,48160.0,1,48160.0,43977.51,4182.49,8.68,Bangalore,South,Online,UPI,No,Individual,False
ORD-14598,2024-06-13,June,Q2,Smartwatches,Wearables,Boat,18900.0,5,17955.0,2,35910.0,23831.72,12078.28,33.63,Bangalore,South,Online,EMI,No,Enterprise,False
ORD-14599,2024-06-22,June,Q2,Routers,Networking,Asus,11000.0,25,8250.0,1,8250.0,7327.67,922.33,11.18,Chennai,South,Retail Store,EMI,No,Student,False
ORD-14600,2024-06-26,June,Q2,Smartphones,Mobile,Vivo,56200.0,10,50580.0,4,202320.0,152690.24,49629.76,24.53,Ahmedabad,West,Retail Store,UPI,Yes,Student,False
ORD-14601,2024-09-27,September,Q3,Headphones,Audio,JBL,7300.0,0,7300.0,3,21900.0,12728.939999999999,9171.06,41.88,Ahmedabad,West,Distributor,EMI,No,Small Business,False
ORD-14602,2024-05-21,May,Q2,Headphones,Audio,Boat,11300.0,30,7910.0,1,7910.0,6678.05,1231.95,15.57,Kolkata,East,Retail Store,UPI,No,Student,False
ORD-14603,2024-08-22,August,Q3,Laptops,Computing,Dell,76200.0,0,76200.0,1,76200.0,48114.47,28085.53,36.86,Jaipur,North,Online,Credit Card,No,Small Business,False
ORD-14604,2024-05-31,May,Q2,Air Purifiers,Home Tech,Sharp,15100.0,15,12835.0,1,12835.0,9628.23,3206.77,24.98,Jaipur,North,Retail Store,Credit Card,No,Small Business,False
ORD-14605,2024-12-20,December,Q4,Smart TVs,Entertainment,Sony,133500.0,30,93450.0,2,186900.0,189740.18,-2840.18,-1.52,Jaipur,North,Online,Credit Card,No,Enterprise,True
ORD-14606,2024-03-02,March,Q1,Smart TVs,Entertainment,Samsung,66300.0,30,46410.0,1,46410.0,48060.62,-1650.62,-3.56,Pune,West,Online,Credit Card,No,Individual,False
ORD-14607,2024-08-23,August,Q3,Gaming Consoles,Gaming,Nintendo,22100.0,15,18785.0,4,75140.0,59969.44,15170.56,20.19,Hyderabad,South,Retail Store,Credit Card,Yes,Individual,False
ORD-14608,2024-01-11,January,Q1,Laptops,Computing,Asus,43600.0,30,30520.0,1,30520.0,32073.09,-1553.09,-5.09,Delhi,North,Online,UPI,No,Small Business,False
ORD-14609,2024-02-25,February,Q1,Tablets,Mobile,Lenovo,29100.0,25,21825.0,2,43650.0,33490.36,10159.64,23.28,Mumbai,West,Online,Credit Card,No,Small Business,False
ORD-14610,2024-06-16,June,Q2,Laptops,Computing,Asus,69600.0,25,52200.0,1,52200.0,45682.51,6517.49,12.49,Kolkata,East,Online,Cash,No,Small Business,False
ORD-14611,2024-05-18,May,Q2,Smart TVs,Entertainment,OnePlus,71900.0,20,57520.0,1,57520.0,50249.63,7270.37,12.64,Bangalore,South,Online,UPI,No,Individual,False
ORD-14612,2024-08-02,August,Q3,Headphones,Audio,Apple,10400.0,15,8840.0,1,8840.0,6056.82,2783.18,31.48,Pune,West,Online,UPI,No,Individual,False
ORD-14613,2024-05-22,May,Q2,Routers,Networking,D-Link,6900.0,20,5520.0,2,11040.0,8724.9,2315.1,20.97,Chennai,South,Retail Store,Credit Card,No,Small Business,False
ORD-14614,2024-03-23,March,Q1,Laptops,Computing,Apple,57500.0,25,43125.0,2,86250.0,82557.56,3692.44,4.28,Lucknow,North,Online,UPI,No,Individual,False
ORD-14615,2024-08-04,August,Q3,Smartwatches,Wearables,Apple,18800.0,20,15040.0,5,75200.0,58999.45,16200.55,21.54,Delhi,North,Retail Store,EMI,No,Enterprise,False
ORD-14616,2024-05-19,May,Q2,Smartwatches,Wearables,Samsung,11000.0,10,9900.0,1,9900.0,7326.82,2573.18,25.99,Hyderabad,South,Online,Cash,No,Individual,False
ORD-14617,2024-12-12,December,Q4,Tablets,Mobile,Samsung,36900.0,15,31365.0,5,156825.0,119617.8,37207.2,23.73,Mumbai,West,Online,Cash,No,Small Business,True
ORD-14618,2024-04-05,April,Q2,Laptops,Computing,Lenovo,36400.0,30,25480.0,2,50960.0,46828.58,4131.42,8.11,Delhi,North,Retail Store,Credit Card,No,Student,False
ORD-14619,2024-01-15,January,Q1,Smartwatches,Wearables,Boat,20200.0,5,19190.0,2,38380.0,22871.36,15508.64,40.41,Hyderabad,South,Retail Store,UPI,No,Small Business,False
ORD-14620,2024-01-17,January,Q1,Air Purifiers,Home Tech,Dyson,36600.0,5,34770.0,2,69540.0,41411.72,28128.28,40.45,Mumbai,West,Corporate,Credit Card,No,Student,False
ORD-14621,2024-05-09,May,Q2,Gaming Consoles,Gaming,Nintendo,50500.0,20,40400.0,3,121200.0,100487.25,20712.75,17.09,Kolkata,East,Retail Store,UPI,No,Student,False
ORD-14622,2024-01-17,January,Q1,Laptops,Computing,Asus,98500.0,25,73875.0,1,73875.0,66805.6,7069.4,9.57,Jaipur,North,Retail Store,UPI,No,Individual,False
ORD-14623,2024-03-01,March,Q1,Laptops,Computing,Dell,101600.0,0,101600.0,1,101600.0,69147.24,32452.76,31.94,Bangalore,South,Retail Store,Debit Card,Yes,Small Business,False
ORD-14624,2024-07-05,July,Q3,Tablets,Mobile,Apple,20500.0,15,17425.0,1,17425.0,12650.24,4774.76,27.4,Hyderabad,South,Online,Credit Card,No,Small Business,False
ORD-14625,2024-11-18,November,Q4,Tablets,Mobile,Lenovo,23900.0,25,17925.0,3,53775.0,48174.659999999996,5600.34,10.41,Jaipur,North,Online,UPI,No,Small Business,True
ORD-14626,2024-08-02,August,Q3,Laptops,Computing,Asus,93800.0,10,84420.0,1,84420.0,57684.79,26735.21,31.67,Hyderabad,South,Online,Debit Card,No,Student,False
ORD-14627,2024-01-29,January,Q1,Tablets,Mobile,Samsung,54400.0,10,48960.0,1,48960.0,37213.28,11746.72,23.99,Delhi,North,Retail Store,Debit Card,No,Individual,False
ORD-14628,2024-06-08,June,Q2,Air Purifiers,Home Tech,Sharp,7600.0,5,7220.0,2,14440.0,11294.08,3145.92,21.79,Kolkata,East,Retail Store,Debit Card,Yes,Enterprise,False
ORD-14629,2024-05-30,May,Q2,Laptops,Computing,Apple,96100.0,30,67270.0,1,67270.0,68158.03,-888.03,-1.32,Chennai,South,Retail Store,EMI,No,Student,False
ORD-14630,2024-08-22,August,Q3,Smartphones,Mobile,OnePlus,8800.0,10,7920.0,6,47520.0,33407.100000000006,14112.9,29.7,Bangalore,South,Online,Credit Card,No,Enterprise,False
ORD-14631,2024-07-22,July,Q3,Headphones,Audio,JBL,24600.0,30,17220.0,4,68880.0,61937.36,6942.64,10.08,Hyderabad,South,Retail Store,EMI,No,Individual,False
ORD-14632,2024-02-13,February,Q1,Gaming Consoles,Gaming,Nintendo,21100.0,15,17935.0,1,17935.0,12956.35,4978.65,27.76,Kolkata,East,Retail Store,UPI,No,Student,False
ORD-14633,2024-09-05,September,Q3,Gaming Consoles,Gaming,Sony,46600.0,0,46600.0,1,46600.0,33218.6,13381.4,28.72,Jaipur,North,Online,UPI,No,Small Business,False
ORD-14634,2024-12-14,December,Q4,Air Purifiers,Home Tech,Philips,32900.0,20,26320.0,1,26320.0,18602.83,7717.17,29.32,Lucknow,North,Online,UPI,No,Small Business,True
ORD-14635,2024-06-27,June,Q2,Smart TVs,Entertainment,Mi,62600.0,20,50080.0,1,50080.0,39977.36,10102.64,20.17,Ahmedabad,West,Corporate,Credit Card,No,Enterprise,False
ORD-14636,2024-12-13,December,Q4,Air Purifiers,Home Tech,Philips,10600.0,10,9540.0,2,19080.0,15318.4,3761.6,19.71,Pune,West,Distributor,EMI,No,Small Business,True
ORD-14637,2024-08-11,August,Q3,Cameras,Imaging,Canon,79000.0,20,63200.0,7,442400.0,328071.52,114328.48,25.84,Hyderabad,South,Online,UPI,No,Small Business,False
ORD-14638,2024-08-29,August,Q3,Routers,Networking,Netgear,6500.0,25,4875.0,3,14625.0,11163.3,3461.7,23.67,Lucknow,North,Online,Credit Card,No,Student,False
ORD-14639,2024-11-25,November,Q4,Routers,Networking,TP-Link,8600.0,0,8600.0,1,8600.0,5557.89,3042.11,35.37,Pune,West,Retail Store,UPI,No,Small Business,True
ORD-14640,2024-03-14,March,Q1,Air Purifiers,Home Tech,Xiaomi,5500.0,5,5225.0,1,5225.0,3786.12,1438.88,27.54,Mumbai,West,Online,EMI,No,Individual,False
ORD-14641,2024-04-30,April,Q2,Smart TVs,Entertainment,OnePlus,163300.0,10,146970.0,1,146970.0,94453.14,52516.86,35.73,Delhi,North,Online,Credit Card,No,Small Business,False
ORD-14642,2024-09-12,September,Q3,Gaming Consoles,Gaming,Sony,40300.0,25,30225.0,1,30225.0,23324.68,6900.32,22.83,Kolkata,East,Corporate,Debit Card,No,Enterprise,False
ORD-14643,2024-05-13,May,Q2,Tablets,Mobile,Huawei,51200.0,25,38400.0,1,38400.0,37130.2,1269.8,3.31,Lucknow,North,Online,Debit Card,No,Student,False
ORD-14644,2024-10-20,October,Q4,Routers,Networking,Netgear,3000.0,10,2700.0,2,5400.0,3335.74,2064.26,38.23,Ahmedabad,West,Online,Cash,No,Enterprise,True
ORD-14645,2024-11-09,November,Q4,Routers,Networking,TP-Link,9800.0,25,7350.0,1,7350.0,6206.24,1143.76,15.56,Delhi,North,Retail Store,UPI,No,Individual,True
ORD-14646,2024-11-03,November,Q4,Routers,Networking,TP-Link,4700.0,20,3760.0,3,11280.0,8341.14,2938.86,26.05,Kolkata,East,Retail Store,Credit Card,Yes,Enterprise,True
ORD-14647,2024-06-17,June,Q2,Tablets,Mobile,Apple,34200.0,20,27360.0,1,27360.0,20581.5,6778.5,24.78,Kolkata,East,Retail Store,EMI,No,Student,False
ORD-14648,2024-04-01,April,Q2,Tablets,Mobile,Apple,15100.0,10,13590.0,1,13590.0,11314.94,2275.06,16.74,Chennai,South,Online,UPI,No,Small Business,False
ORD-14649,2024-04-05,April,Q2,Gaming Consoles,Gaming,Microsoft,28900.0,0,28900.0,2,57800.0,32776.58,25023.42,43.29,Kolkata,East,Online,Debit Card,No,Individual,False
ORD-14650,2024-08-04,August,Q3,Smartphones,Mobile,Vivo,36700.0,30,25690.0,5,128450.0,136124.8,-7674.8,-5.97,Lucknow,North,Distributor,EMI,No,Student,False
ORD-14651,2024-08-06,August,Q3,Smartphones,Mobile,OnePlus,67600.0,10,60840.0,2,121680.0,97177.28,24502.72,20.14,Lucknow,North,Retail Store,Debit Card,No,Student,False
ORD-14652,2024-02-03,February,Q1,Laptops,Computing,Apple,33100.0,5,31445.0,2,62890.0,45126.62,17763.38,28.25,Ahmedabad,West,Online,Debit Card,No,Individual,False
ORD-14653,2024-10-02,October,Q4,Headphones,Audio,Sennheiser,8600.0,10,7740.0,1,7740.0,6209.83,1530.17,19.77,Kolkata,East,Corporate,Credit Card,No,Enterprise,True
ORD-14654,2024-02-02,February,Q1,Cameras,Imaging,Fujifilm,133300.0,30,93310.0,3,279930.0,253578.12,26351.88,9.41,Pune,West,Online,Debit Card,No,Individual,False
ORD-14655,2024-11-01,November,Q4,Cameras,Imaging,Fujifilm,91100.0,15,77435.0,1,77435.0,51224.47,26210.53,33.85,Bangalore,South,Online,Credit Card,Yes,Enterprise,True
ORD-14656,2024-12-17,December,Q4,Laptops,Computing,Lenovo,47300.0,25,35475.0,1,35475.0,26057.86,9417.14,26.55,Hyderabad,South,Online,Debit Card,Yes,Enterprise,True
ORD-14657,2024-11-06,November,Q4,Laptops,Computing,Asus,39800.0,5,37810.0,2,75620.0,45684.68,29935.32,39.59,Ahmedabad,West,Retail Store,UPI,No,Small Business,True
ORD-14658,2024-04-02,April,Q2,Tablets,Mobile,Samsung,52900.0,25,39675.0,3,119025.0,96855.20999999999,22169.79,18.63,Delhi,North,Distributor,EMI,No,Small Business,False
ORD-14659,2024-09-19,September,Q3,Laptops,Computing,Apple,27700.0,5,26315.0,1,26315.0,16660.85,9654.15,36.69,Chennai,South,Online,Credit Card,No,Small Business,False
ORD-14660,2024-10-29,October,Q4,Smartwatches,Wearables,Boat,11800.0,20,9440.0,5,47200.0,36307.75,10892.25,23.08,Jaipur,North,Retail Store,UPI,No,Individual,True
ORD-14661,2024-06-01,June,Q2,Smartwatches,Wearables,Samsung,33500.0,10,30150.0,2,60300.0,38023.52,22276.48,36.94,Chennai,South,Online,Credit Card,No,Enterprise,False
ORD-14662,2024-04-25,April,Q2,Laptops,Computing,Asus,116500.0,20,93200.0,3,279600.0,239317.23,40282.77,14.41,Delhi,North,Distributor,Credit Card,Yes,Small Business,False
ORD-14663,2024-06-27,June,Q2,Headphones,Audio,Sennheiser,15900.0,25,11925.0,1,11925.0,9885.1,2039.9,17.11,Hyderabad,South,Distributor,UPI,Yes,Small Business,False
ORD-14664,2024-06-14,June,Q2,Headphones,Audio,Sony,12400.0,15,10540.0,3,31620.0,24511.170000000002,7108.83,22.48,Bangalore,South,Retail Store,UPI,No,Small Business,False
ORD-14665,2024-10-18,October,Q4,Gaming Consoles,Gaming,Nintendo,28900.0,30,20230.0,3,60690.0,57240.299999999996,3449.7,5.68,Mumbai,West,Online,Credit Card,No,Student,True
ORD-14666,2024-03-01,March,Q1,Routers,Networking,D-Link,9000.0,25,6750.0,2,13500.0,13428.38,71.62,0.53,Lucknow,North,Retail Store,Credit Card,No,Small Business,False
ORD-14667,2024-07-08,July,Q3,Headphones,Audio,Apple,15300.0,0,15300.0,3,45900.0,33693.18,12206.82,26.59,Pune,West,Online,Credit Card,No,Small Business,False
ORD-14668,2024-09-21,September,Q3,Cameras,Imaging,Canon,119700.0,15,101745.0,2,203490.0,153979.48,49510.52,24.33,Hyderabad,South,Distributor,UPI,No,Individual,False
ORD-14669,2024-06-12,June,Q2,Headphones,Audio,Boat,6000.0,25,4500.0,1,4500.0,3323.81,1176.19,26.14,Chennai,South,Online,UPI,No,Enterprise,False
ORD-14670,2024-09-04,September,Q3,Smartphones,Mobile,Xiaomi,51600.0,30,36120.0,2,72240.0,64497.32,7742.68,10.72,Chennai,South,Distributor,UPI,No,Enterprise,False
ORD-14671,2024-01-01,January,Q1,Cameras,Imaging,Fujifilm,27900.0,20,22320.0,4,89280.0,70892.44,18387.56,20.6,Bangalore,South,Distributor,UPI,No,Small Business,False
ORD-14672,2024-11-09,November,Q4,Smart TVs,Entertainment,Sony,128900.0,0,128900.0,3,386700.0,262558.65,124141.35,32.1,Ahmedabad,West,Retail Store,EMI,No,Student,True
ORD-14673,2024-12-19,December,Q4,Headphones,Audio,Sennheiser,24100.0,0,24100.0,6,144600.0,105229.74,39370.26,27.23,Delhi,North,Retail Store,UPI,No,Small Business,True
ORD-14674,2024-03-02,March,Q1,Air Purifiers,Home Tech,Xiaomi,16400.0,0,16400.0,2,32800.0,19748.86,13051.14,39.79,Delhi,North,Retail Store,UPI,No,Enterprise,False
ORD-14675,2024-01-26,January,Q1,Smart TVs,Entertainment,Mi,176500.0,5,167675.0,1,167675.0,126917.51,40757.49,24.31,Ahmedabad,West,Online,Credit Card,No,Individual,False
ORD-14676,2024-10-24,October,Q4,Headphones,Audio,Sony,6800.0,10,6120.0,1,6120.0,5009.9,1110.1,18.14,Mumbai,West,Retail Store,Credit Card,No,Individual,True
ORD-14677,2024-04-21,April,Q2,Routers,Networking,Asus,10000.0,5,9500.0,1,9500.0,6514.18,2985.82,31.43,Jaipur,North,Online,UPI,No,Student,False
ORD-14678,2024-09-05,September,Q3,Routers,Networking,Netgear,13500.0,30,9450.0,1,9450.0,8258.43,1191.57,12.61,Pune,West,Retail Store,Debit Card,No,Individual,False
ORD-14679,2024-11-06,November,Q4,Air Purifiers,Home Tech,Sharp,19300.0,20,15440.0,1,15440.0,12012.21,3427.79,22.2,Kolkata,East,Retail Store,Debit Card,No,Enterprise,True
ORD-14680,2024-12-30,December,Q4,Headphones,Audio,Boat,12400.0,15,10540.0,5,52700.0,36532.25,16167.75,30.68,Kolkata,East,Online,Credit Card,No,Individual,True
ORD-14681,2024-08-11,August,Q3,Smartwatches,Wearables,Samsung,43500.0,10,39150.0,2,78300.0,58237.26,20062.74,25.62,Pune,West,Online,UPI,No,Enterprise,False
ORD-14682,2024-01-25,January,Q1,Cameras,Imaging,Sony,79400.0,25,59550.0,4,238200.0,182840.2,55359.8,23.24,Hyderabad,South,Retail Store,UPI,No,Student,False
ORD-14683,2024-12-26,December,Q4,Tablets,Mobile,Lenovo,26300.0,25,19725.0,1,19725.0,15920.52,3804.48,19.29,Ahmedabad,West,Retail Store,Debit Card,No,Enterprise,True
ORD-14684,2024-04-22,April,Q2,Laptops,Computing,Lenovo,110200.0,25,82650.0,1,82650.0,63226.44,19423.56,23.5,Bangalore,South,Corporate,Credit Card,No,Individual,False
ORD-14685,2024-10-23,October,Q4,Cameras,Imaging,Fujifilm,127700.0,5,121315.0,1,121315.0,78185.14,43129.86,35.55,Bangalore,South,Retail Store,Net Banking,No,Individual,True
ORD-14686,2024-06-07,June,Q2,Smartphones,Mobile,OnePlus,19400.0,25,14550.0,5,72750.0,66770.45,5979.55,8.22,Ahmedabad,West,Corporate,EMI,No,Enterprise,False
ORD-14687,2024-08-24,August,Q3,Cameras,Imaging,Fujifilm,140600.0,30,98420.0,2,196840.0,200460.22,-3620.22,-1.84,Mumbai,West,Corporate,EMI,No,Student,False
ORD-14688,2024-10-19,October,Q4,Gaming Consoles,Gaming,Microsoft,31200.0,25,23400.0,2,46800.0,42366.64,4433.36,9.47,Lucknow,North,Online,Debit Card,No,Individual,True
ORD-14689,2024-11-14,November,Q4,Headphones,Audio,Sony,12400.0,30,8680.0,3,26040.0,26412.0,-372.0,-1.43,Chennai,South,Online,EMI,No,Individual,True
ORD-14690,2024-05-19,May,Q2,Laptops,Computing,Dell,72400.0,20,57920.0,5,289600.0,210172.85,79427.15,27.43,Bangalore,South,Online,Debit Card,No,Individual,False
ORD-14691,2024-12-24,December,Q4,Smart TVs,Entertainment,Mi,20300.0,5,19285.0,5,96425.0,67703.4,28721.6,29.79,Pune,West,Online,EMI,No,Student,True
ORD-14692,2024-05-11,May,Q2,Air Purifiers,Home Tech,Philips,26600.0,0,26600.0,1,26600.0,18398.12,8201.88,30.83,Pune,West,Online,UPI,No,Individual,False
ORD-14693,2024-05-09,May,Q2,Gaming Consoles,Gaming,Microsoft,32100.0,25,24075.0,1,24075.0,22598.32,1476.68,6.13,Pune,West,Online,Credit Card,No,Student,False
ORD-14694,2024-04-28,April,Q2,Smart TVs,Entertainment,LG,167300.0,5,158935.0,2,317870.0,236016.16,81853.84,25.75,Jaipur,North,Retail Store,Credit Card,No,Student,False
ORD-14695,2024-06-24,June,Q2,Laptops,Computing,Apple,112300.0,5,106685.0,1,106685.0,77777.73,28907.27,27.1,Jaipur,North,Online,UPI,No,Individual,False
ORD-14696,2024-04-16,April,Q2,Smartphones,Mobile,Samsung,38400.0,0,38400.0,1,38400.0,24234.91,14165.09,36.89,Hyderabad,South,Retail Store,Debit Card,No,Individual,False
ORD-14697,2024-04-13,April,Q2,Smartwatches,Wearables,Boat,12100.0,10,10890.0,1,10890.0,8898.97,1991.03,18.28,Delhi,North,Corporate,Debit Card,No,Small Business,False
ORD-14698,2024-04-14,April,Q2,Headphones,Audio,Boat,23400.0,25,17550.0,1,17550.0,15820.66,1729.34,9.85,Ahmedabad,West,Online,Debit Card,No,Individual,False
ORD-14699,2024-11-16,November,Q4,Routers,Networking,Netgear,2300.0,15,1955.0,1,1955.0,1573.45,381.55,19.52,Kolkata,East,Retail Store,Debit Card,Yes,Individual,True
ORD-14700,2024-09-27,September,Q3,Cameras,Imaging,Fujifilm,148800.0,25,111600.0,2,223200.0,194691.54,28508.46,12.77,Delhi,North,Retail Store,EMI,No,Individual,False
ORD-14701,2024-03-19,March,Q1,Smart TVs,Entertainment,Mi,118100.0,15,100385.0,4,401540.0,354037.84,47502.16,11.83,Ahmedabad,West,Corporate,EMI,No,Enterprise,False
ORD-14702,2024-08-18,August,Q3,Gaming Consoles,Gaming,Microsoft,28400.0,10,25560.0,1,25560.0,18023.12,7536.88,29.49,Hyderabad,South,Retail Store,Cash,No,Small Business,False
ORD-14703,2024-06-27,June,Q2,Headphones,Audio,Sennheiser,17500.0,20,14000.0,3,42000.0,32977.26,9022.74,21.48,Lucknow,North,Corporate,Debit Card,No,Individual,False
ORD-14704,2024-12-05,December,Q4,Tablets,Mobile,Apple,35100.0,10,31590.0,6,189540.0,156595.5,32944.5,17.38,Bangalore,South,Online,UPI,No,Individual,True
ORD-14705,2024-05-13,May,Q2,Smartwatches,Wearables,Apple,27900.0,20,22320.0,1,22320.0,18931.28,3388.72,15.18,Chennai,South,Retail Store,Credit Card,No,Student,False
ORD-14706,2024-11-11,November,Q4,Smart TVs,Entertainment,Mi,77900.0,20,62320.0,1,62320.0,57657.97,4662.03,7.48,Delhi,North,Online,EMI,No,Small Business,True
ORD-14707,2024-04-19,April,Q2,Routers,Networking,Netgear,7200.0,10,6480.0,2,12960.0,10281.7,2678.3,20.67,Hyderabad,South,Retail Store,UPI,No,Enterprise,False
ORD-14708,2024-10-22,October,Q4,Cameras,Imaging,Fujifilm,82000.0,20,65600.0,1,65600.0,56650.81,8949.19,13.64,Chennai,South,Corporate,Credit Card,No,Enterprise,True
ORD-14709,2024-04-03,April,Q2,Smartphones,Mobile,Samsung,8100.0,0,8100.0,1,8100.0,6045.83,2054.17,25.36,Pune,West,Retail Store,Credit Card,No,Enterprise,False
ORD-14710,2024-09-08,September,Q3,Gaming Consoles,Gaming,Sony,20100.0,10,18090.0,2,36180.0,22567.82,13612.18,37.62,Delhi,North,Distributor,EMI,No,Student,False
ORD-14711,2024-01-08,January,Q1,Smart TVs,Entertainment,LG,46500.0,25,34875.0,1,34875.0,31635.99,3239.01,9.29,Ahmedabad,West,Online,Debit Card,No,Enterprise,False
ORD-14712,2024-11-17,November,Q4,Gaming Consoles,Gaming,Nintendo,28400.0,0,28400.0,1,28400.0,15767.99,12632.01,44.48,Chennai,South,Online,Debit Card,No,Individual,True
ORD-14713,2024-04-27,April,Q2,Air Purifiers,Home Tech,Philips,22800.0,0,22800.0,3,68400.0,38369.520000000004,30030.48,43.9,Bangalore,South,Corporate,EMI,No,Enterprise,False
ORD-14714,2024-08-17,August,Q3,Smartwatches,Wearables,Garmin,40000.0,0,40000.0,2,80000.0,46492.18,33507.82,41.88,Chennai,South,Retail Store,Debit Card,No,Student,False
ORD-14715,2024-12-01,December,Q4,Smart TVs,Entertainment,LG,144900.0,30,101430.0,2,202860.0,169862.38,32997.62,16.27,Pune,West,Online,Credit Card,No,Small Business,True
ORD-14716,2024-03-01,March,Q1,Tablets,Mobile,Huawei,24300.0,5,23085.0,1,23085.0,13844.46,9240.54,40.03,Chennai,South,Online,Credit Card,No,Enterprise,False
ORD-14717,2024-10-14,October,Q4,Tablets,Mobile,Lenovo,58100.0,10,52290.0,1,52290.0,36576.99,15713.01,30.05,Delhi,North,Retail Store,UPI,Yes,Enterprise,True
ORD-14718,2024-11-02,November,Q4,Smartphones,Mobile,Vivo,72500.0,20,58000.0,1,58000.0,44282.21,13717.79,23.65,Hyderabad,South,Online,UPI,No,Small Business,True
ORD-14719,2024-08-12,August,Q3,Cameras,Imaging,Nikon,115300.0,30,80710.0,1,80710.0,76228.09,4481.91,5.55,Bangalore,South,Online,Credit Card,No,Enterprise,False
ORD-14720,2024-10-05,October,Q4,Cameras,Imaging,Sony,149300.0,15,126905.0,1,126905.0,94587.32,32317.68,25.47,Pune,West,Distributor,Credit Card,No,Individual,True
ORD-14721,2024-06-13,June,Q2,Laptops,Computing,Apple,63600.0,10,57240.0,1,57240.0,46950.31,10289.69,17.98,Mumbai,West,Online,Debit Card,No,Student,False
ORD-14722,2024-05-23,May,Q2,Smartwatches,Wearables,Apple,5800.0,20,4640.0,2,9280.0,7867.5,1412.5,15.22,Pune,West,Retail Store,EMI,No,Student,False
ORD-14723,2024-09-14,September,Q3,Air Purifiers,Home Tech,Dyson,15900.0,5,15105.0,2,30210.0,20191.42,10018.58,33.16,Kolkata,East,Corporate,Credit Card,No,Individual,False
ORD-14724,2024-06-02,June,Q2,Cameras,Imaging,Fujifilm,127200.0,25,95400.0,4,381600.0,376713.72,4886.28,1.28,Kolkata,East,Online,Debit Card,No,Small Business,False
ORD-14725,2024-09-15,September,Q3,Smartwatches,Wearables,Apple,32600.0,0,32600.0,4,130400.0,82609.16,47790.84,36.65,Ahmedabad,West,Online,EMI,No,Small Business,False
ORD-14726,2024-01-15,January,Q1,Gaming Consoles,Gaming,Sony,26300.0,5,24985.0,2,49970.0,30086.2,19883.8,39.79,Chennai,South,Retail Store,UPI,No,Enterprise,False
ORD-14727,2024-05-15,May,Q2,Cameras,Imaging,Nikon,135500.0,15,115175.0,1,115175.0,81123.33,34051.67,29.57,Delhi,North,Distributor,UPI,No,Student,False
ORD-14728,2024-11-18,November,Q4,Laptops,Computing,Lenovo,88700.0,5,84265.0,2,168530.0,121445.4,47084.6,27.94,Pune,West,Online,EMI,No,Small Business,True
ORD-14729,2024-10-06,October,Q4,Smartwatches,Wearables,Samsung,40500.0,30,28350.0,1,28350.0,24114.11,4235.89,14.94,Jaipur,North,Distributor,UPI,No,Individual,True
ORD-14730,2024-08-09,August,Q3,Gaming Consoles,Gaming,Microsoft,27800.0,10,25020.0,2,50040.0,40835.4,9204.6,18.39,Lucknow,North,Retail Store,UPI,No,Student,False
ORD-14731,2024-11-29,November,Q4,Smartwatches,Wearables,Apple,7100.0,0,7100.0,3,21300.0,14148.93,7151.07,33.57,Mumbai,West,Online,UPI,No,Student,True
ORD-14732,2024-05-07,May,Q2,Laptops,Computing,Dell,32600.0,20,26080.0,1,26080.0,20689.74,5390.26,20.67,Chennai,South,Retail Store,UPI,No,Individual,False
ORD-14733,2024-01-28,January,Q1,Smartwatches,Wearables,Apple,13800.0,30,9660.0,1,9660.0,8479.35,1180.65,12.22,Kolkata,East,Retail Store,UPI,No,Enterprise,False
ORD-14734,2024-02-01,February,Q1,Smartphones,Mobile,OnePlus,52400.0,10,47160.0,3,141480.0,110874.48000000001,30605.52,21.63,Chennai,South,Online,Debit Card,No,Enterprise,False
ORD-14735,2024-03-27,March,Q1,Laptops,Computing,Dell,93000.0,5,88350.0,7,618450.0,360223.78,258226.22,41.75,Jaipur,North,Corporate,EMI,No,Small Business,False
ORD-14736,2024-10-06,October,Q4,Cameras,Imaging,Sony,46500.0,0,46500.0,2,93000.0,66646.76,26353.24,28.34,Jaipur,North,Retail Store,Credit Card,No,Enterprise,True
ORD-14737,2024-06-08,June,Q2,Laptops,Computing,Lenovo,119300.0,0,119300.0,1,119300.0,80079.34,39220.66,32.88,Lucknow,North,Online,Credit Card,No,Student,False
ORD-14738,2024-01-02,January,Q1,Air Purifiers,Home Tech,Sharp,28000.0,0,28000.0,2,56000.0,41853.84,14146.16,25.26,Kolkata,East,Online,Debit Card,No,Individual,False
ORD-14739,2024-04-18,April,Q2,Smartwatches,Wearables,Apple,9000.0,20,7200.0,2,14400.0,10845.2,3554.8,24.69,Jaipur,North,Online,EMI,No,Enterprise,False
ORD-14740,2024-10-28,October,Q4,Smartwatches,Wearables,Boat,43700.0,15,37145.0,2,74290.0,56163.62,18126.38,24.4,Mumbai,West,Retail Store,Debit Card,No,Small Business,True
ORD-14741,2024-07-31,July,Q3,Gaming Consoles,Gaming,Nintendo,23900.0,10,21510.0,1,21510.0,15002.81,6507.19,30.25,Hyderabad,South,Retail Store,Credit Card,No,Small Business,False
ORD-14742,2024-09-11,September,Q3,Cameras,Imaging,Canon,10800.0,5,10260.0,1,10260.0,7477.14,2782.86,27.12,Pune,West,Distributor,Debit Card,No,Enterprise,False
ORD-14743,2024-07-06,July,Q3,Gaming Consoles,Gaming,Nintendo,47200.0,20,37760.0,3,113280.0,80986.08,32293.92,28.51,Ahmedabad,West,Online,UPI,No,Small Business,False
ORD-14744,2024-10-14,October,Q4,Smartwatches,Wearables,Noise,10200.0,15,8670.0,3,26010.0,19024.170000000002,6985.83,26.86,Jaipur,North,Retail Store,UPI,No,Small Business,True
ORD-14745,2024-10-03,October,Q4,Air Purifiers,Home Tech,Sharp,35500.0,0,35500.0,2,71000.0,47018.5,23981.5,33.78,Delhi,North,Retail Store,Debit Card,No,Individual,True
ORD-14746,2024-03-02,March,Q1,Smart TVs,Entertainment,LG,162300.0,20,129840.0,2,259680.0,199680.94,59999.06,23.1,Bangalore,South,Online,UPI,No,Enterprise,False
ORD-14747,2024-02-11,February,Q1,Air Purifiers,Home Tech,Dyson,28400.0,30,19880.0,2,39760.0,39896.86,-136.86,-0.34,Bangalore,South,Retail Store,Credit Card,No,Small Business,False
ORD-14748,2024-05-05,May,Q2,Routers,Networking,D-Link,11600.0,20,9280.0,1,9280.0,7878.44,1401.56,15.1,Jaipur,North,Retail Store,UPI,Yes,Small Business,False
ORD-14749,2024-01-26,January,Q1,Routers,Networking,Netgear,3500.0,0,3500.0,3,10500.0,6416.01,4083.99,38.9,Jaipur,North,Online,EMI,No,Enterprise,False
ORD-14750,2024-02-27,February,Q1,Gaming Consoles,Gaming,Microsoft,38000.0,30,26600.0,2,53200.0,50339.1,2860.9,5.38,Kolkata,East,Distributor,Debit Card,No,Individual,False
ORD-14751,2024-05-28,May,Q2,Tablets,Mobile,Lenovo,59600.0,20,47680.0,1,47680.0,32983.32,14696.68,30.82,Bangalore,South,Retail Store,UPI,No,Individual,False
ORD-14752,2024-09-12,September,Q3,Smartphones,Mobile,Samsung,46800.0,30,32760.0,1,32760.0,31856.56,903.44,2.76,Chennai,South,Distributor,EMI,No,Student,False
ORD-14753,2024-12-12,December,Q4,Headphones,Audio,Boat,6800.0,5,6460.0,3,19380.0,15246.810000000001,4133.19,21.33,Mumbai,West,Distributor,Debit Card,No,Small Business,True
ORD-14754,2024-06-19,June,Q2,Laptops,Computing,Asus,46200.0,5,43890.0,4,175560.0,135707.32,39852.68,22.7,Jaipur,North,Online,Credit Card,No,Small Business,False
ORD-14755,2024-01-25,January,Q1,Laptops,Computing,Lenovo,106400.0,20,85120.0,1,85120.0,78863.22,6256.78,7.35,Ahmedabad,West,Retail Store,Debit Card,Yes,Student,False
ORD-14756,2024-03-30,March,Q1,Laptops,Computing,Dell,61600.0,15,52360.0,1,52360.0,33987.08,18372.92,35.09,Mumbai,West,Retail Store,UPI,No,Individual,False
ORD-14757,2024-03-08,March,Q1,Headphones,Audio,Sony,11700.0,30,8190.0,1,8190.0,7971.03,218.97,2.67,Kolkata,East,Online,Debit Card,No,Small Business,False
ORD-14758,2024-07-18,July,Q3,Tablets,Mobile,Apple,15800.0,25,11850.0,2,23700.0,18929.9,4770.1,20.13,Pune,West,Online,EMI,No,Enterprise,False
ORD-14759,2024-05-11,May,Q2,Gaming Consoles,Gaming,Microsoft,39000.0,25,29250.0,1,29250.0,29084.78,165.22,0.56,Lucknow,North,Online,Debit Card,No,Individual,False
ORD-14760,2024-09-26,September,Q3,Headphones,Audio,Apple,23500.0,20,18800.0,1,18800.0,14130.91,4669.09,24.84,Hyderabad,South,Retail Store,Debit Card,No,Student,False
ORD-14761,2024-03-13,March,Q1,Smartwatches,Wearables,Garmin,21800.0,5,20710.0,5,103550.0,74309.95,29240.05,28.24,Mumbai,West,Online,UPI,No,Small Business,False
ORD-14762,2024-12-13,December,Q4,Laptops,Computing,Asus,104500.0,15,88825.0,1,88825.0,62301.49,26523.51,29.86,Hyderabad,South,Retail Store,Cash,No,Enterprise,True
ORD-14763,2024-02-21,February,Q1,Headphones,Audio,JBL,6800.0,15,5780.0,1,5780.0,4683.52,1096.48,18.97,Pune,West,Retail Store,Credit Card,No,Enterprise,False
ORD-14764,2024-03-22,March,Q1,Smartwatches,Wearables,Samsung,32100.0,20,25680.0,2,51360.0,45019.7,6340.3,12.34,Jaipur,North,Retail Store,Credit Card,No,Individual,False
ORD-14765,2024-10-13,October,Q4,Gaming Consoles,Gaming,Sony,51300.0,10,46170.0,2,92340.0,61318.48,31021.52,33.59,Delhi,North,Retail Store,Debit Card,No,Small Business,True
ORD-14766,2024-11-01,November,Q4,Laptops,Computing,HP,98800.0,25,74100.0,3,222300.0,199143.12,23156.88,10.42,Ahmedabad,West,Online,Credit Card,No,Student,True
ORD-14767,2024-09-05,September,Q3,Air Purifiers,Home Tech,Philips,31200.0,15,26520.0,1,26520.0,21763.95,4756.05,17.93,Pune,West,Online,UPI,No,Small Business,False
ORD-14768,2024-06-11,June,Q2,Smartphones,Mobile,Apple,69300.0,25,51975.0,1,51975.0,41033.41,10941.59,21.05,Delhi,North,Online,Credit Card,No,Student,False
ORD-14769,2024-03-15,March,Q1,Smartphones,Mobile,Xiaomi,29400.0,0,29400.0,1,29400.0,19693.29,9706.71,33.02,Pune,West,Online,Credit Card,Yes,Individual,False
ORD-14770,2024-08-07,August,Q3,Smart TVs,Entertainment,LG,58400.0,20,46720.0,1,46720.0,38626.3,8093.7,17.32,Jaipur,North,Corporate,Cash,No,Enterprise,False
ORD-14771,2024-03-22,March,Q1,Laptops,Computing,Dell,75400.0,20,60320.0,4,241280.0,177291.92,63988.08,26.52,Ahmedabad,West,Online,Debit Card,No,Small Business,False
ORD-14772,2024-07-31,July,Q3,Smart TVs,Entertainment,LG,190300.0,20,152240.0,6,913440.0,765832.08,147607.92,16.16,Pune,West,Distributor,Debit Card,No,Enterprise,False
ORD-14773,2024-09-16,September,Q3,Gaming Consoles,Gaming,Nintendo,44100.0,20,35280.0,1,35280.0,32838.97,2441.03,6.92,Delhi,North,Retail Store,Cash,No,Enterprise,False
ORD-14774,2024-04-02,April,Q2,Routers,Networking,TP-Link,8000.0,25,6000.0,3,18000.0,15889.380000000001,2110.62,11.73,Hyderabad,South,Online,Debit Card,No,Small Business,False
ORD-14775,2024-04-12,April,Q2,Gaming Consoles,Gaming,Nintendo,43000.0,10,38700.0,1,38700.0,26568.86,12131.14,31.35,Hyderabad,South,Online,UPI,No,Individual,False
ORD-14776,2024-11-01,November,Q4,Air Purifiers,Home Tech,Philips,26900.0,10,24210.0,1,24210.0,15066.61,9143.39,37.77,Lucknow,North,Retail Store,UPI,No,Enterprise,True
ORD-14777,2024-04-10,April,Q2,Smartphones,Mobile,Samsung,52100.0,0,52100.0,1,52100.0,35747.78,16352.22,31.39,Ahmedabad,West,Online,Credit Card,No,Enterprise,False
ORD-14778,2024-11-27,November,Q4,Smart TVs,Entertainment,Sony,136700.0,25,102525.0,5,512625.0,484785.85,27839.15,5.43,Ahmedabad,West,Distributor,UPI,No,Small Business,True
ORD-14779,2024-10-20,October,Q4,Smartphones,Mobile,Xiaomi,16600.0,5,15770.0,3,47310.0,28222.260000000002,19087.74,40.35,Bangalore,South,Online,Debit Card,No,Student,True
ORD-14780,2024-11-03,November,Q4,Laptops,Computing,Dell,38900.0,30,27230.0,1,27230.0,22262.37,4967.63,18.24,Jaipur,North,Distributor,Debit Card,No,Small Business,True
ORD-14781,2024-05-23,May,Q2,Headphones,Audio,Apple,9300.0,0,9300.0,1,9300.0,5934.61,3365.39,36.19,Lucknow,North,Retail Store,EMI,No,Small Business,False
ORD-14782,2024-02-13,February,Q1,Laptops,Computing,Apple,69000.0,20,55200.0,1,55200.0,45902.43,9297.57,16.84,Delhi,North,Retail Store,Credit Card,No,Individual,False
ORD-14783,2024-09-30,September,Q3,Smartphones,Mobile,Samsung,34800.0,10,31320.0,2,62640.0,51830.86,10809.14,17.26,Bangalore,South,Retail Store,Credit Card,No,Small Business,False
ORD-14784,2024-04-23,April,Q2,Laptops,Computing,Asus,38100.0,30,26670.0,4,106680.0,98186.76,8493.24,7.96,Delhi,North,Online,UPI,No,Student,False
ORD-14785,2024-10-02,October,Q4,Smartwatches,Wearables,Noise,39000.0,5,37050.0,2,74100.0,52035.14,22064.86,29.78,Ahmedabad,West,Corporate,UPI,No,Student,True
ORD-14786,2024-11-23,November,Q4,Laptops,Computing,Apple,50600.0,10,45540.0,3,136620.0,98758.65000000001,37861.35,27.71,Kolkata,East,Online,UPI,No,Small Business,True
ORD-14787,2024-10-30,October,Q4,Laptops,Computing,Apple,40100.0,15,34085.0,1,34085.0,23608.43,10476.57,30.74,Ahmedabad,West,Corporate,Credit Card,No,Small Business,True
ORD-14788,2024-11-01,November,Q4,Routers,Networking,TP-Link,11400.0,5,10830.0,3,32490.0,25342.409999999996,7147.59,22.0,Delhi,North,Online,Credit Card,No,Individual,True
ORD-14789,2024-07-04,July,Q3,Smartphones,Mobile,Xiaomi,64300.0,25,48225.0,5,241125.0,195782.0,45343.0,18.8,Bangalore,South,Retail Store,UPI,Yes,Small Business,False
ORD-14790,2024-06-15,June,Q2,Headphones,Audio,Sennheiser,8700.0,30,6090.0,1,6090.0,6099.47,-9.47,-0.16,Hyderabad,South,Retail Store,UPI,No,Individual,False
ORD-14791,2024-06-01,June,Q2,Smartwatches,Wearables,Garmin,40600.0,30,28420.0,3,85260.0,68294.67,16965.33,19.9,Kolkata,East,Online,Credit Card,No,Enterprise,False
ORD-14792,2024-03-22,March,Q1,Smart TVs,Entertainment,OnePlus,44500.0,10,40050.0,2,80100.0,56728.4,23371.6,29.18,Ahmedabad,West,Distributor,Debit Card,No,Student,False
ORD-14793,2024-12-23,December,Q4,Air Purifiers,Home Tech,Sharp,7600.0,10,6840.0,3,20520.0,15476.699999999999,5043.3,24.58,Lucknow,North,Online,EMI,Yes,Enterprise,True
ORD-14794,2024-03-26,March,Q1,Tablets,Mobile,Lenovo,46200.0,5,43890.0,1,43890.0,31804.86,12085.14,27.54,Pune,West,Retail Store,Credit Card,Yes,Small Business,False
ORD-14795,2024-07-06,July,Q3,Headphones,Audio,Apple,11500.0,0,11500.0,1,11500.0,7188.51,4311.49,37.49,Chennai,South,Retail Store,Debit Card,Yes,Student,False
ORD-14796,2024-01-21,January,Q1,Smart TVs,Entertainment,Samsung,172300.0,30,120610.0,1,120610.0,112393.94,8216.06,6.81,Ahmedabad,West,Corporate,UPI,No,Individual,False
ORD-14797,2024-03-03,March,Q1,Smartwatches,Wearables,Noise,38300.0,5,36385.0,5,181925.0,139334.8,42590.2,23.41,Lucknow,North,Retail Store,UPI,No,Enterprise,False
ORD-14798,2024-05-23,May,Q2,Tablets,Mobile,Lenovo,10200.0,10,9180.0,1,9180.0,5656.75,3523.25,38.38,Hyderabad,South,Online,Debit Card,No,Individual,False
ORD-14799,2024-12-26,December,Q4,Routers,Networking,D-Link,12700.0,0,12700.0,3,38100.0,25002.93,13097.07,34.38,Jaipur,North,Online,Credit Card,No,Enterprise,True
ORD-14800,2024-09-14,September,Q3,Smart TVs,Entertainment,OnePlus,63300.0,10,56970.0,1,56970.0,42836.98,14133.02,24.81,Ahmedabad,West,Online,Debit Card,No,Student,False
ORD-14801,2024-05-13,May,Q2,Tablets,Mobile,Lenovo,46700.0,5,44365.0,1,44365.0,31588.32,12776.68,28.8,Mumbai,West,Retail Store,EMI,No,Small Business,False
ORD-14802,2024-09-01,September,Q3,Smartwatches,Wearables,Noise,23900.0,20,19120.0,3,57360.0,53481.75,3878.25,6.76,Jaipur,North,Online,EMI,No,Student,False
ORD-14803,2024-09-24,September,Q3,Cameras,Imaging,Fujifilm,139500.0,30,97650.0,2,195300.0,171162.96,24137.04,12.36,Mumbai,West,Distributor,UPI,No,Student,False
ORD-14804,2024-08-12,August,Q3,Routers,Networking,Asus,6200.0,0,6200.0,1,6200.0,4459.18,1740.82,28.08,Lucknow,North,Corporate,Debit Card,No,Enterprise,False
ORD-14805,2024-07-30,July,Q3,Air Purifiers,Home Tech,Dyson,27600.0,25,20700.0,1,20700.0,18286.02,2413.98,11.66,Lucknow,North,Online,Credit Card,No,Individual,False
ORD-14806,2024-01-11,January,Q1,Smartphones,Mobile,Apple,60400.0,20,48320.0,1,48320.0,44833.02,3486.98,7.22,Pune,West,Distributor,Debit Card,No,Individual,False
ORD-14807,2024-10-13,October,Q4,Air Purifiers,Home Tech,Xiaomi,20800.0,10,18720.0,1,18720.0,12288.27,6431.73,34.36,Bangalore,South,Online,Debit Card,No,Small Business,True
ORD-14808,2024-12-16,December,Q4,Smartphones,Mobile,Samsung,28800.0,30,20160.0,1,20160.0,18186.34,1973.66,9.79,Delhi,North,Retail Store,Credit Card,No,Enterprise,True
ORD-14809,2024-02-06,February,Q1,Smartphones,Mobile,Apple,38800.0,10,34920.0,2,69840.0,50914.7,18925.3,27.1,Mumbai,West,Online,EMI,No,Enterprise,False
ORD-14810,2024-01-21,January,Q1,Laptops,Computing,Dell,68300.0,30,47810.0,2,95620.0,80309.82,15310.18,16.01,Mumbai,West,Distributor,Cash,No,Student,False
ORD-14811,2024-02-21,February,Q1,Routers,Networking,Asus,6800.0,15,5780.0,1,5780.0,4543.84,1236.16,21.39,Jaipur,North,Retail Store,EMI,No,Small Business,False
ORD-14812,2024-11-22,November,Q4,Laptops,Computing,Asus,101200.0,30,70840.0,1,70840.0,58558.14,12281.86,17.34,Pune,West,Retail Store,Credit Card,No,Individual,True
ORD-14813,2024-02-13,February,Q1,Smartphones,Mobile,Samsung,77800.0,25,58350.0,1,58350.0,52270.06,6079.94,10.42,Ahmedabad,West,Retail Store,UPI,No,Student,False
ORD-14814,2024-01-29,January,Q1,Laptops,Computing,Apple,45500.0,10,40950.0,4,163800.0,123021.8,40778.2,24.9,Kolkata,East,Online,EMI,No,Student,False
ORD-14815,2024-02-18,February,Q1,Smartphones,Mobile,Vivo,73500.0,30,51450.0,1,51450.0,44007.01,7442.99,14.47,Ahmedabad,West,Online,Credit Card,No,Individual,False
ORD-14816,2024-01-04,January,Q1,Tablets,Mobile,Apple,16600.0,0,16600.0,1,16600.0,9691.99,6908.01,41.61,Kolkata,East,Retail Store,UPI,Yes,Individual,False
ORD-14817,2024-06-12,June,Q2,Laptops,Computing,Dell,36600.0,30,25620.0,1,25620.0,20691.11,4928.89,19.24,Jaipur,North,Corporate,Debit Card,No,Enterprise,False
ORD-14818,2024-10-28,October,Q4,Laptops,Computing,Dell,99400.0,15,84490.0,1,84490.0,63345.04,21144.96,25.03,Jaipur,North,Corporate,EMI,No,Individual,True
ORD-14819,2024-05-24,May,Q2,Gaming Consoles,Gaming,Microsoft,22800.0,30,15960.0,1,15960.0,16202.96,-242.96,-1.52,Kolkata,East,Online,UPI,No,Small Business,False
ORD-14820,2024-07-04,July,Q3,Laptops,Computing,Apple,61200.0,30,42840.0,4,171360.0,141255.4,30104.6,17.57,Lucknow,North,Corporate,Credit Card,No,Student,False
ORD-14821,2024-08-16,August,Q3,Tablets,Mobile,Samsung,13100.0,30,9170.0,1,9170.0,8474.87,695.13,7.58,Bangalore,South,Distributor,UPI,No,Student,False
ORD-14822,2024-06-10,June,Q2,Smartwatches,Wearables,Apple,43800.0,25,32850.0,1,32850.0,26502.63,6347.37,19.32,Bangalore,South,Corporate,UPI,No,Small Business,False
ORD-14823,2024-06-15,June,Q2,Headphones,Audio,Apple,1700.0,25,1275.0,1,1275.0,1093.65,181.35,14.22,Pune,West,Retail Store,Net Banking,No,Small Business,False
ORD-14824,2024-05-30,May,Q2,Tablets,Mobile,Lenovo,42500.0,5,40375.0,1,40375.0,26935.91,13439.09,33.29,Chennai,South,Corporate,UPI,No,Student,False
ORD-14825,2024-11-18,November,Q4,Smartwatches,Wearables,Garmin,23400.0,15,19890.0,1,19890.0,17283.35,2606.65,13.11,Chennai,South,Online,UPI,No,Small Business,True
ORD-14826,2024-11-11,November,Q4,Tablets,Mobile,Samsung,21800.0,30,15260.0,1,15260.0,14274.69,985.31,6.46,Ahmedabad,West,Retail Store,Debit Card,No,Enterprise,True
ORD-14827,2024-06-06,June,Q2,Routers,Networking,Netgear,3500.0,25,2625.0,1,2625.0,2267.44,357.56,13.62,Mumbai,West,Retail Store,UPI,No,Enterprise,False
ORD-14828,2024-11-09,November,Q4,Cameras,Imaging,Nikon,12400.0,20,9920.0,1,9920.0,9087.97,832.03,8.39,Kolkata,East,Online,Credit Card,No,Small Business,True
ORD-14829,2024-10-17,October,Q4,Cameras,Imaging,Canon,97900.0,30,68530.0,3,205590.0,203185.11,2404.89,1.17,Kolkata,East,Corporate,Credit Card,No,Individual,True
ORD-14830,2024-11-22,November,Q4,Smartphones,Mobile,OnePlus,65000.0,15,55250.0,6,331500.0,224094.66,107405.34,32.4,Kolkata,East,Online,Net Banking,No,Enterprise,True
ORD-14831,2024-06-13,June,Q2,Routers,Networking,Asus,11300.0,15,9605.0,6,57630.0,41956.979999999996,15673.02,27.2,Ahmedabad,West,Retail Store,UPI,No,Student,False
ORD-14832,2024-02-26,February,Q1,Smartwatches,Wearables,Samsung,12600.0,15,10710.0,5,53550.0,40975.0,12575.0,23.48,Lucknow,North,Online,EMI,No,Student,False
ORD-14833,2024-04-20,April,Q2,Tablets,Mobile,Apple,50300.0,30,35210.0,1,35210.0,31463.86,3746.14,10.64,Pune,West,Online,Debit Card,No,Small Business,False
ORD-14834,2024-09-12,September,Q3,Headphones,Audio,Apple,19400.0,10,17460.0,3,52380.0,43426.26,8953.74,17.09,Hyderabad,South,Online,UPI,No,Individual,False
ORD-14835,2024-01-15,January,Q1,Tablets,Mobile,Samsung,52500.0,5,49875.0,4,199500.0,131659.36,67840.64,34.01,Pune,West,Distributor,EMI,No,Enterprise,False
ORD-14836,2024-04-13,April,Q2,Routers,Networking,Netgear,14800.0,5,14060.0,1,14060.0,8543.89,5516.11,39.23,Chennai,South,Online,Net Banking,No,Small Business,False
ORD-14837,2024-06-27,June,Q2,Cameras,Imaging,Fujifilm,81100.0,5,77045.0,1,77045.0,60595.44,16449.56,21.35,Jaipur,North,Retail Store,Debit Card,No,Enterprise,False
ORD-14838,2024-09-04,September,Q3,Smartwatches,Wearables,Garmin,27800.0,25,20850.0,4,83400.0,64468.4,18931.6,22.7,Mumbai,West,Corporate,Net Banking,No,Individual,False
ORD-14839,2024-02-27,February,Q1,Smart TVs,Entertainment,LG,164800.0,15,140080.0,1,140080.0,111695.82,28384.18,20.26,Delhi,North,Distributor,UPI,No,Student,False
ORD-14840,2024-09-03,September,Q3,Smartphones,Mobile,Samsung,73800.0,0,73800.0,1,73800.0,42290.35,31509.65,42.7,Delhi,North,Online,EMI,No,Student,False
ORD-14841,2024-03-19,March,Q1,Smart TVs,Entertainment,Sony,80400.0,20,64320.0,1,64320.0,48615.09,15704.91,24.42,Jaipur,North,Online,Credit Card,No,Student,False
ORD-14842,2024-06-21,June,Q2,Smartphones,Mobile,Vivo,63900.0,15,54315.0,1,54315.0,37726.47,16588.53,30.54,Lucknow,North,Retail Store,Debit Card,No,Student,False
ORD-14843,2024-11-06,November,Q4,Tablets,Mobile,Samsung,53600.0,10,48240.0,1,48240.0,30169.88,18070.12,37.46,Lucknow,North,Retail Store,UPI,No,Enterprise,True
ORD-14844,2024-05-30,May,Q2,Smart TVs,Entertainment,Sony,21600.0,15,18360.0,2,36720.0,27977.38,8742.62,23.81,Bangalore,South,Distributor,Debit Card,No,Enterprise,False
ORD-14845,2024-03-15,March,Q1,Air Purifiers,Home Tech,Sharp,27000.0,20,21600.0,2,43200.0,29792.02,13407.98,31.04,Jaipur,North,Online,EMI,Yes,Student,False
ORD-14846,2024-08-15,August,Q3,Cameras,Imaging,Nikon,106700.0,0,106700.0,5,533500.0,302784.5,230715.5,43.25,Chennai,South,Online,UPI,No,Student,False
ORD-14847,2024-02-10,February,Q1,Headphones,Audio,Sony,7000.0,5,6650.0,3,19950.0,13363.86,6586.14,33.01,Hyderabad,South,Online,UPI,No,Enterprise,False
ORD-14848,2024-07-14,July,Q3,Laptops,Computing,Lenovo,114300.0,20,91440.0,3,274320.0,238912.32,35407.68,12.91,Jaipur,North,Distributor,UPI,No,Small Business,False
ORD-14849,2024-12-19,December,Q4,Routers,Networking,Asus,13700.0,30,9590.0,1,9590.0,7675.05,1914.95,19.97,Jaipur,North,Online,Credit Card,No,Enterprise,True
ORD-14850,2024-09-07,September,Q3,Smartwatches,Wearables,Samsung,36100.0,20,28880.0,2,57760.0,46703.62,11056.38,19.14,Bangalore,South,Retail Store,Credit Card,No,Small Business,False
ORD-14851,2024-04-05,April,Q2,Headphones,Audio,JBL,8900.0,10,8010.0,4,32040.0,19767.84,12272.16,38.3,Hyderabad,South,Online,UPI,No,Student,False
ORD-14852,2024-03-01,March,Q1,Laptops,Computing,Asus,67300.0,10,60570.0,2,121140.0,95571.64,25568.36,21.11,Pune,West,Online,Debit Card,No,Enterprise,False
ORD-14853,2024-08-13,August,Q3,Gaming Consoles,Gaming,Nintendo,33300.0,5,31635.0,1,31635.0,24818.29,6816.71,21.55,Kolkata,East,Retail Store,EMI,No,Enterprise,False
ORD-14854,2024-05-03,May,Q2,Smartphones,Mobile,Samsung,61700.0,25,46275.0,1,46275.0,44976.57,1298.43,2.81,Pune,West,Retail Store,Cash,No,Small Business,False
ORD-14855,2024-11-23,November,Q4,Smartwatches,Wearables,Noise,31700.0,15,26945.0,6,161670.0,136665.18,25004.82,15.47,Ahmedabad,West,Retail Store,UPI,No,Enterprise,True
ORD-14856,2024-03-21,March,Q1,Headphones,Audio,JBL,13500.0,30,9450.0,3,28350.0,26239.92,2110.08,7.44,Mumbai,West,Online,Net Banking,No,Individual,False
ORD-14857,2024-02-02,February,Q1,Air Purifiers,Home Tech,Xiaomi,9300.0,5,8835.0,1,8835.0,6355.69,2479.31,28.06,Pune,West,Retail Store,Credit Card,No,Small Business,False
ORD-14858,2024-03-04,March,Q1,Smartwatches,Wearables,Apple,16300.0,20,13040.0,4,52160.0,39889.68,12270.32,23.52,Chennai,South,Retail Store,EMI,No,Student,False
ORD-14859,2024-02-05,February,Q1,Smart TVs,Entertainment,Samsung,190900.0,20,152720.0,1,152720.0,113232.39,39487.61,25.86,Jaipur,North,Retail Store,UPI,No,Enterprise,False
ORD-14860,2024-05-22,May,Q2,Routers,Networking,Netgear,5600.0,5,5320.0,1,5320.0,3888.17,1431.83,26.91,Ahmedabad,West,Online,Credit Card,No,Small Business,False
ORD-14861,2024-03-04,March,Q1,Cameras,Imaging,Canon,116900.0,0,116900.0,2,233800.0,158708.94,75091.06,32.12,Lucknow,North,Online,Credit Card,No,Student,False
ORD-14862,2024-10-12,October,Q4,Headphones,Audio,Boat,16800.0,15,14280.0,2,28560.0,21715.1,6844.9,23.97,Delhi,North,Online,Credit Card,No,Small Business,True
ORD-14863,2024-01-25,January,Q1,Gaming Consoles,Gaming,Microsoft,50100.0,25,37575.0,5,187875.0,185111.8,2763.2,1.47,Mumbai,West,Distributor,Credit Card,No,Small Business,False
ORD-14864,2024-10-06,October,Q4,Smartwatches,Wearables,Noise,24000.0,20,19200.0,1,19200.0,17333.84,1866.16,9.72,Hyderabad,South,Online,UPI,No,Small Business,True
ORD-14865,2024-02-20,February,Q1,Laptops,Computing,Dell,55400.0,30,38780.0,1,38780.0,37530.36,1249.64,3.22,Jaipur,North,Online,Net Banking,No,Small Business,False
ORD-14866,2024-02-20,February,Q1,Routers,Networking,TP-Link,6500.0,25,4875.0,1,4875.0,4428.23,446.77,9.16,Mumbai,West,Retail Store,EMI,No,Small Business,False
ORD-14867,2024-04-28,April,Q2,Smartwatches,Wearables,Apple,25400.0,30,17780.0,1,17780.0,14842.34,2937.66,16.52,Lucknow,North,Retail Store,Credit Card,No,Individual,False
ORD-14868,2024-04-12,April,Q2,Smartphones,Mobile,Xiaomi,60900.0,5,57855.0,2,115710.0,86465.94,29244.06,25.27,Jaipur,North,Corporate,UPI,No,Enterprise,False
ORD-14869,2024-12-14,December,Q4,Smartwatches,Wearables,Garmin,14900.0,30,10430.0,3,31290.0,26362.5,4927.5,15.75,Mumbai,West,Retail Store,UPI,No,Student,True
ORD-14870,2024-09-07,September,Q3,Air Purifiers,Home Tech,Xiaomi,9200.0,10,8280.0,3,24840.0,20140.800000000003,4699.2,18.92,Pune,West,Distributor,Credit Card,No,Small Business,False
ORD-14871,2024-04-12,April,Q2,Tablets,Mobile,Lenovo,21100.0,30,14770.0,2,29540.0,31241.5,-1701.5,-5.76,Chennai,South,Retail Store,UPI,No,Enterprise,False
ORD-14872,2024-08-25,August,Q3,Routers,Networking,D-Link,6700.0,0,6700.0,1,6700.0,4292.31,2407.69,35.94,Mumbai,West,Online,Cash,No,Student,False
ORD-14873,2024-07-14,July,Q3,Cameras,Imaging,Fujifilm,14300.0,15,12155.0,1,12155.0,9511.16,2643.84,21.75,Pune,West,Online,Cash,No,Student,False
ORD-14874,2024-02-11,February,Q1,Smartphones,Mobile,Xiaomi,44900.0,15,38165.0,4,152660.0,112158.48,40501.52,26.53,Chennai,South,Online,EMI,No,Enterprise,False
ORD-14875,2024-02-24,February,Q1,Headphones,Audio,Sony,4900.0,10,4410.0,2,8820.0,5417.44,3402.56,38.58,Hyderabad,South,Online,Credit Card,No,Small Business,False
ORD-14876,2024-06-11,June,Q2,Gaming Consoles,Gaming,Microsoft,21800.0,0,21800.0,1,21800.0,15834.94,5965.06,27.36,Jaipur,North,Retail Store,UPI,No,Student,False
ORD-14877,2024-02-24,February,Q1,Cameras,Imaging,Nikon,83400.0,20,66720.0,1,66720.0,47900.83,18819.17,28.21,Chennai,South,Retail Store,Debit Card,No,Student,False
ORD-14878,2024-02-11,February,Q1,Gaming Consoles,Gaming,Sony,37700.0,20,30160.0,5,150800.0,134090.84999999998,16709.15,11.08,Jaipur,North,Distributor,UPI,No,Student,False
ORD-14879,2024-11-05,November,Q4,Tablets,Mobile,Samsung,30700.0,0,30700.0,1,30700.0,17482.59,13217.41,43.05,Jaipur,North,Corporate,Credit Card,No,Student,True
ORD-14880,2024-01-05,January,Q1,Laptops,Computing,Apple,28000.0,20,22400.0,2,44800.0,35627.66,9172.34,20.47,Ahmedabad,West,Retail Store,Credit Card,No,Student,False
ORD-14881,2024-03-08,March,Q1,Headphones,Audio,Apple,19700.0,10,17730.0,4,70920.0,45368.24,25551.76,36.03,Jaipur,North,Retail Store,UPI,No,Student,False
ORD-14882,2024-08-11,August,Q3,Smartwatches,Wearables,Apple,22700.0,15,19295.0,2,38590.0,26794.32,11795.68,30.57,Chennai,South,Online,Debit Card,No,Enterprise,False
ORD-14883,2024-10-18,October,Q4,Smart TVs,Entertainment,Sony,59300.0,5,56335.0,2,112670.0,82146.94,30523.06,27.09,Ahmedabad,West,Retail Store,Credit Card,No,Enterprise,True
ORD-14884,2024-06-24,June,Q2,Gaming Consoles,Gaming,Sony,53300.0,15,45305.0,1,45305.0,36342.49,8962.51,19.78,Delhi,North,Online,Credit Card,No,Student,False
ORD-14885,2024-08-05,August,Q3,Smartwatches,Wearables,Apple,18200.0,20,14560.0,1,14560.0,10409.35,4150.65,28.51,Bangalore,South,Retail Store,EMI,No,Small Business,False
ORD-14886,2024-07-30,July,Q3,Tablets,Mobile,Samsung,53400.0,5,50730.0,1,50730.0,32438.63,18291.37,36.06,Chennai,South,Distributor,UPI,No,Student,False
ORD-14887,2024-01-07,January,Q1,Air Purifiers,Home Tech,Xiaomi,39700.0,15,33745.0,2,67490.0,57097.44,10392.56,15.4,Jaipur,North,Retail Store,Credit Card,No,Enterprise,False
ORD-14888,2024-08-07,August,Q3,Smartwatches,Wearables,Garmin,32300.0,20,25840.0,2,51680.0,37369.94,14310.06,27.69,Jaipur,North,Distributor,EMI,No,Small Business,False
ORD-14889,2024-02-24,February,Q1,Tablets,Mobile,Lenovo,55300.0,20,44240.0,1,44240.0,36423.91,7816.09,17.67,Ahmedabad,West,Corporate,UPI,No,Enterprise,False
ORD-14890,2024-01-30,January,Q1,Smart TVs,Entertainment,Sony,78000.0,5,74100.0,3,222300.0,143224.02,79075.98,35.57,Kolkata,East,Online,Credit Card,No,Enterprise,False
ORD-14891,2024-12-20,December,Q4,Cameras,Imaging,Fujifilm,105900.0,5,100605.0,3,301815.0,209396.91,92418.09,30.62,Hyderabad,South,Online,EMI,No,Enterprise,True
ORD-14892,2024-02-14,February,Q1,Tablets,Mobile,Lenovo,47200.0,25,35400.0,1,35400.0,33527.54,1872.46,5.29,Chennai,South,Online,EMI,No,Enterprise,False
ORD-14893,2024-08-22,August,Q3,Tablets,Mobile,Huawei,31100.0,15,26435.0,3,79305.0,58157.34,21147.66,26.67,Bangalore,South,Corporate,EMI,No,Student,False
ORD-14894,2024-11-19,November,Q4,Smartphones,Mobile,Apple,72200.0,5,68590.0,5,342950.0,214000.9,128949.1,37.6,Kolkata,East,Retail Store,Debit Card,No,Enterprise,True
ORD-14895,2024-02-18,February,Q1,Smartphones,Mobile,Vivo,26100.0,20,20880.0,4,83520.0,67215.24,16304.76,19.52,Delhi,North,Retail Store,EMI,No,Individual,False
ORD-14896,2024-01-07,January,Q1,Smart TVs,Entertainment,Samsung,21500.0,25,16125.0,2,32250.0,25761.38,6488.62,20.12,Jaipur,North,Online,Debit Card,No,Student,False
ORD-14897,2024-04-11,April,Q2,Tablets,Mobile,Samsung,20600.0,25,15450.0,1,15450.0,11374.35,4075.65,26.38,Kolkata,East,Online,Cash,No,Individual,False
ORD-14898,2024-09-13,September,Q3,Headphones,Audio,Sennheiser,13000.0,20,10400.0,1,10400.0,8445.79,1954.21,18.79,Lucknow,North,Retail Store,Credit Card,Yes,Enterprise,False
ORD-14899,2024-09-13,September,Q3,Air Purifiers,Home Tech,Xiaomi,21300.0,20,17040.0,3,51120.0,41242.2,9877.8,19.32,Delhi,North,Online,Debit Card,No,Enterprise,False
ORD-14900,2024-08-01,August,Q3,Laptops,Computing,Apple,30100.0,15,25585.0,2,51170.0,40200.42,10969.58,21.44,Bangalore,South,Distributor,Debit Card,No,Enterprise,False
ORD-14901,2024-02-19,February,Q1,Smartphones,Mobile,Vivo,69900.0,30,48930.0,1,48930.0,48548.39,381.61,0.78,Chennai,South,Corporate,EMI,No,Student,False
ORD-14902,2024-07-19,July,Q3,Routers,Networking,D-Link,8600.0,25,6450.0,5,32250.0,32099.65,150.35,0.47,Lucknow,North,Retail Store,UPI,No,Small Business,False
ORD-14903,2024-07-16,July,Q3,Smartwatches,Wearables,Apple,29400.0,0,29400.0,4,117600.0,85336.0,32264.0,27.44,Bangalore,South,Online,UPI,No,Individual,False
ORD-14904,2024-08-14,August,Q3,Cameras,Imaging,Sony,127800.0,30,89460.0,1,89460.0,75988.74,13471.26,15.06,Pune,West,Online,Debit Card,No,Student,False
ORD-14905,2024-08-11,August,Q3,Smartphones,Mobile,Apple,59300.0,25,44475.0,4,177900.0,166188.56,11711.44,6.58,Kolkata,East,Distributor,UPI,No,Enterprise,False
ORD-14906,2024-11-19,November,Q4,Gaming Consoles,Gaming,Sony,46400.0,20,37120.0,3,111360.0,89863.44,21496.56,19.3,Hyderabad,South,Distributor,UPI,Yes,Student,True
ORD-14907,2024-07-22,July,Q3,Laptops,Computing,HP,91000.0,20,72800.0,4,291200.0,232861.28,58338.72,20.03,Ahmedabad,West,Online,UPI,No,Small Business,False
ORD-14908,2024-06-20,June,Q2,Headphones,Audio,JBL,10400.0,0,10400.0,2,20800.0,15570.9,5229.1,25.14,Chennai,South,Corporate,UPI,No,Small Business,False
ORD-14909,2024-12-16,December,Q4,Headphones,Audio,Apple,20700.0,25,15525.0,1,15525.0,13771.22,1753.78,11.3,Lucknow,North,Retail Store,Credit Card,Yes,Individual,True
ORD-14910,2024-04-01,April,Q2,Smartphones,Mobile,Samsung,45400.0,10,40860.0,3,122580.0,90626.88,31953.12,26.07,Mumbai,West,Online,Net Banking,No,Small Business,False
ORD-14911,2024-05-23,May,Q2,Laptops,Computing,Asus,28000.0,15,23800.0,1,23800.0,19411.79,4388.21,18.44,Bangalore,South,Distributor,EMI,No,Small Business,False
ORD-14912,2024-02-09,February,Q1,Smart TVs,Entertainment,Samsung,166200.0,5,157890.0,2,315780.0,203516.64,112263.36,35.55,Hyderabad,South,Distributor,Credit Card,No,Student,False
ORD-14913,2024-07-20,July,Q3,Tablets,Mobile,Samsung,48000.0,30,33600.0,2,67200.0,69741.56,-2541.56,-3.78,Lucknow,North,Distributor,Debit Card,No,Enterprise,False
ORD-14914,2024-03-13,March,Q1,Gaming Consoles,Gaming,Sony,23400.0,30,16380.0,1,16380.0,13354.93,3025.07,18.47,Bangalore,South,Retail Store,UPI,No,Individual,False
ORD-14915,2024-12-28,December,Q4,Smartwatches,Wearables,Apple,40800.0,30,28560.0,6,171360.0,151143.66,20216.34,11.8,Mumbai,West,Retail Store,Credit Card,No,Small Business,True
ORD-14916,2024-02-11,February,Q1,Smart TVs,Entertainment,LG,65700.0,0,65700.0,4,262800.0,179357.72,83442.28,31.75,Hyderabad,South,Retail Store,EMI,No,Student,False
ORD-14917,2024-12-23,December,Q4,Smartwatches,Wearables,Apple,28000.0,15,23800.0,1,23800.0,16361.52,7438.48,31.25,Delhi,North,Online,Credit Card,Yes,Enterprise,True
ORD-14918,2024-12-19,December,Q4,Routers,Networking,D-Link,11900.0,15,10115.0,3,30345.0,20798.16,9546.84,31.46,Chennai,South,Retail Store,Credit Card,No,Student,True
ORD-14919,2024-02-19,February,Q1,Air Purifiers,Home Tech,Dyson,11200.0,20,8960.0,3,26880.0,22449.72,4430.28,16.48,Chennai,South,Distributor,Debit Card,No,Individual,False
ORD-14920,2024-09-09,September,Q3,Cameras,Imaging,Fujifilm,8100.0,30,5670.0,4,22680.0,22693.68,-13.68,-0.06,Ahmedabad,West,Retail Store,UPI,No,Student,False
ORD-14921,2024-10-22,October,Q4,Cameras,Imaging,Nikon,112600.0,10,101340.0,1,101340.0,69515.49,31824.51,31.4,Ahmedabad,West,Retail Store,EMI,Yes,Individual,True
ORD-14922,2024-12-24,December,Q4,Smartphones,Mobile,Apple,51700.0,15,43945.0,1,43945.0,33612.36,10332.64,23.51,Mumbai,West,Retail Store,EMI,No,Enterprise,True
ORD-14923,2024-10-15,October,Q4,Headphones,Audio,Apple,2600.0,30,1820.0,2,3640.0,3749.56,-109.56,-3.01,Kolkata,East,Retail Store,Debit Card,No,Student,True
ORD-14924,2024-12-22,December,Q4,Headphones,Audio,Apple,17900.0,25,13425.0,1,13425.0,10483.73,2941.27,21.91,Chennai,South,Retail Store,UPI,No,Student,True
ORD-14925,2024-09-13,September,Q3,Air Purifiers,Home Tech,Dyson,27700.0,5,26315.0,1,26315.0,17841.22,8473.78,32.2,Pune,West,Corporate,Debit Card,No,Enterprise,False
ORD-14926,2024-05-26,May,Q2,Smartwatches,Wearables,Noise,32200.0,15,27370.0,1,27370.0,23421.15,3948.85,14.43,Chennai,South,Online,UPI,No,Student,False
ORD-14927,2024-05-27,May,Q2,Smart TVs,Entertainment,Sony,183500.0,0,183500.0,1,183500.0,109090.74,74409.26,40.55,Bangalore,South,Online,Net Banking,No,Enterprise,False
ORD-14928,2024-02-08,February,Q1,Tablets,Mobile,Apple,31100.0,10,27990.0,2,55980.0,43570.66,12409.34,22.17,Pune,West,Retail Store,UPI,No,Enterprise,False
ORD-14929,2024-07-08,July,Q3,Air Purifiers,Home Tech,Philips,8400.0,30,5880.0,1,5880.0,5577.78,302.22,5.14,Kolkata,East,Retail Store,UPI,No,Student,False
ORD-14930,2024-08-12,August,Q3,Cameras,Imaging,Canon,36600.0,20,29280.0,1,29280.0,21244.26,8035.74,27.44,Jaipur,North,Online,Net Banking,No,Small Business,False
ORD-14931,2024-05-10,May,Q2,Smartwatches,Wearables,Boat,35100.0,25,26325.0,2,52650.0,46025.62,6624.38,12.58,Kolkata,East,Online,Debit Card,No,Small Business,False
ORD-14932,2024-11-02,November,Q4,Gaming Consoles,Gaming,Microsoft,41400.0,20,33120.0,2,66240.0,49590.78,16649.22,25.13,Chennai,South,Distributor,Debit Card,No,Small Business,True
ORD-14933,2024-04-10,April,Q2,Routers,Networking,D-Link,12500.0,20,10000.0,1,10000.0,8155.92,1844.08,18.44,Jaipur,North,Retail Store,Credit Card,No,Small Business,False
ORD-14934,2024-06-25,June,Q2,Routers,Networking,TP-Link,14400.0,5,13680.0,1,13680.0,9524.99,4155.01,30.37,Kolkata,East,Corporate,UPI,Yes,Enterprise,False
ORD-14935,2024-04-02,April,Q2,Tablets,Mobile,Apple,26600.0,15,22610.0,1,22610.0,18929.99,3680.01,16.28,Lucknow,North,Distributor,Debit Card,No,Student,False
ORD-14936,2024-04-29,April,Q2,Smartwatches,Wearables,Samsung,6500.0,20,5200.0,2,10400.0,8509.2,1890.8,18.18,Kolkata,East,Corporate,UPI,No,Student,False
ORD-14937,2024-01-16,January,Q1,Smart TVs,Entertainment,LG,186900.0,5,177555.0,4,710220.0,500033.04,210186.96,29.59,Lucknow,North,Retail Store,UPI,No,Small Business,False
ORD-14938,2024-03-19,March,Q1,Cameras,Imaging,Fujifilm,34300.0,0,34300.0,1,34300.0,25027.07,9272.93,27.03,Ahmedabad,West,Retail Store,Credit Card,Yes,Student,False
ORD-14939,2024-08-14,August,Q3,Smart TVs,Entertainment,Mi,104200.0,20,83360.0,1,83360.0,78063.97,5296.03,6.35,Lucknow,North,Online,Debit Card,No,Student,False
ORD-14940,2024-09-13,September,Q3,Gaming Consoles,Gaming,Nintendo,28000.0,0,28000.0,1,28000.0,17424.68,10575.32,37.77,Ahmedabad,West,Online,Debit Card,No,Enterprise,False
ORD-14941,2024-03-12,March,Q1,Cameras,Imaging,Canon,15900.0,5,15105.0,2,30210.0,19026.66,11183.34,37.02,Hyderabad,South,Corporate,Debit Card,No,Student,False
ORD-14942,2024-06-28,June,Q2,Laptops,Computing,Apple,76000.0,30,53200.0,1,53200.0,51005.91,2194.09,4.12,Lucknow,North,Retail Store,Credit Card,No,Small Business,False
ORD-14943,2024-03-13,March,Q1,Gaming Consoles,Gaming,Microsoft,20800.0,5,19760.0,3,59280.0,46106.28,13173.72,22.22,Ahmedabad,West,Online,Credit Card,No,Enterprise,False
ORD-14944,2024-08-31,August,Q3,Tablets,Mobile,Huawei,43000.0,20,34400.0,1,34400.0,26426.1,7973.9,23.18,Mumbai,West,Retail Store,Debit Card,No,Enterprise,False
ORD-14945,2024-04-26,April,Q2,Routers,Networking,Asus,8300.0,30,5810.0,1,5810.0,5879.85,-69.85,-1.2,Mumbai,West,Retail Store,EMI,No,Student,False
ORD-14946,2024-08-10,August,Q3,Gaming Consoles,Gaming,Sony,47400.0,10,42660.0,7,298620.0,225283.72999999998,73336.27,24.56,Pune,West,Retail Store,Cash,No,Enterprise,False
ORD-14947,2024-11-11,November,Q4,Smartphones,Mobile,OnePlus,44200.0,15,37570.0,1,37570.0,30919.13,6650.87,17.7,Pune,West,Retail Store,Credit Card,No,Enterprise,True
ORD-14948,2024-06-13,June,Q2,Smart TVs,Entertainment,OnePlus,170600.0,20,136480.0,1,136480.0,113119.26,23360.74,17.12,Delhi,North,Retail Store,Credit Card,No,Student,False
ORD-14949,2024-08-21,August,Q3,Tablets,Mobile,Apple,18000.0,25,13500.0,1,13500.0,11445.41,2054.59,15.22,Kolkata,East,Retail Store,UPI,Yes,Small Business,False
ORD-14950,2024-05-01,May,Q2,Smartphones,Mobile,Samsung,18600.0,0,18600.0,4,74400.0,42940.88,31459.12,42.28,Pune,West,Retail Store,EMI,No,Student,False
ORD-14951,2024-11-09,November,Q4,Air Purifiers,Home Tech,Sharp,29300.0,5,27835.0,1,27835.0,21133.42,6701.58,24.08,Mumbai,West,Distributor,UPI,No,Student,True
ORD-14952,2024-11-28,November,Q4,Gaming Consoles,Gaming,Nintendo,20300.0,15,17255.0,2,34510.0,26517.66,7992.34,23.16,Delhi,North,Online,Net Banking,No,Enterprise,True
ORD-14953,2024-01-04,January,Q1,Smartphones,Mobile,Samsung,37000.0,30,25900.0,1,25900.0,26050.16,-150.16,-0.58,Lucknow,North,Retail Store,Net Banking,No,Enterprise,False
ORD-14954,2024-10-18,October,Q4,Smart TVs,Entertainment,Mi,180300.0,5,171285.0,2,342570.0,260710.22,81859.78,23.9,Hyderabad,South,Online,Credit Card,No,Small Business,True
ORD-14955,2024-04-18,April,Q2,Tablets,Mobile,Apple,14800.0,25,11100.0,2,22200.0,22037.66,162.34,0.73,Lucknow,North,Online,EMI,No,Enterprise,False
ORD-14956,2024-12-01,December,Q4,Laptops,Computing,Asus,63200.0,20,50560.0,5,252800.0,186381.55,66418.45,26.27,Mumbai,West,Online,UPI,No,Enterprise,True
ORD-14957,2024-10-27,October,Q4,Smartphones,Mobile,Xiaomi,9000.0,25,6750.0,2,13500.0,12273.48,1226.52,9.09,Kolkata,East,Retail Store,Debit Card,No,Student,True
ORD-14958,2024-04-16,April,Q2,Cameras,Imaging,Canon,100400.0,0,100400.0,2,200800.0,142882.42,57917.58,28.84,Jaipur,North,Distributor,UPI,No,Individual,False
ORD-14959,2024-02-02,February,Q1,Air Purifiers,Home Tech,Philips,39400.0,25,29550.0,2,59100.0,49261.9,9838.1,16.65,Lucknow,North,Online,Credit Card,No,Enterprise,False
ORD-14960,2024-03-08,March,Q1,Routers,Networking,D-Link,13400.0,30,9380.0,1,9380.0,8762.11,617.89,6.59,Lucknow,North,Distributor,EMI,No,Small Business,False
ORD-14961,2024-01-04,January,Q1,Tablets,Mobile,Lenovo,12800.0,5,12160.0,5,60800.0,36156.4,24643.6,40.53,Pune,West,Online,Credit Card,No,Small Business,False
ORD-14962,2024-02-24,February,Q1,Gaming Consoles,Gaming,Sony,25200.0,15,21420.0,1,21420.0,14129.01,7290.99,34.04,Jaipur,North,Online,Net Banking,No,Enterprise,False
ORD-14963,2024-05-14,May,Q2,Gaming Consoles,Gaming,Nintendo,22400.0,10,20160.0,5,100800.0,67700.4,33099.6,32.84,Mumbai,West,Retail Store,UPI,Yes,Student,False
ORD-14964,2024-06-29,June,Q2,Headphones,Audio,Sennheiser,2200.0,30,1540.0,2,3080.0,2584.34,495.66,16.09,Ahmedabad,West,Retail Store,Cash,No,Enterprise,False
ORD-14965,2024-05-09,May,Q2,Routers,Networking,D-Link,5300.0,15,4505.0,2,9010.0,5908.3,3101.7,34.43,Kolkata,East,Online,UPI,No,Individual,False
ORD-14966,2024-07-09,July,Q3,Cameras,Imaging,Canon,91000.0,10,81900.0,2,163800.0,110008.64,53791.36,32.84,Kolkata,East,Distributor,Credit Card,No,Small Business,False
ORD-14967,2024-12-10,December,Q4,Smart TVs,Entertainment,Samsung,24700.0,15,20995.0,1,20995.0,16689.17,4305.83,20.51,Kolkata,East,Retail Store,UPI,Yes,Enterprise,True
ORD-14968,2024-01-15,January,Q1,Smartwatches,Wearables,Boat,2400.0,20,1920.0,5,9600.0,8646.15,953.85,9.94,Pune,West,Retail Store,Credit Card,No,Small Business,False
ORD-14969,2024-08-31,August,Q3,Gaming Consoles,Gaming,Nintendo,53900.0,20,43120.0,1,43120.0,30682.25,12437.75,28.84,Lucknow,North,Online,UPI,No,Individual,False
ORD-14970,2024-12-26,December,Q4,Smart TVs,Entertainment,Samsung,175900.0,0,175900.0,2,351800.0,242313.24,109486.76,31.12,Lucknow,North,Retail Store,Cash,No,Individual,True
ORD-14971,2024-10-30,October,Q4,Laptops,Computing,Dell,38100.0,15,32385.0,3,97155.0,83588.01,13566.99,13.96,Hyderabad,South,Retail Store,Cash,No,Enterprise,True
ORD-14972,2024-04-05,April,Q2,Headphones,Audio,Boat,4600.0,0,4600.0,1,4600.0,2598.33,2001.67,43.51,Lucknow,North,Online,Credit Card,No,Small Business,False
ORD-14973,2024-04-30,April,Q2,Air Purifiers,Home Tech,Sharp,11700.0,25,8775.0,2,17550.0,17230.84,319.16,1.82,Delhi,North,Distributor,Cash,No,Individual,False
ORD-14974,2024-11-09,November,Q4,Routers,Networking,Netgear,2400.0,10,2160.0,1,2160.0,1497.6,662.4,30.67,Bangalore,South,Online,Credit Card,No,Individual,True
ORD-14975,2024-04-16,April,Q2,Headphones,Audio,Sennheiser,5800.0,5,5510.0,2,11020.0,8091.72,2928.28,26.57,Bangalore,South,Retail Store,UPI,No,Enterprise,False
ORD-14976,2024-08-01,August,Q3,Smartwatches,Wearables,Noise,43500.0,20,34800.0,1,34800.0,27341.37,7458.63,21.43,Jaipur,North,Online,Debit Card,No,Individual,False
ORD-14977,2024-01-17,January,Q1,Smartphones,Mobile,OnePlus,73300.0,20,58640.0,1,58640.0,49955.33,8684.67,14.81,Chennai,South,Retail Store,Credit Card,No,Individual,False
ORD-14978,2024-02-17,February,Q1,Smartwatches,Wearables,Garmin,11100.0,20,8880.0,4,35520.0,33188.8,2331.2,6.56,Pune,West,Retail Store,UPI,No,Student,False
ORD-14979,2024-08-20,August,Q3,Gaming Consoles,Gaming,Nintendo,48000.0,20,38400.0,3,115200.0,105880.26,9319.74,8.09,Delhi,North,Distributor,EMI,Yes,Individual,False
ORD-14980,2024-06-26,June,Q2,Laptops,Computing,Lenovo,50800.0,15,43180.0,2,86360.0,57762.78,28597.22,33.11,Lucknow,North,Retail Store,Credit Card,No,Individual,False
ORD-14981,2024-01-19,January,Q1,Smartphones,Mobile,Xiaomi,74100.0,15,62985.0,1,62985.0,53254.41,9730.59,15.45,Kolkata,East,Online,Credit Card,No,Enterprise,False
ORD-14982,2024-12-07,December,Q4,Smartwatches,Wearables,Samsung,35300.0,25,26475.0,1,26475.0,24250.96,2224.04,8.4,Chennai,South,Retail Store,EMI,No,Enterprise,True
ORD-14983,2024-11-05,November,Q4,Gaming Consoles,Gaming,Microsoft,41600.0,0,41600.0,3,124800.0,72850.35,51949.65,41.63,Chennai,South,Online,Cash,No,Small Business,True
ORD-14984,2024-10-14,October,Q4,Laptops,Computing,Asus,42200.0,15,35870.0,6,215220.0,160986.59999999998,54233.4,25.2,Hyderabad,South,Retail Store,Credit Card,No,Student,True
ORD-14985,2024-02-19,February,Q1,Headphones,Audio,Sennheiser,22200.0,20,17760.0,1,17760.0,14504.26,3255.74,18.33,Kolkata,East,Online,Credit Card,Yes,Enterprise,False
ORD-14986,2024-04-15,April,Q2,Smart TVs,Entertainment,Sony,136800.0,0,136800.0,5,684000.0,462376.9,221623.1,32.4,Delhi,North,Retail Store,UPI,No,Individual,False
ORD-14987,2024-08-15,August,Q3,Smartphones,Mobile,Apple,42900.0,10,38610.0,1,38610.0,27668.97,10941.03,28.34,Hyderabad,South,Online,Net Banking,No,Small Business,False
ORD-14988,2024-08-16,August,Q3,Tablets,Mobile,Apple,21300.0,20,17040.0,2,34080.0,31003.3,3076.7,9.03,Delhi,North,Retail Store,Credit Card,No,Student,False
ORD-14989,2024-10-12,October,Q4,Tablets,Mobile,Apple,27300.0,20,21840.0,2,43680.0,33755.08,9924.92,22.72,Jaipur,North,Corporate,Cash,No,Small Business,True
ORD-14990,2024-03-02,March,Q1,Smart TVs,Entertainment,Samsung,143800.0,25,107850.0,1,107850.0,93342.84,14507.16,13.45,Mumbai,West,Retail Store,Credit Card,No,Student,False
ORD-14991,2024-04-09,April,Q2,Gaming Consoles,Gaming,Microsoft,25300.0,25,18975.0,2,37950.0,32079.1,5870.9,15.47,Ahmedabad,West,Online,Credit Card,No,Individual,False
ORD-14992,2024-07-16,July,Q3,Laptops,Computing,Apple,110300.0,25,82725.0,2,165450.0,134088.14,31361.86,18.96,Bangalore,South,Online,UPI,No,Enterprise,False
ORD-14993,2024-05-13,May,Q2,Smartwatches,Wearables,Garmin,4900.0,25,3675.0,1,3675.0,2818.52,856.48,23.31,Delhi,North,Online,UPI,Yes,Small Business,False
ORD-14994,2024-06-08,June,Q2,Routers,Networking,Asus,1100.0,15,935.0,1,935.0,790.88,144.12,15.41,Delhi,North,Retail Store,UPI,No,Student,False
ORD-14995,2024-05-08,May,Q2,Gaming Consoles,Gaming,Sony,30700.0,10,27630.0,2,55260.0,36377.6,18882.4,34.17,Chennai,South,Retail Store,Net Banking,No,Individual,False
ORD-14996,2024-02-19,February,Q1,Smartwatches,Wearables,Noise,28200.0,10,25380.0,1,25380.0,17965.54,7414.46,29.21,Delhi,North,Online,Cash,Yes,Enterprise,False
ORD-14997,2024-08-30,August,Q3,Smart TVs,Entertainment,LG,102900.0,20,82320.0,4,329280.0,248617.0,80663.0,24.5,Lucknow,North,Online,UPI,No,Individual,False
ORD-14998,2024-01-08,January,Q1,Gaming Consoles,Gaming,Sony,37000.0,20,29600.0,1,29600.0,23120.11,6479.89,21.89,Delhi,North,Retail Store,UPI,No,Enterprise,False
ORD-14999,2024-10-25,October,Q4,Smartwatches,Wearables,Apple,13700.0,30,9590.0,1,9590.0,9427.17,162.83,1.7,Pune,West,Online,EMI,No,Small Business,True
